age,gender,physical_activity_level,diet_type,bmi,caffeine_intake_mg,water_intake_liters,screen_time_hours,daily_steps,calories_burned,resting_heart_rate,deep_sleep_hours,sleep_quality_score,daily_stress_level,sleep_deviation
56,Female,Low,Healthy,25.1,99.0,1.6,3.9,4731,1697,74.0,1.5,4.0,Low,1.4000000000000004
69,Male,Low,Average,25.8,104.0,2.2,3.9,4440,1377,70.0,2.4,5.3,Low,0.0
46,Male,Low,Average,24.0,188.0,1.4,5.5,5023,1289,72.0,1.9,5.0,Medium,0.1999999999999993
32,Female,Medium,Healthy,25.5,124.0,3.1,9.8,6082,1683,69.0,2.5,3.9,Low,0.5999999999999996
25,Male,Medium,Unhealthy,27.6,142.0,3.1,8.4,8499,1736,66.0,2.5,3.7,Medium,0.40000000000000036
38,Female,Medium,Unhealthy,27.8,111.0,1.5,10.9,6067,1688,69.0,1.3,3.3,Medium,1.2999999999999998
56,Male,High,Healthy,27.9,404.0,3.6,7.4,15299,1968,67.0,1.7,3.3,Low,2.5999999999999996
36,Female,High,Unhealthy,24.4,373.0,3.5,5.1,8250,1289,70.0,1.4,5.2,Low,0.1999999999999993
28,Male,High,Unhealthy,20.7,320.0,2.1,6.9,13548,1550,51.0,1.6,4.4,Medium,0.7999999999999998
28,Female,Medium,Average,30.1,230.0,2.2,11.3,9388,1501,69.0,1.6,3.7,Medium,0.20000000000000018
41,Male,Medium,Average,17.5,68.0,1.3,2.7,9993,1291,50.0,2.1,4.7,Low,0.40000000000000036
53,Male,Low,Healthy,24.7,398.0,2.3,9.8,6114,1426,77.0,1.2,3.8,Medium,0.5
57,Male,Medium,Healthy,29.6,252.0,2.9,2.6,8537,1935,76.0,2.5,5.4,Low,0.5999999999999996
41,Male,Medium,Healthy,19.5,12.0,2.1,9.0,4533,1286,62.0,1.2,3.7,Low,1.7000000000000002
20,Female,Medium,Unhealthy,26.6,62.0,1.1,6.0,4477,1284,72.0,2.3,5.5,Low,0.7999999999999998
39,Male,Medium,Healthy,22.3,10.0,3.1,11.6,5470,1229,64.0,1.8,4.4,Medium,1.7000000000000002
19,Male,Medium,Healthy,23.5,0.0,1.9,8.7,9440,1367,56.0,1.8,4.6,Low,0.09999999999999964
41,Male,Medium,Unhealthy,28.8,258.0,2.0,8.4,5182,1541,77.0,1.9,4.1,Low,1.5
61,Female,Medium,Healthy,25.8,14.0,3.8,4.6,7531,1540,62.0,1.8,5.2,Low,0.09999999999999964
47,Female,Medium,Unhealthy,17.5,86.0,2.8,11.5,7155,1385,55.0,2.0,3.2,Medium,1.0999999999999996
55,Male,High,Average,21.1,205.0,1.9,14.0,15082,1539,51.0,0.8,1.5,Medium,2.9000000000000004
19,Male,High,Healthy,28.9,171.0,1.5,12.0,16145,2268,63.0,2.2,3.7,Medium,1.7000000000000002
38,Male,Medium,Healthy,26.8,92.0,3.3,4.5,8189,1719,67.0,1.3,5.1,Low,0.5999999999999996
50,Male,Low,Average,32.0,427.0,3.2,6.5,5202,2085,82.0,1.6,4.4,High,1.7999999999999998
29,Female,High,Unhealthy,31.7,0.0,2.1,4.0,10698,1942,68.0,1.7,5.1,Low,0.1999999999999993
39,Female,Low,Unhealthy,23.6,0.0,1.5,5.5,5531,1238,63.0,1.8,4.5,Medium,0.09999999999999964
61,Male,High,Average,35.0,268.0,2.8,7.7,14394,2354,78.0,1.7,5.3,Low,0.0
42,Male,Low,Average,25.1,106.0,3.0,8.8,5139,1139,70.0,2.5,4.1,Medium,0.9000000000000004
66,Male,Medium,Average,21.1,100.0,2.2,8.3,6965,1365,54.0,1.2,3.1,Medium,1.0
44,Female,Medium,Average,22.5,38.0,1.6,2.7,3898,1394,64.0,1.5,5.3,Low,0.09999999999999964
59,Male,Medium,Average,17.5,250.0,2.5,6.9,9331,1467,62.0,2.2,4.0,Medium,1.7000000000000002
45,Other,Medium,Healthy,31.4,233.0,2.9,8.3,7713,1959,76.0,1.2,3.6,Medium,1.0999999999999996
33,Female,Medium,Average,31.4,217.0,2.1,9.4,10403,1957,69.0,1.2,3.4,Medium,1.0999999999999996
32,Male,Medium,Average,20.9,112.0,2.7,8.1,8843,1786,60.0,1.8,4.0,Medium,1.0
68,Female,Medium,Average,25.4,175.0,3.4,6.4,10541,1479,60.0,1.4,4.6,Low,0.5
61,Female,Low,Average,21.2,344.0,2.2,7.7,3627,1198,67.0,1.8,3.6,Medium,2.3
69,Male,Medium,Average,18.0,435.0,1.6,13.5,4830,824,66.0,1.0,1.9,High,2.9000000000000004
20,Male,Low,Average,24.2,366.0,2.4,10.0,2692,1070,82.0,1.3,3.3,High,1.9000000000000004
54,Female,Medium,Average,23.7,275.0,3.9,7.9,6124,1478,71.0,2.1,4.9,Medium,0.5
68,Female,Medium,Average,23.4,347.0,1.1,8.8,6957,1183,71.0,1.8,2.6,Medium,2.7
24,Female,Medium,Unhealthy,25.9,22.0,0.6,7.2,7749,1481,62.0,2.0,4.4,Medium,0.0
38,Female,Medium,Average,30.7,92.0,2.4,7.2,8635,1646,73.0,2.3,4.2,Low,0.1999999999999993
26,Female,Medium,Average,23.8,278.0,2.2,9.4,10748,1647,60.0,1.7,3.6,Medium,1.4000000000000004
56,Female,High,Average,25.7,182.0,2.3,5.5,11387,1598,61.0,1.2,3.7,Low,1.2999999999999998
35,Male,High,Average,27.9,250.0,2.3,6.7,9834,1894,70.0,1.4,3.1,Low,2.0
21,Female,Medium,Healthy,27.2,346.0,3.3,3.6,9661,1836,69.0,2.4,5.8,Low,0.6999999999999993
42,Female,Medium,Average,22.5,323.0,2.5,8.9,10664,1290,65.0,0.9,2.2,Low,2.5
31,Female,Medium,Average,25.4,36.0,3.2,9.7,7019,1734,65.0,1.2,3.5,Low,1.5
67,Female,Low,Average,27.2,201.0,0.5,8.5,5561,1548,77.0,1.6,3.1,High,2.8
26,Male,Medium,Average,20.5,61.0,2.1,6.4,9540,1161,57.0,0.9,2.9,Low,2.5
43,Female,High,Average,30.1,83.0,1.8,6.9,8874,1934,66.0,1.5,4.7,Medium,0.09999999999999964
19,Female,Medium,Healthy,30.7,0.0,0.7,7.4,6726,2156,70.0,1.3,4.0,Low,1.2999999999999998
37,Male,Medium,Average,22.1,220.0,2.6,9.7,7046,1347,64.0,1.2,3.6,Low,0.7999999999999998
45,Male,Low,Average,25.8,0.0,2.4,9.6,6982,1239,68.0,2.1,3.7,Low,1.2999999999999998
64,Male,Low,Average,27.6,259.0,2.1,3.4,4762,1755,81.0,2.1,5.3,Low,0.09999999999999964
24,Male,Low,Average,22.8,403.0,2.4,4.8,3244,1584,71.0,1.2,4.3,Medium,1.5
61,Male,Medium,Healthy,26.9,279.0,2.6,8.1,6605,1393,71.0,1.3,3.2,Low,0.5999999999999996
25,Male,Medium,Average,25.7,207.0,3.3,3.7,4860,1320,76.0,1.7,4.3,Low,1.5999999999999996
64,Female,Medium,Average,19.1,430.0,3.0,9.3,10132,1367,61.0,1.5,3.8,Medium,2.4000000000000004
52,Female,Medium,Average,26.8,249.0,2.8,6.3,8791,1304,68.0,1.8,4.4,Medium,1.9000000000000004
31,Female,Medium,Average,20.6,70.0,4.3,8.8,9238,1815,58.0,1.9,3.9,Low,1.5999999999999996
34,Female,Medium,Average,28.8,218.0,1.9,7.1,5428,1646,71.0,1.9,3.9,Low,2.5
53,Male,Medium,Average,22.3,493.0,1.4,6.8,9471,1502,69.0,1.7,4.7,Medium,2.5
67,Male,Medium,Average,24.4,36.0,3.4,4.3,7523,1592,64.0,1.3,4.3,Low,1.2999999999999998
57,Female,Medium,Healthy,30.5,0.0,4.0,5.6,6545,1735,72.0,1.5,5.0,Low,0.9000000000000004
21,Male,High,Average,27.0,292.0,2.0,6.7,15539,1868,63.0,1.2,4.6,Low,0.9000000000000004
19,Other,Low,Healthy,20.7,166.0,3.6,6.6,2199,934,69.0,2.1,4.4,Low,1.2999999999999998
23,Female,Low,Unhealthy,20.9,120.0,2.1,8.8,4268,980,66.0,2.2,3.5,Medium,0.5999999999999996
21,Other,Medium,Healthy,26.6,0.0,3.0,6.9,10145,2006,55.0,2.2,5.0,Low,0.5
46,Male,Low,Average,26.4,0.0,2.0,10.8,5337,1723,71.0,2.2,3.6,High,0.5999999999999996
35,Male,Medium,Unhealthy,21.6,442.0,4.0,9.1,8181,1349,69.0,2.1,5.0,Low,1.2999999999999998
43,Female,Medium,Average,20.3,198.0,4.1,7.3,8561,1318,62.0,1.9,3.8,Medium,1.2000000000000002
61,Male,Medium,Average,26.1,0.0,1.7,3.4,9197,1996,63.0,2.0,4.9,Low,0.2999999999999998
51,Female,Medium,Healthy,24.3,377.0,2.7,3.6,7981,1374,73.0,1.5,5.1,Low,0.7999999999999998
27,Male,Medium,Average,33.6,385.0,3.2,8.6,6364,1600,84.0,1.1,3.8,Medium,1.2000000000000002
53,Female,Low,Average,25.1,384.0,1.0,8.8,3275,1436,77.0,1.1,3.5,High,1.4000000000000004
31,Female,Low,Average,32.3,136.0,2.5,2.1,2169,1872,78.0,1.8,5.4,Low,0.40000000000000036
48,Female,Low,Average,20.3,159.0,1.2,8.7,5388,732,60.0,1.1,2.9,Medium,2.0
65,Male,Medium,Healthy,18.7,220.0,3.0,5.6,8795,1366,57.0,1.1,4.0,Low,0.5999999999999996
32,Male,Medium,Unhealthy,20.5,410.0,2.6,6.0,7153,1085,67.0,1.4,3.0,Medium,2.4000000000000004
31,Male,Medium,Healthy,32.0,86.0,1.2,8.8,8472,1881,71.0,2.4,3.6,Low,1.0
40,Female,Medium,Healthy,21.9,304.0,2.0,6.8,5174,1070,66.0,1.7,3.5,Low,2.5
57,Female,Medium,Average,23.2,381.0,2.9,8.7,5862,1040,74.0,1.2,2.4,Medium,2.2
38,Female,Low,Average,20.3,192.0,2.5,6.1,3970,1195,66.0,2.5,5.1,Low,0.0
33,Female,High,Average,17.8,300.0,3.5,5.0,21323,1734,50.0,1.9,4.7,Low,1.2999999999999998
62,Male,Medium,Healthy,27.9,216.0,3.4,10.1,8904,1407,68.0,1.5,3.6,Medium,1.0
35,Female,Medium,Unhealthy,25.9,162.0,3.4,10.3,8370,1348,67.0,0.9,3.5,Low,2.4000000000000004
64,Female,Medium,Unhealthy,25.0,75.0,2.1,5.4,5658,1569,69.0,1.5,4.1,Low,1.7999999999999998
43,Female,Medium,Unhealthy,31.6,107.0,1.7,9.2,10712,1479,65.0,2.1,4.7,Low,0.2999999999999998
42,Male,Low,Average,23.0,53.0,1.5,5.3,3307,1029,67.0,1.5,4.2,Low,0.7000000000000002
62,Male,High,Average,27.1,242.0,3.4,9.0,14211,1906,54.0,2.2,4.3,Medium,0.5999999999999996
58,Male,Medium,Unhealthy,19.2,382.0,1.6,4.4,9183,1411,66.0,2.3,4.6,Low,0.09999999999999964
46,Female,Low,Average,24.2,230.0,1.5,6.3,3369,1426,63.0,1.4,4.4,Medium,1.2999999999999998
32,Male,Low,Unhealthy,26.2,61.0,2.6,9.4,3238,1560,75.0,2.0,4.2,Medium,1.0999999999999996
62,Female,Medium,Average,26.3,328.0,2.3,4.6,4550,1352,76.0,2.0,5.0,Low,1.2999999999999998
18,Female,Medium,Average,25.6,244.0,2.4,5.5,5568,1538,67.0,2.0,5.0,Medium,1.5999999999999996
42,Male,Medium,Average,27.0,274.0,4.3,7.9,9173,1638,69.0,1.3,3.1,Medium,2.5999999999999996
24,Male,High,Average,20.5,122.0,1.7,2.5,12684,1420,50.0,2.5,5.2,Low,0.7000000000000002
26,Female,Medium,Average,25.8,370.0,2.9,7.2,9336,1361,70.0,2.6,5.0,Low,0.5
41,Male,Medium,Unhealthy,25.5,369.0,2.6,9.9,4830,1527,75.0,2.2,4.2,Medium,0.5
18,Female,Medium,Average,25.9,172.0,3.3,9.2,9622,1350,65.0,1.6,2.9,Low,2.2
61,Male,High,Healthy,25.3,307.0,1.9,6.9,13881,1586,59.0,2.5,4.8,Low,0.20000000000000018
25,Female,Medium,Healthy,19.9,365.0,2.3,7.1,5058,1334,72.0,1.1,3.7,Low,1.5999999999999996
41,Female,High,Unhealthy,19.7,130.0,2.6,10.7,17387,1647,50.0,2.5,4.2,Medium,0.3000000000000007
28,Male,Low,Average,17.5,187.0,1.4,10.4,1890,1160,64.0,1.5,2.5,High,1.5
68,Male,Medium,Average,28.3,211.0,1.1,6.8,10154,1753,67.0,2.1,3.4,Low,1.7000000000000002
34,Male,Medium,Unhealthy,28.3,35.0,2.5,5.4,7935,1621,67.0,1.3,4.6,Low,0.5
25,Male,High,Unhealthy,28.4,266.0,3.6,9.1,11319,2102,64.0,1.1,2.9,Medium,2.2
52,Female,Low,Average,26.2,353.0,2.2,9.8,6772,1500,67.0,1.4,3.4,High,1.5999999999999996
52,Female,Low,Healthy,17.5,178.0,2.3,10.4,4607,1115,63.0,2.2,3.6,Medium,1.7000000000000002
50,Male,Low,Average,20.9,250.0,3.4,8.5,5822,1245,67.0,1.7,3.9,Medium,1.5999999999999996
22,Female,Medium,Average,25.7,409.0,2.4,6.1,8865,1663,75.0,2.0,4.6,Low,1.9000000000000004
59,Female,Medium,Unhealthy,25.5,139.0,3.1,2.8,7567,1533,70.0,2.3,5.4,Low,1.2000000000000002
56,Male,High,Unhealthy,24.1,254.0,4.6,11.8,11387,1836,62.0,1.1,2.4,Medium,1.0
58,Male,Medium,Average,26.5,114.0,2.0,11.0,7637,1644,65.0,2.0,3.2,Medium,1.2999999999999998
45,Female,Low,Unhealthy,25.0,110.0,2.4,5.1,4245,1353,74.0,1.5,4.6,Low,0.9000000000000004
24,Female,Low,Healthy,25.5,251.0,2.8,7.5,5224,1534,70.0,1.6,3.7,Low,1.0
26,Female,Low,Average,22.4,236.0,3.7,6.4,3410,946,74.0,1.0,4.3,Medium,1.2000000000000002
25,Female,Medium,Average,28.9,283.0,2.4,7.2,9027,2008,67.0,1.9,4.7,Low,1.5
29,Male,High,Unhealthy,23.3,211.0,3.1,6.0,19035,1625,54.0,2.2,5.2,Low,1.0999999999999996
51,Female,High,Healthy,19.7,269.0,2.8,8.7,14474,1431,50.0,1.3,4.1,Medium,0.09999999999999964
50,Female,Medium,Average,21.9,449.0,2.4,4.2,4081,1167,71.0,2.3,5.8,Medium,0.5
65,Female,Low,Unhealthy,23.6,358.0,2.2,6.0,4072,1392,68.0,1.0,2.8,Medium,3.2
40,Male,Low,Average,29.0,250.0,2.0,9.2,3857,1928,77.0,2.2,4.6,Medium,1.7000000000000002
41,Male,Medium,Healthy,24.8,275.0,5.0,2.1,7747,1756,69.0,1.1,4.6,Low,0.9000000000000004
54,Male,High,Average,24.3,155.0,1.3,7.8,9212,1289,61.0,1.9,5.2,Low,0.5
52,Female,Low,Average,20.0,176.0,1.3,5.6,4414,999,63.0,3.0,4.9,Low,1.3000000000000007
61,Male,Low,Average,28.1,273.0,2.7,11.0,3202,1253,75.0,1.9,3.1,Medium,1.5999999999999996
57,Male,Medium,Unhealthy,22.4,213.0,2.7,7.8,7788,1171,65.0,1.7,3.7,Low,1.5
39,Male,Medium,Healthy,24.6,318.0,2.8,5.0,9896,1507,68.0,2.4,6.2,Low,0.5999999999999996
44,Male,Low,Unhealthy,30.9,390.0,1.8,10.6,2782,1918,86.0,2.4,3.3,Medium,1.2000000000000002
52,Female,High,Average,27.0,184.0,1.7,7.1,13692,1848,62.0,1.2,3.9,Medium,1.0999999999999996
18,Female,Low,Average,18.5,0.0,2.3,7.3,3696,1049,58.0,1.2,4.1,Medium,0.9000000000000004
54,Male,Low,Healthy,24.7,102.0,1.7,5.5,3334,1180,71.0,1.7,4.8,Low,0.5
64,Female,Low,Healthy,20.1,229.0,2.6,10.6,3415,1127,72.0,2.1,2.9,Low,1.5
31,Male,Medium,Unhealthy,27.6,309.0,2.1,8.4,11350,1883,71.0,1.5,4.3,Medium,1.0999999999999996
22,Male,Medium,Average,22.2,145.0,3.2,3.9,8209,1767,59.0,2.4,5.1,Low,0.7999999999999998
43,Male,Medium,Healthy,32.0,378.0,2.0,7.8,8145,1931,79.0,1.8,2.8,Low,1.7999999999999998
31,Female,Medium,Unhealthy,36.4,229.0,3.5,6.6,8960,2284,74.0,1.0,4.5,Low,1.5999999999999996
56,Female,Medium,Unhealthy,23.9,611.0,2.5,7.8,6734,1516,78.0,2.2,4.6,Medium,1.7999999999999998
44,Female,Low,Average,26.4,365.0,1.4,2.7,6102,1206,74.0,1.3,4.0,Medium,1.0999999999999996
26,Male,High,Average,25.4,173.0,2.9,5.7,11239,1227,68.0,1.7,4.8,Low,1.2000000000000002
32,Male,High,Average,24.0,81.0,1.9,4.5,13506,1515,55.0,1.4,3.3,Low,0.9000000000000004
32,Male,Low,Healthy,21.7,0.0,2.2,8.2,2220,1422,65.0,1.5,3.9,Low,0.7000000000000002
43,Other,Medium,Average,20.7,301.0,3.4,5.5,9794,1347,60.0,1.1,3.9,Medium,1.0999999999999996
59,Female,Medium,Healthy,20.5,351.0,1.5,8.2,6157,1426,65.0,2.0,3.6,Low,1.0
68,Male,Medium,Average,22.9,0.0,1.6,11.1,8529,1229,59.0,1.7,3.1,High,2.0999999999999996
49,Female,Medium,Unhealthy,17.5,11.0,1.5,7.1,8352,1504,50.0,1.7,4.9,Low,0.2999999999999998
66,Female,Low,Average,24.8,467.0,1.8,6.7,3093,1322,73.0,1.8,4.6,High,0.7999999999999998
69,Female,Medium,Average,30.4,191.0,2.3,9.3,10933,1741,69.0,2.5,5.6,Medium,0.5999999999999996
49,Female,Medium,Unhealthy,26.5,363.0,3.0,5.1,7232,1661,70.0,2.0,4.4,Low,1.7000000000000002
47,Male,Medium,Unhealthy,17.5,231.0,1.3,5.8,7613,1338,61.0,2.1,3.8,Medium,2.0
40,Female,Low,Average,22.5,378.0,1.9,4.0,2495,1540,77.0,2.2,5.1,High,0.1999999999999993
56,Male,High,Average,28.8,119.0,4.0,12.2,14321,2163,61.0,1.8,3.6,Medium,1.7000000000000002
62,Male,Medium,Average,25.0,451.0,2.2,3.6,8036,1734,69.0,1.1,4.0,Medium,1.5
32,Male,Medium,Unhealthy,29.5,153.0,2.4,8.8,8872,1740,69.0,2.2,5.2,Low,0.8000000000000007
60,Male,Medium,Average,19.7,39.0,0.7,5.4,8810,1301,57.0,1.5,4.4,Low,0.3000000000000007
46,Male,Medium,Healthy,28.9,44.0,1.6,7.6,6278,1758,71.0,2.3,5.2,Low,0.09999999999999964
53,Female,Low,Average,27.9,106.0,0.7,6.6,5959,1385,74.0,1.4,4.0,Medium,0.40000000000000036
30,Male,Medium,Average,17.5,255.0,2.7,4.9,7884,1415,61.0,2.4,5.8,Medium,0.20000000000000018
49,Male,Medium,Unhealthy,30.3,108.0,2.4,7.2,9460,1866,72.0,1.4,2.8,Medium,2.9000000000000004
24,Female,Medium,Average,25.4,76.0,3.0,6.0,5478,1527,72.0,1.3,3.8,Low,0.9000000000000004
68,Female,Medium,Average,26.6,333.0,3.1,8.4,7170,1313,73.0,1.6,3.0,Medium,2.0999999999999996
39,Female,Medium,Average,21.5,0.0,3.3,4.5,10157,1408,54.0,1.0,3.1,Low,1.7000000000000002
45,Male,Low,Healthy,30.1,135.0,2.3,8.2,6453,1935,73.0,0.9,3.5,Medium,2.3
19,Female,Medium,Average,20.3,0.0,2.6,9.2,8848,1452,55.0,1.3,4.2,Low,1.0999999999999996
59,Female,Medium,Average,28.3,69.0,3.0,6.7,7823,1893,72.0,1.4,4.0,Low,2.0
62,Male,Medium,Average,28.3,236.0,1.9,3.7,5875,1582,72.0,1.3,4.3,Low,1.0
23,Male,Medium,Unhealthy,21.1,169.0,1.7,11.3,9594,1464,62.0,1.9,2.5,Medium,1.9000000000000004
45,Female,Medium,Average,32.9,155.0,3.7,8.2,8613,1968,73.0,1.4,4.8,Medium,0.09999999999999964
61,Female,Low,Unhealthy,27.6,197.0,2.9,8.2,1400,1488,82.0,1.1,3.5,Medium,0.5999999999999996
61,Female,Low,Average,18.9,470.0,2.8,2.8,4525,1049,70.0,1.6,4.3,Low,2.0
37,Female,Medium,Average,33.5,306.0,1.6,9.9,6335,1416,82.0,2.0,4.5,Low,0.5999999999999996
47,Female,Low,Healthy,20.1,54.0,2.0,12.3,2440,1136,63.0,1.3,3.6,Low,0.9000000000000004
28,Male,Medium,Average,29.1,490.0,2.2,9.1,7791,1431,79.0,1.2,3.5,Medium,2.0
45,Male,Low,Unhealthy,21.0,241.0,2.7,4.5,4514,1368,71.0,1.8,3.4,Medium,2.0999999999999996
42,Male,Low,Average,22.5,480.0,2.8,2.0,6145,1537,76.0,2.4,5.3,Low,0.7999999999999998
56,Female,Low,Average,28.2,160.0,2.5,10.4,2773,1064,76.0,1.4,3.4,Medium,1.7000000000000002
50,Female,Medium,Average,29.1,240.0,2.7,6.6,8871,1869,78.0,1.5,3.0,Medium,1.7000000000000002
18,Female,High,Average,19.9,264.0,3.0,6.0,10920,1486,56.0,1.2,4.3,Low,0.40000000000000036
44,Male,Medium,Healthy,29.4,174.0,3.0,9.9,7009,1825,71.0,2.0,3.6,Low,1.7000000000000002
69,Female,Low,Unhealthy,29.2,390.0,3.7,5.5,4283,1384,80.0,1.9,3.7,High,1.4000000000000004
58,Male,Low,Average,31.4,0.0,2.5,7.1,1950,1396,75.0,1.6,4.0,Low,2.0
20,Female,Medium,Healthy,19.2,322.0,3.0,7.6,9026,1459,57.0,1.3,4.0,Low,0.2999999999999998
56,Female,High,Average,22.5,65.0,2.8,11.1,16223,1860,50.0,1.9,4.1,Medium,1.7999999999999998
23,Other,Medium,Healthy,26.9,0.0,2.6,5.8,12718,1787,58.0,1.1,4.2,Low,1.5
25,Male,Low,Average,21.6,277.0,1.8,5.5,4332,1338,74.0,1.6,3.8,Medium,1.5999999999999996
44,Female,Medium,Healthy,26.1,277.0,2.6,6.5,8347,1449,67.0,2.2,5.0,Low,0.5
54,Male,Medium,Average,24.3,255.0,3.4,9.3,5271,1658,68.0,1.1,4.0,Medium,1.5999999999999996
50,Female,Medium,Unhealthy,28.3,331.0,2.8,9.0,5408,1856,79.0,1.7,3.6,Medium,2.3
68,Female,Medium,Average,24.1,109.0,2.4,7.0,7834,1298,65.0,2.4,5.2,Low,0.0
59,Female,High,Unhealthy,25.9,239.0,2.2,4.7,7108,1455,72.0,1.3,3.4,Medium,2.0999999999999996
61,Male,Medium,Average,29.6,304.0,3.0,2.0,5738,1598,74.0,1.4,4.3,Low,0.5999999999999996
41,Female,High,Healthy,28.2,402.0,4.0,4.9,12507,1922,68.0,2.9,6.4,Low,0.8000000000000007
32,Male,Medium,Average,28.1,206.0,2.8,6.4,10017,1778,67.0,1.9,4.5,Low,1.2999999999999998
49,Female,Medium,Healthy,20.4,167.0,4.0,2.3,8518,1619,59.0,1.7,4.9,Low,1.2999999999999998
49,Male,Medium,Healthy,27.1,191.0,3.1,13.2,4964,1860,76.0,0.9,2.0,Medium,3.5
41,Male,Low,Average,21.5,20.0,1.9,8.0,3939,1593,63.0,1.7,4.0,Low,0.5999999999999996
58,Female,Medium,Average,19.9,315.0,2.9,8.4,9166,1793,60.0,1.6,3.9,Medium,0.7999999999999998
69,Female,Medium,Healthy,24.7,0.0,2.8,6.6,9428,1296,58.0,2.8,5.4,Low,0.1999999999999993
66,Male,Low,Average,21.4,258.0,1.9,8.8,5568,1254,73.0,1.4,3.7,Medium,0.20000000000000018
66,Male,Medium,Average,28.2,212.0,2.2,6.2,10396,1687,64.0,1.8,4.9,Low,0.40000000000000036
69,Female,Medium,Average,28.3,0.0,2.2,6.6,9139,1600,67.0,1.0,3.2,Low,2.0
29,Male,High,Unhealthy,17.5,0.0,2.6,10.5,15461,1775,50.0,2.1,4.4,Medium,0.3000000000000007
56,Male,Medium,Healthy,21.7,71.0,2.3,9.7,8465,1507,61.0,2.0,3.7,Low,1.7999999999999998
19,Male,Medium,Average,19.2,148.0,2.7,7.0,9684,1029,53.0,2.3,4.4,Low,1.4000000000000004
20,Male,High,Healthy,23.1,422.0,2.8,12.1,11636,2139,64.0,1.5,3.4,Medium,1.0
66,Female,Medium,Healthy,26.8,183.0,3.5,6.8,7591,1280,70.0,1.4,3.2,Low,0.7999999999999998
54,Female,Low,Unhealthy,24.0,281.0,2.9,5.7,2950,1247,74.0,1.7,3.9,Medium,1.7999999999999998
66,Female,Low,Average,22.6,389.0,1.9,7.3,4650,1333,75.0,1.4,3.9,Medium,1.2000000000000002
34,Other,High,Average,30.2,360.0,4.2,7.8,13223,1812,70.0,0.8,1.9,Medium,3.2
66,Male,Low,Average,17.5,198.0,1.9,4.0,5520,1205,59.0,1.5,4.6,Low,0.09999999999999964
19,Male,Medium,Average,29.9,94.0,2.2,8.2,8104,1695,72.0,1.0,4.3,Medium,1.4000000000000004
19,Male,Medium,Unhealthy,22.8,274.0,3.0,12.3,10127,1709,63.0,2.6,4.5,High,0.20000000000000018
40,Male,High,Healthy,22.9,472.0,2.8,8.7,11840,1117,59.0,2.4,4.2,Medium,0.2999999999999998
54,Female,Medium,Unhealthy,31.2,330.0,2.0,8.2,9876,1644,74.0,2.0,4.2,Medium,0.7999999999999998
49,Female,High,Average,20.1,231.0,1.2,4.5,14060,1737,52.0,1.5,6.1,Low,0.1999999999999993
50,Male,Low,Average,25.0,276.0,1.1,4.5,5583,1554,71.0,1.7,4.6,Low,0.40000000000000036
18,Female,Low,Average,27.1,226.0,2.5,7.4,4376,1324,78.0,1.7,4.1,Medium,0.7999999999999998
36,Female,High,Unhealthy,18.6,144.0,2.9,5.9,11198,1244,51.0,2.3,4.3,Low,0.09999999999999964
19,Female,Medium,Healthy,21.3,274.0,1.4,3.4,11586,1510,60.0,2.6,5.0,Low,0.2999999999999998
43,Female,Medium,Healthy,21.5,490.0,1.4,8.1,6508,1789,74.0,1.3,3.3,Low,2.3
49,Female,Medium,Average,21.7,96.0,1.8,8.5,9639,1274,59.0,1.2,4.5,Low,1.5
23,Female,High,Unhealthy,23.6,276.0,3.0,4.9,11265,1636,57.0,2.3,4.7,Low,0.7999999999999998
21,Male,Medium,Healthy,23.6,81.0,3.5,8.0,6464,1401,66.0,2.4,4.9,Low,0.40000000000000036
28,Male,High,Average,29.3,0.0,2.0,3.8,16460,2187,55.0,2.5,5.5,Low,0.1999999999999993
34,Female,Medium,Average,21.0,261.0,3.4,5.1,12279,1349,55.0,1.2,4.8,Low,0.2999999999999998
55,Male,Medium,Average,20.0,120.0,4.3,7.0,8009,1210,56.0,1.4,4.6,Low,1.0
41,Male,Medium,Healthy,32.7,362.0,1.9,4.7,6551,1712,83.0,1.9,6.3,Low,0.5999999999999996
22,Female,Medium,Average,22.4,261.0,4.5,6.2,10469,1794,56.0,2.1,3.3,Low,1.0999999999999996
69,Male,Low,Unhealthy,19.8,222.0,2.5,13.2,3077,979,66.0,2.0,2.5,High,1.9000000000000004
51,Female,Medium,Average,18.0,0.0,2.0,3.2,7111,1035,58.0,1.7,4.6,Low,0.9000000000000004
23,Female,Medium,Average,29.3,287.0,2.3,10.6,8833,1646,68.0,2.5,4.3,Medium,0.7999999999999998
39,Female,Low,Average,23.6,100.0,2.2,7.9,5711,1484,62.0,2.0,4.3,Low,0.20000000000000018
28,Female,Low,Healthy,24.0,0.0,3.6,3.9,4105,1480,69.0,2.2,5.6,Low,0.9000000000000004
65,Male,Low,Average,24.4,264.0,3.6,8.7,3467,959,73.0,2.0,4.6,Medium,0.40000000000000036
33,Female,Low,Average,29.1,11.0,3.5,7.1,7481,1767,73.0,2.2,3.6,Medium,0.7000000000000002
50,Female,Medium,Healthy,24.3,0.0,1.5,10.0,6658,1541,63.0,1.4,2.5,Low,2.0
26,Other,Low,Healthy,34.4,394.0,2.7,8.7,3160,2127,84.0,2.2,4.5,Medium,1.5
23,Male,Low,Average,25.5,115.0,1.3,7.5,3417,1166,76.0,2.0,4.3,Low,0.20000000000000018
33,Male,Medium,Healthy,29.2,0.0,3.3,6.2,9102,1599,62.0,1.7,5.3,Low,0.7000000000000002
46,Female,High,Average,28.2,55.0,2.1,9.9,12598,2042,58.0,1.4,3.7,Low,1.0
20,Male,Low,Average,24.9,91.0,2.9,6.0,5225,1441,67.0,1.5,5.0,Low,1.0999999999999996
37,Female,Low,Healthy,22.7,371.0,2.1,3.5,3922,1567,74.0,2.3,6.1,Low,0.0
53,Male,High,Average,26.3,0.0,1.1,2.3,13042,2056,58.0,2.8,5.7,Low,0.0
36,Male,Medium,Average,27.0,0.0,3.2,3.9,6876,1680,69.0,2.2,4.6,Low,0.09999999999999964
43,Male,High,Healthy,22.7,347.0,3.3,9.0,13924,1678,50.0,2.0,4.6,Medium,0.40000000000000036
20,Male,Low,Healthy,25.7,132.0,2.6,6.1,4670,1440,68.0,1.6,4.4,Low,0.40000000000000036
36,Female,Low,Average,29.9,234.0,0.8,5.1,3947,1646,82.0,2.2,4.4,Low,1.5
37,Female,Low,Average,33.3,126.0,3.1,5.9,4348,1851,78.0,1.9,4.2,Medium,1.0999999999999996
49,Male,Low,Average,28.4,503.0,1.9,9.1,2837,1817,84.0,1.5,2.2,High,3.2
24,Female,High,Healthy,32.5,6.0,2.9,8.6,11852,1691,70.0,1.2,4.1,Low,0.7000000000000002
69,Male,High,Unhealthy,22.5,242.0,2.1,7.4,13985,1600,55.0,1.8,3.3,Low,2.0999999999999996
50,Male,High,Average,30.4,143.0,2.9,6.0,14143,1965,62.0,2.3,4.4,Medium,1.4000000000000004
57,Female,High,Healthy,21.4,86.0,1.8,6.7,12229,1501,57.0,1.2,4.4,Low,1.2000000000000002
56,Female,Medium,Healthy,23.1,315.0,2.4,4.8,8145,1392,61.0,1.1,3.9,Low,1.2999999999999998
57,Female,Low,Healthy,21.1,80.0,4.2,4.6,3818,1123,65.0,1.9,5.6,Low,0.9000000000000004
18,Female,Medium,Healthy,19.6,419.0,2.4,7.9,6695,1103,65.0,2.5,5.3,Low,0.7000000000000002
28,Female,Medium,Average,31.1,207.0,3.2,8.2,9038,2072,70.0,1.8,4.2,Low,1.5
45,Female,High,Average,29.8,276.0,1.6,9.8,13964,1941,61.0,2.5,3.8,Low,0.1999999999999993
67,Female,High,Average,24.8,315.0,1.9,7.6,13625,1563,64.0,2.5,5.2,Low,0.9000000000000004
40,Male,Medium,Average,23.2,199.0,2.4,4.9,6834,1352,59.0,2.1,4.5,Low,1.5999999999999996
48,Female,Medium,Average,26.1,99.0,2.9,6.9,8006,1618,66.0,2.2,3.5,Low,1.4000000000000004
47,Male,High,Unhealthy,31.3,606.0,1.9,4.4,18284,2043,65.0,1.7,4.5,Medium,0.5999999999999996
59,Female,Low,Average,26.0,81.0,3.4,2.7,4221,1448,72.0,1.7,4.8,Low,0.09999999999999964
52,Female,High,Average,33.7,247.0,2.0,6.3,14604,2371,62.0,2.3,4.0,Medium,0.7999999999999998
24,Female,Medium,Average,21.4,276.0,3.2,5.7,10848,1105,57.0,1.5,3.6,Low,1.0999999999999996
33,Male,Medium,Unhealthy,24.9,283.0,3.4,8.5,8542,1456,69.0,1.0,2.7,Medium,1.2999999999999998
43,Male,High,Healthy,23.5,519.0,3.0,4.6,15301,2297,61.0,2.4,4.8,Low,1.0
69,Female,Medium,Average,24.4,185.0,4.5,5.8,7230,1736,67.0,1.2,4.3,Low,0.2999999999999998
66,Male,Medium,Average,26.7,432.0,2.8,6.8,8896,1685,77.0,1.7,4.9,Medium,0.09999999999999964
19,Male,Low,Average,27.1,179.0,2.6,5.6,6553,1551,74.0,2.1,4.1,Medium,0.7000000000000002
18,Female,Medium,Average,33.7,331.0,2.8,8.9,5358,2085,86.0,1.9,4.7,Medium,1.2000000000000002
65,Female,Low,Healthy,26.9,229.0,3.5,6.5,3314,1716,78.0,1.2,4.0,Low,1.7999999999999998
29,Male,High,Average,29.6,338.0,4.4,4.6,11441,1759,70.0,1.7,3.6,Low,0.9000000000000004
54,Male,Medium,Average,31.7,139.0,1.8,8.4,10446,1729,70.0,1.9,3.8,Low,1.0
49,Female,High,Healthy,34.6,0.0,3.4,8.6,13525,2095,72.0,2.2,4.5,Low,0.5999999999999996
26,Male,High,Average,27.1,0.0,1.4,7.9,16168,2228,56.0,2.0,5.1,Low,0.5
58,Male,Medium,Unhealthy,21.0,0.0,2.7,6.5,6665,1322,59.0,1.7,4.2,Low,0.5999999999999996
52,Male,Medium,Healthy,22.8,186.0,2.7,6.2,6710,1645,59.0,1.2,4.1,Low,0.5999999999999996
65,Female,Medium,Average,26.8,176.0,2.5,6.7,10890,1575,67.0,2.5,5.0,Low,0.40000000000000036
33,Male,Low,Average,27.8,220.0,1.2,9.8,5162,1517,73.0,1.3,2.8,Medium,2.3
20,Male,Medium,Average,26.8,328.0,1.8,6.8,5898,1635,72.0,2.1,4.5,Medium,1.2999999999999998
37,Male,Medium,Unhealthy,25.0,275.0,3.2,6.7,10284,1633,59.0,2.0,4.3,Medium,0.9000000000000004
41,Male,Medium,Healthy,22.5,335.0,0.9,7.9,7480,1563,71.0,1.2,2.5,Medium,1.7999999999999998
50,Male,Medium,Average,26.6,262.0,2.4,10.5,8906,1769,67.0,1.2,3.0,Medium,1.5999999999999996
41,Female,Medium,Average,32.4,151.0,2.2,9.9,8094,2041,75.0,1.2,3.9,Medium,0.7999999999999998
69,Female,Medium,Unhealthy,29.1,184.0,0.9,6.9,5126,1797,72.0,2.1,5.1,Low,0.5
66,Female,Low,Average,29.1,234.0,1.7,4.0,6030,1204,80.0,2.2,4.8,Medium,1.2000000000000002
25,Female,Medium,Average,23.5,0.0,2.9,8.7,9878,1567,57.0,2.4,5.0,Medium,0.5999999999999996
53,Male,Low,Average,23.0,359.0,2.1,2.5,2467,1417,73.0,2.6,5.8,Low,0.6999999999999993
55,Female,Low,Average,22.0,56.0,1.8,11.3,4311,1777,74.0,1.9,4.3,Medium,0.9000000000000004
57,Female,Medium,Healthy,24.5,223.0,2.3,9.1,7570,1507,70.0,2.7,3.8,Low,0.0
37,Female,Low,Unhealthy,23.3,248.0,2.2,5.1,5712,953,67.0,2.3,4.4,Medium,0.7999999999999998
65,Male,High,Healthy,23.1,0.0,1.9,8.4,11695,1379,50.0,1.2,3.1,Medium,2.2
42,Female,Medium,Unhealthy,21.8,151.0,1.7,8.2,9474,1561,59.0,1.0,3.3,Low,1.2999999999999998
52,Female,Low,Average,32.8,282.0,3.3,6.3,5783,1978,78.0,1.9,5.2,Low,0.40000000000000036
42,Other,Low,Healthy,23.2,462.0,2.5,8.4,4590,1368,76.0,1.6,4.2,Low,1.5
46,Male,Low,Healthy,25.6,194.0,2.5,3.5,4858,1047,77.0,1.4,4.4,Low,0.7999999999999998
35,Male,Medium,Average,26.8,110.0,1.8,7.2,5609,1491,65.0,2.4,4.9,Low,0.9000000000000004
63,Male,Medium,Unhealthy,20.5,504.0,3.8,5.3,5444,928,77.0,2.0,4.6,Medium,0.09999999999999964
35,Female,Medium,Unhealthy,29.9,320.0,2.4,6.3,5300,1797,81.0,1.1,3.9,Low,1.7999999999999998
19,Male,Low,Average,27.5,406.0,1.0,5.3,5576,1421,74.0,2.4,4.1,Medium,0.5
52,Male,Medium,Unhealthy,31.2,18.0,2.7,5.4,7225,1424,69.0,2.1,6.7,Low,0.6999999999999993
33,Other,Medium,Average,22.3,278.0,1.9,10.2,9652,1643,60.0,2.1,4.2,Low,1.0999999999999996
58,Male,Medium,Average,25.4,37.0,3.2,3.4,6799,1288,63.0,1.5,5.4,Low,1.0999999999999996
53,Female,High,Average,25.2,4.0,3.3,8.0,13956,1845,51.0,1.3,4.7,Low,0.09999999999999964
50,Male,Medium,Average,26.1,287.0,3.2,4.2,6388,1413,67.0,2.6,4.8,Low,0.5999999999999996
21,Female,Low,Average,19.2,297.0,2.1,10.3,3508,1273,68.0,2.4,2.8,High,0.40000000000000036
50,Female,High,Healthy,25.4,127.0,2.4,8.1,8871,1790,66.0,1.4,3.6,Low,0.7000000000000002
31,Female,Low,Healthy,19.3,414.0,2.7,3.5,3523,1153,69.0,1.6,4.1,Medium,2.9000000000000004
38,Female,Low,Average,26.4,144.0,3.2,7.8,3391,1434,75.0,1.9,3.0,Medium,1.9000000000000004
65,Male,Medium,Unhealthy,17.5,159.0,1.7,5.3,4610,971,65.0,2.2,5.7,Low,1.0
37,Male,Medium,Unhealthy,17.6,194.0,2.6,7.6,8849,992,52.0,1.4,3.7,Low,1.2000000000000002
25,Male,High,Unhealthy,28.3,163.0,4.0,3.7,15722,1926,56.0,1.5,6.4,Low,0.40000000000000036
24,Female,Low,Healthy,22.8,391.0,2.1,10.1,3006,1355,71.0,1.5,2.9,Medium,1.9000000000000004
20,Female,Medium,Average,21.0,43.0,2.5,2.0,5589,1664,58.0,2.1,5.5,Low,0.7000000000000002
34,Male,Low,Average,30.1,86.0,4.6,5.0,6595,1882,77.0,1.6,4.5,Low,1.2999999999999998
50,Female,Medium,Average,26.3,21.0,2.3,4.3,8512,1798,62.0,1.7,3.9,Low,0.5999999999999996
65,Male,Low,Healthy,28.5,482.0,1.3,7.9,1000,1443,88.0,1.6,3.9,High,1.5999999999999996
29,Female,Medium,Average,24.3,151.0,2.5,5.8,7143,1605,66.0,2.5,5.2,Low,0.7000000000000002
68,Female,Low,Healthy,35.7,84.0,3.8,6.5,3022,1476,87.0,2.6,5.4,Low,0.2999999999999998
39,Male,Low,Unhealthy,22.6,156.0,3.3,5.4,2911,1102,71.0,2.5,5.7,Medium,0.5999999999999996
39,Female,Medium,Average,32.0,327.0,1.7,3.6,10184,2148,74.0,1.2,3.0,Low,2.2
63,Male,High,Average,24.8,299.0,2.8,6.4,14758,1974,54.0,1.0,3.7,Low,1.7999999999999998
47,Female,High,Average,18.4,113.0,2.4,3.7,15905,1447,50.0,2.6,4.8,Low,0.40000000000000036
55,Female,High,Healthy,26.9,140.0,3.1,2.4,13586,1626,59.0,1.3,4.4,Low,0.2999999999999998
55,Male,Medium,Average,26.3,0.0,2.0,8.6,9706,1689,59.0,2.8,4.5,Low,0.1999999999999993
62,Male,Low,Average,20.8,220.0,2.9,3.9,3440,1090,62.0,1.6,4.4,Low,1.5
68,Male,Medium,Average,21.3,392.0,4.0,10.6,8465,1591,66.0,1.8,3.9,Medium,1.4000000000000004
25,Female,Medium,Healthy,24.9,112.0,0.5,10.5,8974,1744,67.0,1.3,3.8,Medium,0.0
44,Female,Low,Average,26.4,295.0,3.0,9.2,3065,1752,72.0,2.3,4.2,Medium,1.0
44,Male,Low,Healthy,17.5,112.0,3.6,4.2,1000,1137,66.0,1.5,4.2,Low,0.09999999999999964
51,Female,Low,Average,29.2,35.0,1.3,12.3,1460,1463,71.0,2.5,4.4,Medium,0.20000000000000018
38,Female,Medium,Healthy,23.0,302.0,1.9,2.0,12623,1724,61.0,1.4,4.8,Low,0.40000000000000036
47,Male,Low,Average,19.7,552.0,2.2,4.8,4976,1590,75.0,1.3,3.8,Medium,0.9000000000000004
50,Male,Low,Average,28.8,281.0,1.9,9.1,5047,1561,77.0,1.2,2.1,High,1.4000000000000004
45,Female,Medium,Average,24.9,137.0,1.9,8.9,10842,1713,63.0,1.5,3.9,Medium,0.3000000000000007
64,Female,Medium,Healthy,29.9,147.0,2.2,5.2,5750,1724,75.0,2.1,4.7,Low,0.5
50,Male,Medium,Healthy,26.8,486.0,3.2,5.0,6551,1605,74.0,0.9,3.8,Low,2.0
22,Male,Medium,Average,25.0,246.0,3.7,6.5,5790,1306,70.0,1.9,3.5,Low,1.7999999999999998
65,Male,Low,Healthy,24.4,85.0,3.5,6.8,7534,1783,64.0,2.0,4.1,Low,1.2999999999999998
36,Female,Medium,Healthy,26.9,190.0,3.3,5.8,6004,1401,71.0,1.4,4.4,Low,2.2
21,Male,Low,Average,23.3,232.0,4.0,11.1,5881,1771,69.0,2.4,4.8,Medium,0.40000000000000036
52,Male,Medium,Average,21.6,270.0,4.1,5.3,6682,1675,66.0,2.3,5.0,Low,0.09999999999999964
66,Female,Medium,Average,27.4,426.0,2.6,10.7,8170,1746,73.0,2.3,3.7,Medium,1.2000000000000002
34,Female,High,Healthy,24.4,391.0,3.6,8.0,17810,1933,53.0,2.0,5.1,Low,1.0
61,Male,Medium,Average,25.1,229.0,2.8,9.5,8571,1442,68.0,1.6,3.3,Low,2.3
45,Male,Low,Average,29.4,193.0,2.3,3.3,3802,1636,79.0,1.2,4.1,Low,1.2000000000000002
47,Female,Medium,Average,24.5,259.0,2.5,9.6,12536,1942,61.0,2.3,4.1,Medium,1.0999999999999996
46,Male,Medium,Healthy,25.1,108.0,3.3,9.5,4332,1291,68.0,1.8,3.2,Low,1.5
63,Male,Medium,Average,22.6,347.0,3.7,5.3,6111,1668,66.0,1.7,3.6,Low,1.2000000000000002
23,Female,Low,Average,26.7,169.0,3.0,9.1,3535,1681,77.0,0.9,2.6,Medium,2.3
52,Male,Medium,Healthy,26.4,273.0,2.2,3.3,10088,1702,64.0,1.6,4.9,Low,1.7000000000000002
58,Female,Low,Average,28.6,456.0,2.1,5.8,3244,1718,82.0,1.6,3.8,High,1.9000000000000004
54,Female,Medium,Average,22.7,282.0,1.0,9.9,9935,1349,58.0,2.1,4.0,Medium,0.7000000000000002
41,Male,Medium,Average,23.2,234.0,2.8,6.5,4555,1321,72.0,1.3,4.3,Medium,1.0
46,Male,Low,Healthy,28.2,122.0,2.7,6.3,5722,2082,68.0,1.1,3.7,Medium,1.5
66,Female,High,Average,26.0,188.0,1.7,10.5,16680,2206,51.0,1.8,2.8,Medium,1.2999999999999998
52,Female,Low,Average,18.2,0.0,1.3,6.8,3595,1038,60.0,2.0,4.8,Low,1.5
50,Male,Medium,Average,28.1,345.0,2.2,5.0,8900,1755,70.0,1.5,4.6,Low,1.0999999999999996
69,Female,Medium,Average,19.9,309.0,3.6,10.4,10322,1253,64.0,1.2,3.3,Medium,1.5999999999999996
38,Male,High,Average,32.5,214.0,2.0,4.7,11950,2233,71.0,1.7,6.1,Low,0.1999999999999993
49,Male,Low,Healthy,18.8,120.0,2.5,4.8,4554,1331,57.0,1.2,3.3,Low,1.7000000000000002
40,Male,Low,Average,29.6,197.0,2.6,2.0,4368,1604,75.0,2.3,5.6,Low,1.0
50,Male,High,Average,24.7,0.0,2.5,9.8,14374,1903,50.0,2.8,5.0,Low,0.3000000000000007
20,Female,High,Healthy,23.5,323.0,3.1,6.2,18366,1764,50.0,2.1,5.1,Low,0.20000000000000018
35,Male,Low,Healthy,25.7,175.0,3.2,6.2,4240,1441,76.0,1.8,3.9,Low,1.5
42,Male,Medium,Healthy,27.5,427.0,3.5,6.5,5570,1428,78.0,2.3,4.8,Low,1.0999999999999996
59,Male,Low,Average,21.4,258.0,2.2,10.0,5106,1228,67.0,1.3,3.0,Medium,1.9000000000000004
20,Female,High,Unhealthy,27.6,260.0,3.2,2.7,14419,2077,62.0,2.7,6.0,Low,0.3000000000000007
57,Male,Low,Unhealthy,18.2,53.0,2.4,5.8,6028,1028,53.0,1.3,4.4,Medium,1.2999999999999998
63,Male,Low,Unhealthy,22.7,132.0,1.9,4.2,3371,1365,69.0,2.4,4.6,Medium,1.0
41,Male,Low,Average,37.2,219.0,2.6,6.4,4621,1853,87.0,2.2,4.3,Low,1.0
67,Female,Low,Unhealthy,21.1,154.0,2.0,6.8,1655,1184,67.0,2.2,3.8,Medium,1.4000000000000004
49,Female,Low,Average,29.6,113.0,1.9,2.7,3085,2045,75.0,1.4,5.3,Low,1.0
64,Female,High,Average,22.7,157.0,2.7,7.9,14505,1640,59.0,2.4,5.6,Low,0.40000000000000036
39,Female,Low,Average,27.0,206.0,2.3,5.9,5004,1283,75.0,1.7,4.3,Medium,0.20000000000000018
40,Male,Medium,Healthy,27.6,547.0,2.6,9.0,8873,1914,70.0,1.3,3.1,Medium,2.5
19,Female,Medium,Healthy,29.5,151.0,1.3,7.1,10560,1954,65.0,1.8,4.6,Low,1.5999999999999996
44,Female,Medium,Average,24.2,98.0,2.4,2.7,4942,1499,68.0,2.4,5.2,Low,1.0999999999999996
59,Male,Medium,Healthy,33.0,177.0,0.7,8.5,10939,2341,78.0,1.7,3.9,Low,1.2999999999999998
43,Female,Medium,Unhealthy,25.9,435.0,2.4,3.9,5542,1380,79.0,2.1,4.6,Low,1.5999999999999996
34,Female,Low,Healthy,26.0,492.0,3.5,6.2,5555,1631,78.0,1.5,3.9,Medium,0.5
57,Male,Medium,Average,20.5,209.0,2.9,6.3,5775,1463,62.0,1.6,4.7,Medium,1.5
50,Female,Low,Average,23.9,296.0,2.6,2.6,6120,1487,75.0,2.0,3.5,Low,1.9000000000000004
26,Female,Medium,Average,25.6,42.0,2.2,6.6,3635,1411,73.0,2.7,4.9,Low,0.5999999999999996
60,Male,Medium,Unhealthy,23.3,146.0,2.3,6.8,6488,1489,69.0,1.1,3.9,Low,1.0999999999999996
65,Male,Medium,Unhealthy,34.8,32.0,3.5,6.7,9754,2276,77.0,1.3,3.8,Low,0.0
56,Male,Low,Healthy,21.6,270.0,1.6,2.8,5008,990,73.0,2.6,4.7,Low,0.09999999999999964
46,Female,Low,Healthy,29.7,205.0,1.9,7.4,1000,1326,83.0,1.5,5.4,Low,0.7000000000000002
59,Male,High,Unhealthy,28.4,233.0,3.4,8.5,12008,1882,66.0,1.5,4.1,Medium,1.0
43,Male,Low,Unhealthy,24.9,73.0,2.2,3.6,1426,1440,74.0,2.2,5.2,Low,0.20000000000000018
52,Female,Low,Average,21.5,327.0,4.1,4.3,4207,1677,73.0,1.9,4.8,Medium,1.2999999999999998
67,Female,Medium,Healthy,21.9,0.0,3.1,9.0,8102,1396,60.0,1.7,3.6,Low,2.0999999999999996
42,Male,High,Average,22.9,162.0,3.4,10.9,13256,1724,56.0,1.1,2.8,Medium,1.2999999999999998
24,Female,Medium,Average,19.1,257.0,1.8,7.5,6531,996,64.0,2.4,4.6,Medium,0.40000000000000036
53,Female,Low,Average,30.4,174.0,3.1,10.4,5600,1741,80.0,1.2,2.9,High,1.5
37,Female,High,Average,28.1,499.0,2.7,5.8,12285,1473,70.0,1.9,4.0,Low,1.7999999999999998
18,Female,High,Average,27.4,248.0,1.6,5.7,17419,2605,57.0,3.3,6.8,Low,1.5999999999999996
25,Female,Low,Healthy,25.7,345.0,1.1,3.5,2231,1534,84.0,1.9,4.4,Medium,1.0
63,Female,Medium,Average,30.8,407.0,2.6,9.1,10959,2140,72.0,1.3,3.5,Medium,1.7000000000000002
33,Male,Medium,Average,22.6,273.0,2.3,7.7,11129,1756,58.0,1.8,2.6,Low,2.3
29,Female,Medium,Unhealthy,28.0,0.0,1.2,7.0,9841,1826,65.0,1.2,4.7,Low,0.20000000000000018
68,Female,Low,Average,19.7,256.0,0.5,11.2,1000,1198,70.0,2.0,3.0,Medium,1.2999999999999998
40,Female,Medium,Average,37.4,139.0,2.9,7.7,8203,2098,83.0,1.7,3.7,Low,2.2
32,Male,Low,Average,25.1,392.0,2.3,11.0,2487,1320,73.0,1.2,3.3,High,1.7000000000000002
45,Female,Medium,Average,25.6,128.0,2.0,5.6,9010,1333,64.0,1.6,3.6,Low,2.2
51,Female,Medium,Average,30.0,197.0,2.7,9.4,8629,1885,72.0,1.9,4.7,Low,0.40000000000000036
19,Male,Medium,Average,28.7,26.0,3.3,10.3,7446,1626,70.0,1.6,3.7,Medium,0.20000000000000018
49,Male,Medium,Unhealthy,25.2,148.0,2.7,6.8,5813,1465,67.0,1.5,3.9,Low,1.7999999999999998
39,Female,Medium,Healthy,19.0,72.0,4.2,9.7,7937,1327,61.0,1.0,2.8,Medium,2.3
68,Female,High,Healthy,22.8,192.0,2.0,8.4,11877,1821,58.0,2.3,4.8,Low,1.0999999999999996
42,Female,Low,Average,27.1,108.0,1.4,9.4,3230,1366,75.0,1.9,4.0,Medium,1.0
39,Male,Medium,Average,26.8,594.0,2.6,8.0,7808,1728,75.0,1.9,3.5,Medium,1.9000000000000004
39,Male,Medium,Average,29.9,325.0,2.3,6.8,7801,1679,72.0,1.5,4.9,Low,1.0999999999999996
66,Female,Medium,Healthy,24.5,362.0,3.3,6.8,8619,1534,67.0,1.5,4.8,Low,1.2999999999999998
69,Female,Medium,Unhealthy,19.5,183.0,2.1,6.1,9911,1310,60.0,1.8,5.5,Low,0.7000000000000002
59,Female,Medium,Healthy,29.2,215.0,2.4,8.0,10094,1661,67.0,2.0,4.5,Low,1.7999999999999998
23,Female,Low,Average,30.7,135.0,1.8,6.6,3660,1598,78.0,2.3,4.9,Medium,1.0999999999999996
60,Female,Medium,Average,24.3,183.0,2.6,5.0,7598,1335,72.0,1.7,4.2,Low,1.0
54,Male,Low,Average,29.2,109.0,2.3,4.9,5820,1560,69.0,3.1,5.9,Low,1.4000000000000004
50,Male,Medium,Average,38.0,86.0,2.4,8.5,7735,2458,74.0,1.8,3.3,Medium,1.0
25,Male,Medium,Average,25.5,250.0,2.5,8.0,8241,1888,66.0,1.3,2.8,Low,2.4000000000000004
61,Male,Medium,Average,19.8,413.0,1.4,5.9,7948,1474,62.0,1.0,3.2,Medium,2.3
61,Male,Low,Average,22.7,363.0,3.4,10.4,4691,1664,73.0,1.5,2.5,High,1.5999999999999996
22,Male,High,Average,27.5,86.0,3.4,4.9,15894,2283,55.0,2.3,5.1,Low,0.2999999999999998
56,Male,Medium,Unhealthy,18.6,82.0,2.5,8.1,10770,1343,52.0,1.9,3.6,Medium,1.2000000000000002
21,Male,Medium,Unhealthy,25.7,386.0,2.4,8.1,10422,2099,70.0,1.2,1.8,Medium,2.8
23,Female,Low,Average,26.5,515.0,1.7,7.1,4064,1799,74.0,1.6,2.1,Medium,2.8
62,Male,Medium,Healthy,31.1,178.0,3.9,10.2,7913,1857,72.0,1.5,2.4,Low,2.3
49,Male,High,Unhealthy,30.2,380.0,3.7,11.1,13324,2093,68.0,1.2,2.4,High,2.2
69,Female,Medium,Unhealthy,28.5,0.0,2.8,4.1,10016,1693,67.0,1.2,4.7,Low,1.5
47,Female,Medium,Average,17.5,73.0,3.2,2.0,8490,1195,54.0,2.3,5.2,Low,0.1999999999999993
64,Female,Medium,Average,28.7,48.0,3.5,5.8,12923,1641,62.0,1.4,5.5,Low,0.5999999999999996
52,Male,Medium,Average,27.8,261.0,3.3,4.5,7872,1587,70.0,1.5,5.1,Low,0.2999999999999998
57,Female,Low,Average,26.0,173.0,1.8,5.9,6282,1710,70.0,1.7,4.8,Medium,0.09999999999999964
69,Male,Medium,Unhealthy,18.1,235.0,2.3,11.5,11060,1142,53.0,2.2,3.2,Medium,1.5
33,Male,Medium,Average,21.9,382.0,2.9,13.7,11007,1472,61.0,1.5,2.1,High,2.8
30,Male,Low,Average,20.3,102.0,2.7,4.6,3505,1266,66.0,2.7,5.0,Low,0.0
59,Male,High,Average,25.0,0.0,3.0,7.5,13513,2020,55.0,2.0,4.1,Medium,0.7000000000000002
47,Male,Medium,Average,21.8,374.0,2.7,7.9,10947,1767,61.0,1.8,4.1,Low,1.7000000000000002
34,Female,High,Average,24.3,254.0,3.4,10.1,12265,1618,61.0,1.9,4.4,Medium,0.09999999999999964
45,Male,Low,Average,18.7,123.0,4.2,5.8,2008,882,65.0,2.0,3.9,Medium,1.9000000000000004
43,Female,Low,Healthy,22.9,0.0,2.1,10.1,5152,1677,66.0,1.4,2.9,Medium,0.09999999999999964
54,Female,Low,Unhealthy,25.4,245.0,1.0,3.4,2288,1279,78.0,2.7,5.4,Low,0.0
43,Female,Low,Healthy,21.4,313.0,2.4,2.8,3382,1387,67.0,2.0,6.1,Low,1.5
40,Male,Medium,Average,23.3,502.0,2.9,7.7,10310,1277,66.0,1.2,3.1,Low,3.0
26,Female,Medium,Average,24.1,140.0,2.1,8.1,6888,1325,65.0,1.8,4.3,Low,1.0
29,Male,Medium,Unhealthy,24.1,240.0,3.6,6.6,8613,1332,64.0,1.7,4.1,Low,2.3
18,Female,Medium,Unhealthy,32.4,367.0,2.0,9.8,10417,1787,72.0,1.4,3.8,Medium,0.40000000000000036
18,Male,Medium,Average,26.5,371.0,2.4,5.4,5722,1450,68.0,1.5,3.5,Medium,2.8
64,Male,Low,Average,26.9,106.0,2.3,10.0,4259,1588,76.0,1.0,2.7,Medium,2.0
51,Male,Medium,Unhealthy,27.2,158.0,4.7,9.0,9293,2038,60.0,1.6,4.1,Low,1.0
49,Female,Medium,Average,27.5,121.0,1.8,11.7,5160,1540,78.0,1.8,3.4,Medium,1.4000000000000004
65,Male,High,Average,24.7,64.0,3.0,2.6,10886,1686,58.0,1.4,5.6,Low,0.09999999999999964
42,Female,Low,Average,23.7,420.0,1.5,5.8,6423,1509,70.0,2.0,5.0,Medium,1.0
57,Male,Low,Average,25.7,209.0,2.8,4.7,2280,1230,71.0,2.7,5.9,Low,0.09999999999999964
62,Female,Medium,Average,29.6,188.0,1.7,8.9,7300,1767,68.0,2.4,4.1,Medium,1.0
18,Female,Medium,Average,29.5,237.0,3.4,10.9,3968,2051,76.0,1.6,2.2,Medium,1.9000000000000004
33,Female,Low,Average,24.0,208.0,3.2,6.1,2821,1390,74.0,1.6,4.0,Medium,1.7000000000000002
56,Female,Medium,Unhealthy,28.1,166.0,2.7,8.5,9552,2204,71.0,1.7,4.1,Low,1.0
22,Female,Low,Average,24.2,85.0,1.4,10.6,5437,1432,62.0,1.7,2.7,Medium,0.9000000000000004
39,Male,High,Average,25.1,434.0,2.5,7.8,16381,1786,60.0,1.9,5.0,Low,0.7000000000000002
46,Female,Low,Average,23.1,114.0,2.3,8.8,3947,1521,63.0,1.6,3.9,Medium,1.4000000000000004
20,Male,Low,Average,24.3,60.0,3.2,2.0,2387,1563,69.0,1.5,5.2,Low,1.7000000000000002
29,Female,Low,Unhealthy,30.4,187.0,1.8,10.9,4620,1605,79.0,1.5,3.6,High,1.0
43,Female,Medium,Average,25.4,523.0,3.4,6.3,7116,1627,72.0,1.7,3.9,Medium,2.0999999999999996
33,Male,Low,Unhealthy,25.5,76.0,3.3,13.7,1587,1325,79.0,2.1,3.4,Medium,1.5
68,Male,Medium,Unhealthy,19.2,306.0,1.4,4.9,8057,1006,64.0,1.1,3.9,Medium,1.0
54,Male,High,Unhealthy,23.8,163.0,2.3,8.2,17810,1637,51.0,2.1,3.3,Medium,1.7999999999999998
39,Female,Low,Healthy,24.0,236.0,2.5,9.1,5665,1385,68.0,1.9,3.2,Medium,1.4000000000000004
46,Female,Medium,Average,21.7,338.0,3.3,2.0,10355,1729,59.0,1.1,5.9,Low,0.5999999999999996
31,Female,Low,Average,25.1,0.0,2.0,11.4,4454,1603,67.0,1.3,3.4,High,0.5999999999999996
45,Female,Medium,Average,23.3,65.0,2.7,8.9,6140,1227,65.0,1.8,2.7,Medium,2.5999999999999996
64,Male,Low,Average,25.5,214.0,2.7,7.9,4226,1269,71.0,1.0,3.9,Medium,1.7000000000000002
66,Male,Medium,Average,21.2,231.0,1.0,7.9,7485,1167,61.0,1.4,4.2,Medium,1.5
47,Female,Low,Average,23.4,306.0,2.1,6.7,5000,1193,67.0,1.8,2.6,Medium,2.5999999999999996
63,Female,High,Average,25.3,66.0,3.2,5.5,15370,1474,60.0,2.3,5.5,Low,0.7000000000000002
69,Female,Medium,Average,29.7,358.0,3.1,6.8,6760,1266,74.0,1.1,2.4,Medium,2.4000000000000004
22,Male,Medium,Unhealthy,26.0,322.0,0.7,9.2,6667,1054,67.0,1.3,2.9,Low,2.5
29,Male,High,Average,22.4,235.0,2.7,9.1,10541,1231,53.0,2.1,4.1,Medium,0.9000000000000004
33,Male,High,Unhealthy,26.6,270.0,3.3,7.0,14769,2154,58.0,2.0,4.5,Medium,1.2000000000000002
43,Male,Medium,Average,28.7,110.0,3.0,6.7,6817,2111,71.0,2.1,4.5,Low,0.2999999999999998
65,Female,Medium,Healthy,27.2,299.0,4.1,4.6,5867,1644,74.0,1.0,4.6,Low,1.7000000000000002
38,Male,Medium,Average,27.9,461.0,2.5,6.9,9006,1600,76.0,1.7,5.3,Low,0.5
56,Female,Medium,Average,30.8,296.0,2.7,5.2,11157,1900,72.0,1.4,3.7,Low,2.5999999999999996
53,Male,High,Average,29.3,166.0,1.7,4.5,19970,2291,50.0,1.3,4.8,Low,0.1999999999999993
50,Female,Low,Healthy,27.3,547.0,2.0,2.0,6273,2029,80.0,2.1,5.7,Low,1.2999999999999998
47,Male,Medium,Average,29.3,234.0,2.2,6.0,7901,1582,73.0,1.6,4.6,Low,1.2999999999999998
40,Male,High,Unhealthy,19.0,136.0,1.9,10.1,15823,1602,51.0,1.2,4.6,Medium,0.9000000000000004
27,Female,Low,Average,25.6,360.0,3.5,8.1,3894,1418,74.0,1.6,3.3,High,1.4000000000000004
22,Female,Medium,Average,25.3,118.0,1.6,3.8,7601,1167,64.0,1.4,4.9,Low,0.40000000000000036
53,Male,Medium,Healthy,22.8,248.0,3.0,6.6,11801,1556,58.0,1.2,3.1,Low,1.2999999999999998
69,Female,Medium,Average,17.5,485.0,2.7,11.8,9273,1703,65.0,1.6,3.4,High,2.4000000000000004
27,Male,Low,Average,23.1,33.0,1.9,5.8,4011,1538,69.0,1.8,4.6,Low,0.9000000000000004
36,Female,Medium,Average,18.5,214.0,2.1,9.3,4911,944,63.0,1.3,2.4,Medium,2.8
49,Female,High,Average,31.0,280.0,1.7,6.9,17138,2145,64.0,2.2,4.7,Medium,1.4000000000000004
18,Male,High,Unhealthy,19.6,196.0,2.5,9.7,17891,2104,50.0,2.9,4.0,Low,0.3000000000000007
22,Male,Medium,Average,22.6,78.0,2.4,4.2,6471,1593,63.0,1.5,4.1,Low,1.2999999999999998
62,Female,Medium,Healthy,28.6,355.0,3.2,7.2,6743,1784,74.0,1.1,3.8,Low,0.7999999999999998
21,Male,Low,Average,27.6,388.0,2.8,8.3,5462,1867,77.0,1.5,2.7,High,3.4000000000000004
33,Male,High,Healthy,20.6,0.0,3.1,2.0,13026,1943,50.0,1.7,5.5,Low,0.0
41,Female,Low,Average,27.7,68.0,2.3,5.3,5703,1916,72.0,2.5,4.4,Low,0.40000000000000036
33,Female,Medium,Average,26.2,176.0,2.8,5.5,6436,1777,69.0,1.8,4.9,Low,1.0
19,Male,Low,Healthy,34.3,120.0,4.0,7.1,3532,2085,84.0,2.5,4.2,Low,0.7000000000000002
66,Other,Medium,Unhealthy,26.6,278.0,1.4,6.2,9037,1625,70.0,1.2,4.0,Low,3.2
45,Female,Low,Average,24.4,475.0,1.0,7.7,3514,1399,78.0,1.3,3.3,High,2.5
49,Male,Medium,Average,21.6,142.0,3.0,6.4,7236,1505,61.0,2.2,4.6,Low,1.5
44,Other,Medium,Average,22.0,436.0,1.8,9.9,7192,1451,66.0,1.6,2.6,Medium,2.7
37,Male,Medium,Average,21.7,0.0,1.4,12.3,9389,1561,56.0,2.1,3.2,Medium,1.4000000000000004
41,Male,Low,Healthy,30.5,268.0,2.9,3.2,5444,1714,79.0,0.9,4.3,Low,2.3
29,Female,High,Healthy,25.1,110.0,1.7,7.1,15478,1328,50.0,2.0,3.8,Low,0.7000000000000002
67,Male,Low,Healthy,27.3,271.0,3.7,9.7,2953,1618,73.0,2.3,4.6,Medium,0.0
52,Male,Medium,Average,31.1,0.0,2.6,5.2,10735,2006,65.0,1.3,4.3,Low,0.9000000000000004
50,Male,Medium,Healthy,17.5,7.0,2.3,7.7,8510,1240,50.0,1.2,3.4,Low,2.2
50,Male,High,Healthy,30.1,271.0,1.8,6.1,17151,2631,63.0,2.7,5.4,Low,0.09999999999999964
68,Female,Low,Unhealthy,25.2,105.0,2.7,4.5,2064,1413,78.0,1.3,4.4,Medium,1.2000000000000002
60,Female,Medium,Average,26.7,151.0,1.2,4.5,10335,1587,61.0,1.8,3.9,Low,2.0
54,Other,Medium,Average,21.7,475.0,0.5,2.0,7255,1512,64.0,1.0,5.6,Low,1.2999999999999998
29,Male,High,Healthy,22.0,220.0,1.3,7.4,12672,1623,58.0,1.3,3.8,Low,1.0999999999999996
20,Male,Low,Healthy,27.0,335.0,3.4,7.6,4607,1757,77.0,1.1,4.1,Low,1.4000000000000004
18,Male,Medium,Average,34.5,86.0,1.8,4.6,3898,1761,83.0,1.7,5.2,Low,0.5999999999999996
50,Male,Low,Healthy,29.0,0.0,1.4,6.3,4524,1467,75.0,1.5,3.2,Low,0.2999999999999998
57,Male,Low,Healthy,30.1,187.0,2.4,3.4,3584,1540,78.0,1.5,4.0,Low,0.5999999999999996
27,Female,Low,Average,24.2,0.0,4.3,8.3,6121,1109,64.0,2.2,4.7,Low,0.9000000000000004
60,Female,High,Healthy,22.6,95.0,3.4,6.0,14813,1634,54.0,1.8,4.2,Low,0.9000000000000004
61,Other,Low,Average,21.9,235.0,1.9,8.9,2510,1513,73.0,1.1,3.0,Medium,2.5
46,Male,High,Average,23.0,183.0,1.8,6.2,11596,1468,65.0,2.1,4.5,Medium,1.2999999999999998
30,Female,Low,Average,17.5,250.0,1.9,4.5,1000,643,70.0,1.7,4.6,Low,0.09999999999999964
48,Male,Medium,Unhealthy,22.8,20.0,2.9,10.8,2991,1303,70.0,2.5,5.1,Medium,0.40000000000000036
63,Female,Low,Average,24.3,58.0,2.2,12.2,3189,1193,76.0,2.0,4.6,High,0.3000000000000007
19,Female,Medium,Average,25.5,0.0,1.6,3.2,9482,1668,63.0,1.7,5.9,Low,0.8000000000000007
68,Male,Medium,Average,26.4,144.0,1.4,9.3,10935,1807,62.0,1.1,3.4,Low,1.5999999999999996
67,Male,Medium,Average,24.9,310.0,4.3,4.2,11608,1709,61.0,2.1,5.3,Low,0.5
40,Female,Medium,Average,17.5,228.0,1.8,7.5,9004,1587,53.0,2.0,3.2,Low,1.5999999999999996
34,Male,Medium,Average,22.7,405.0,3.5,8.2,7389,1465,71.0,1.8,3.8,Medium,2.5
43,Other,Medium,Average,21.1,257.0,1.6,5.2,4888,1092,69.0,1.7,3.3,Low,1.0999999999999996
25,Male,Medium,Unhealthy,26.9,216.0,2.4,8.5,5909,1732,74.0,2.0,4.5,Low,0.5999999999999996
46,Male,High,Unhealthy,28.6,108.0,2.3,10.0,8850,1771,62.0,1.4,4.6,Low,0.3000000000000007
43,Female,High,Healthy,28.8,0.0,2.6,8.8,14948,2052,61.0,2.1,5.3,Low,0.40000000000000036
27,Female,Low,Average,28.0,383.0,1.7,4.6,3486,1742,77.0,2.2,4.5,Medium,1.4000000000000004
43,Male,Low,Average,24.5,192.0,2.6,5.9,3718,1642,68.0,1.0,3.3,Low,1.0999999999999996
51,Female,Medium,Healthy,22.9,408.0,1.1,9.2,9344,1290,60.0,1.5,4.7,Low,0.20000000000000018
58,Female,Low,Average,19.0,564.0,3.6,3.8,4993,1136,72.0,2.2,4.1,Medium,0.9000000000000004
24,Female,Low,Average,29.0,162.0,3.3,7.8,6717,1707,72.0,1.3,2.7,Low,0.20000000000000018
21,Female,Medium,Healthy,24.3,96.0,1.9,8.8,6411,1269,68.0,1.6,4.0,Low,1.2999999999999998
67,Female,Medium,Average,20.0,167.0,1.3,3.5,4253,1319,69.0,1.3,4.7,Low,1.2000000000000002
62,Female,Low,Healthy,21.7,225.0,0.8,9.5,3129,925,74.0,2.2,4.0,Low,1.2999999999999998
28,Male,High,Average,21.5,189.0,3.0,12.3,13379,1717,53.0,1.2,2.7,Medium,1.7999999999999998
46,Male,Medium,Average,25.2,122.0,2.7,8.7,8871,1945,63.0,1.4,3.5,Low,1.5999999999999996
53,Male,Medium,Unhealthy,29.3,0.0,2.8,8.4,9448,1779,65.0,1.4,3.0,Low,2.5999999999999996
42,Male,Medium,Average,23.6,79.0,3.9,5.1,5870,1631,64.0,1.3,4.0,Low,0.09999999999999964
38,Male,Low,Healthy,17.5,361.0,2.6,5.8,2181,978,76.0,1.4,3.5,Medium,2.0
53,Female,Medium,Healthy,24.2,68.0,2.7,5.4,10729,1360,60.0,1.8,5.0,Low,0.3000000000000007
27,Male,Low,Average,24.4,0.0,1.4,4.8,4478,1423,69.0,2.2,5.1,Low,1.2999999999999998
54,Male,Low,Average,24.1,41.0,3.8,6.4,4529,1349,69.0,1.9,3.6,Medium,1.9000000000000004
26,Female,Medium,Unhealthy,22.5,186.0,2.4,7.8,8528,1645,66.0,1.8,3.2,Medium,2.5999999999999996
41,Male,Low,Average,25.9,86.0,1.8,4.9,4221,1391,70.0,1.1,3.6,Medium,2.5
66,Male,Medium,Healthy,24.9,80.0,4.1,7.8,6581,1297,68.0,2.4,4.4,Low,0.40000000000000036
52,Male,Low,Average,26.7,351.0,4.2,2.0,3190,1548,74.0,1.3,4.1,Medium,0.7000000000000002
65,Male,Low,Healthy,23.3,273.0,1.7,9.4,7249,1459,66.0,1.9,4.9,Medium,0.40000000000000036
53,Female,Medium,Average,23.1,532.0,3.4,7.5,11608,1593,65.0,1.9,3.9,Medium,2.5
35,Female,Low,Average,30.5,142.0,2.8,7.6,5390,1746,79.0,1.9,4.2,Medium,1.9000000000000004
66,Male,Medium,Average,27.2,157.0,3.3,9.9,7865,1616,79.0,1.9,3.5,Medium,1.2000000000000002
56,Male,Medium,Healthy,28.3,377.0,2.7,9.3,9130,1808,71.0,1.5,4.1,Low,2.0999999999999996
49,Male,High,Average,29.9,258.0,3.0,8.5,9727,1844,70.0,2.4,5.0,Low,0.09999999999999964
41,Female,High,Healthy,27.1,58.0,3.6,7.7,16989,1839,54.0,3.1,6.5,Low,2.0
40,Male,Medium,Healthy,28.7,283.0,1.1,7.0,7519,1476,68.0,1.9,4.7,Low,0.40000000000000036
54,Female,Medium,Unhealthy,25.8,0.0,1.6,4.6,8196,1554,63.0,1.4,4.7,Low,0.40000000000000036
29,Male,Low,Average,24.3,102.0,2.1,8.0,3731,763,68.0,1.9,4.4,Medium,0.3000000000000007
66,Male,Low,Average,31.7,228.0,2.5,8.0,5205,1797,83.0,1.1,3.8,Medium,1.2000000000000002
30,Male,Medium,Healthy,28.7,416.0,1.7,7.4,11189,2323,69.0,2.1,4.5,Low,1.0999999999999996
40,Female,Medium,Healthy,22.5,304.0,2.0,3.6,9713,1651,59.0,1.2,3.8,Low,1.7999999999999998
42,Female,Low,Healthy,26.5,115.0,1.4,2.0,4098,1454,69.0,1.3,4.6,Low,0.7999999999999998
52,Female,Low,Unhealthy,25.7,93.0,2.0,7.1,2400,1217,77.0,1.8,4.5,Low,0.5
58,Female,Medium,Average,26.8,319.0,2.9,2.4,8079,1323,69.0,2.1,5.1,Low,0.09999999999999964
34,Other,Medium,Average,26.4,78.0,1.9,11.9,9648,1791,62.0,1.6,3.9,Medium,1.0
66,Female,Medium,Average,24.1,411.0,3.6,7.8,6710,1226,70.0,1.5,2.7,Medium,2.4000000000000004
37,Male,High,Unhealthy,26.1,244.0,3.0,5.9,11335,1951,65.0,1.3,5.0,Medium,0.2999999999999998
65,Female,Medium,Healthy,22.1,86.0,3.6,4.4,8596,1616,65.0,1.8,4.8,Low,0.1999999999999993
42,Male,Medium,Average,22.7,19.0,1.1,5.6,9840,1394,59.0,1.5,4.4,Low,0.5999999999999996
39,Male,Medium,Unhealthy,29.7,325.0,2.7,6.9,8305,1758,77.0,1.9,4.5,Medium,1.5
36,Male,Medium,Healthy,21.1,167.0,1.1,7.4,5448,1383,66.0,1.6,4.1,Low,1.5
66,Female,Low,Healthy,24.8,256.0,4.4,6.3,4710,1209,76.0,1.7,4.2,Low,0.09999999999999964
53,Male,Medium,Average,21.9,224.0,2.0,8.7,5436,1425,66.0,1.8,3.9,Medium,1.7999999999999998
29,Female,Medium,Healthy,21.5,213.0,2.9,10.7,13334,1620,55.0,2.2,4.1,Low,1.5999999999999996
58,Female,Low,Unhealthy,25.4,1.0,3.2,7.8,6011,1732,68.0,2.1,3.8,Low,1.5999999999999996
36,Female,High,Healthy,19.0,46.0,2.6,7.5,15154,1708,50.0,1.9,4.6,Low,0.40000000000000036
29,Male,Low,Average,21.0,312.0,3.6,2.9,1594,1125,77.0,2.5,5.7,Low,0.09999999999999964
26,Male,Medium,Average,33.2,283.0,4.1,3.6,5249,2053,78.0,1.8,4.2,Low,1.7999999999999998
24,Female,Medium,Average,26.8,257.0,1.6,3.3,11790,1509,65.0,1.2,3.8,Low,1.5999999999999996
45,Male,Medium,Average,22.0,112.0,2.6,6.5,5684,1252,63.0,2.4,5.1,Low,0.3000000000000007
31,Female,Medium,Unhealthy,26.7,314.0,3.2,4.9,9000,1500,68.0,1.7,4.2,Low,1.5
48,Female,Medium,Average,27.3,144.0,1.2,5.8,11646,1719,59.0,1.5,4.6,Low,0.20000000000000018
69,Male,High,Average,29.0,395.0,3.4,4.9,14317,1909,65.0,2.4,5.0,Low,1.0999999999999996
36,Male,High,Healthy,24.5,87.0,3.9,5.1,10415,1389,57.0,2.3,4.9,Low,0.7999999999999998
64,Male,Medium,Healthy,28.9,121.0,3.5,2.4,4449,1813,74.0,2.8,6.3,Low,1.3000000000000007
33,Female,Medium,Healthy,17.5,177.0,2.9,7.5,8765,1375,57.0,2.3,4.1,Low,1.2999999999999998
22,Male,Low,Healthy,20.8,327.0,3.7,8.8,2344,1012,73.0,2.4,4.6,Low,1.0
52,Male,High,Average,25.7,194.0,2.8,7.2,14006,1382,61.0,1.8,4.5,Medium,0.7000000000000002
29,Male,High,Average,26.3,205.0,1.4,7.9,10803,1646,62.0,1.8,4.2,Low,0.9000000000000004
42,Female,Medium,Average,21.4,141.0,2.1,8.2,6797,1332,58.0,2.5,4.7,Low,0.09999999999999964
69,Male,Medium,Healthy,26.0,240.0,2.3,8.1,6861,1845,75.0,1.8,3.3,Low,1.5999999999999996
38,Male,Medium,Average,22.5,189.0,2.4,9.1,7477,1311,66.0,1.0,2.8,Low,2.0999999999999996
53,Female,Low,Unhealthy,23.9,82.0,2.4,10.0,2889,1506,72.0,1.9,3.7,Medium,1.5
40,Female,High,Unhealthy,29.1,219.0,2.2,10.9,14854,1948,63.0,1.7,3.3,Low,1.0
33,Female,Medium,Unhealthy,28.6,222.0,2.7,2.2,9994,1943,69.0,1.1,6.0,Low,1.0
56,Male,Medium,Unhealthy,21.0,552.0,3.7,8.2,7279,1502,73.0,1.9,4.0,High,2.4000000000000004
62,Male,Medium,Average,20.8,108.0,2.7,4.0,8521,1496,57.0,1.3,4.1,Low,1.5999999999999996
59,Female,High,Unhealthy,23.4,74.0,3.0,10.5,11194,1426,60.0,2.3,4.2,Medium,1.2000000000000002
56,Male,Medium,Average,24.9,241.0,0.7,7.2,4865,1366,73.0,1.4,3.4,Medium,2.4000000000000004
31,Female,Low,Unhealthy,22.4,51.0,2.6,7.7,4602,1421,66.0,1.8,3.7,Medium,1.7000000000000002
48,Female,Medium,Healthy,29.2,39.0,3.4,7.3,9759,1534,64.0,1.6,5.3,Low,0.20000000000000018
22,Male,High,Unhealthy,26.4,0.0,3.5,7.5,8259,1808,65.0,3.0,5.6,Low,0.5
52,Female,Medium,Average,26.6,83.0,3.4,11.1,7817,1400,66.0,1.1,2.6,Medium,1.2999999999999998
40,Female,High,Healthy,19.9,87.0,2.7,10.1,15296,1336,50.0,1.9,3.5,Low,2.0
46,Male,High,Healthy,29.7,7.0,2.8,11.0,14868,1973,57.0,1.1,3.3,Low,1.0999999999999996
60,Female,Medium,Unhealthy,17.5,162.0,2.0,6.5,6819,1010,55.0,2.6,5.1,Low,0.09999999999999964
28,Male,Medium,Average,28.3,0.0,3.2,2.0,8095,1775,68.0,2.7,6.1,Low,0.09999999999999964
64,Male,Medium,Healthy,23.3,116.0,3.0,4.2,6280,1430,66.0,2.2,4.4,Low,0.0
29,Female,Medium,Average,30.1,138.0,2.5,6.1,11109,1752,66.0,2.2,4.8,Low,1.2000000000000002
26,Female,Medium,Average,24.7,288.0,2.5,6.8,5224,1685,77.0,1.3,3.3,Medium,1.7999999999999998
61,Male,Medium,Average,26.4,105.0,2.9,8.6,8107,1830,66.0,2.3,4.1,Low,1.2000000000000002
34,Female,Medium,Average,37.7,267.0,2.7,4.7,6970,1705,90.0,1.4,5.3,Low,0.40000000000000036
55,Male,Medium,Healthy,30.4,432.0,2.1,8.6,4316,1799,81.0,1.2,3.9,Low,1.2000000000000002
24,Female,Medium,Healthy,27.8,48.0,3.8,6.5,10380,1690,62.0,1.3,3.8,Low,0.7999999999999998
63,Male,Medium,Healthy,21.3,313.0,2.8,13.5,6131,1462,68.0,1.8,3.4,Medium,1.5
30,Male,High,Unhealthy,25.6,33.0,3.1,3.0,13910,2193,63.0,1.6,4.5,Low,0.5999999999999996
57,Male,Medium,Average,21.7,376.0,2.6,7.3,8942,1209,62.0,2.0,5.4,Low,0.20000000000000018
59,Female,Low,Average,28.3,93.0,1.9,8.5,7568,1889,66.0,2.2,3.8,Low,0.7999999999999998
26,Male,Medium,Average,25.6,87.0,2.8,6.0,7288,1451,67.0,2.4,5.9,Low,1.0
67,Female,Low,Unhealthy,20.5,372.0,2.0,5.6,4076,813,75.0,2.0,4.3,Medium,1.9000000000000004
44,Male,Medium,Healthy,25.3,308.0,2.9,10.3,8828,1803,70.0,0.8,2.4,Medium,3.3
22,Male,High,Average,25.6,219.0,2.2,5.0,11716,2170,59.0,1.4,4.5,Medium,2.2
46,Female,Low,Unhealthy,21.6,93.0,2.5,3.3,6227,1389,61.0,1.5,5.6,Low,1.3000000000000007
54,Female,Medium,Average,25.1,0.0,1.7,8.5,7078,1249,64.0,2.3,4.8,Low,1.0
55,Male,Low,Average,28.0,228.0,2.8,7.8,4702,1546,77.0,1.0,1.9,Medium,2.3
36,Male,High,Average,24.8,146.0,2.2,8.4,13349,1752,56.0,1.9,3.9,Low,1.2000000000000002
25,Male,Medium,Unhealthy,23.4,58.0,2.5,6.7,6788,1660,63.0,1.2,4.0,Low,2.0999999999999996
65,Female,High,Average,25.8,395.0,2.1,9.1,17144,1970,57.0,1.0,3.1,Medium,2.0
62,Male,Medium,Average,27.8,63.0,3.3,11.0,8525,1315,68.0,2.5,5.8,Low,0.0
18,Female,Medium,Average,20.6,221.0,2.9,10.8,3631,1301,69.0,1.6,4.5,Medium,1.2000000000000002
39,Female,High,Unhealthy,26.0,361.0,2.7,5.0,14893,1910,62.0,2.1,4.4,Low,0.20000000000000018
69,Male,Low,Average,30.3,161.0,2.5,13.2,3059,1818,81.0,1.9,4.7,High,1.5
34,Female,Medium,Average,27.3,89.0,4.5,8.6,4822,1607,66.0,1.8,4.4,Medium,1.0999999999999996
24,Female,Low,Healthy,25.2,244.0,2.4,3.4,5434,1615,72.0,1.8,4.6,Low,2.0
42,Female,Medium,Average,27.6,268.0,1.9,8.1,6472,1641,71.0,1.7,3.2,Medium,1.0999999999999996
62,Male,High,Average,26.8,331.0,1.6,7.6,14787,1988,66.0,2.1,5.7,Low,0.9000000000000004
21,Male,High,Healthy,28.0,480.0,3.2,6.7,16759,1886,59.0,2.3,5.4,Low,0.40000000000000036
53,Male,Low,Unhealthy,17.5,131.0,3.8,6.5,3636,1091,57.0,1.4,4.1,Low,0.5999999999999996
23,Male,Medium,Average,18.8,229.0,1.8,8.8,8502,1243,61.0,2.2,4.7,Medium,1.5999999999999996
48,Male,Medium,Average,29.0,9.0,2.3,8.8,6638,1813,70.0,1.3,2.7,Low,1.5999999999999996
36,Male,Low,Unhealthy,19.0,299.0,2.2,5.5,5655,939,65.0,1.5,5.6,Low,1.5999999999999996
56,Male,Medium,Average,23.6,173.0,1.1,5.6,9074,1592,62.0,1.5,4.0,Low,0.9000000000000004
44,Male,High,Average,21.0,107.0,3.1,6.6,18516,1949,50.0,1.3,4.0,Low,0.5999999999999996
27,Male,Medium,Unhealthy,26.4,147.0,3.5,9.2,4297,1492,73.0,1.8,3.2,Low,2.0
43,Female,Medium,Unhealthy,25.8,235.0,1.0,10.0,6629,1675,67.0,2.1,4.1,Low,0.2999999999999998
36,Female,Medium,Average,33.4,55.0,3.9,6.5,7654,1527,79.0,2.0,4.5,Low,0.5999999999999996
56,Female,Medium,Average,22.5,153.0,3.8,9.7,8255,1433,60.0,1.8,3.7,Medium,0.9000000000000004
20,Male,High,Average,30.8,202.0,0.5,8.1,15846,2015,58.0,1.8,5.0,Low,1.7000000000000002
62,Other,Medium,Unhealthy,26.4,0.0,0.8,7.3,10441,1665,62.0,2.5,4.5,Low,0.40000000000000036
30,Male,Low,Healthy,22.4,42.0,2.4,11.7,2881,1437,65.0,1.4,3.0,Low,1.4000000000000004
67,Male,Medium,Average,28.2,100.0,3.6,7.8,7596,1393,73.0,2.0,3.9,Low,0.7000000000000002
45,Male,High,Average,27.3,435.0,2.7,6.7,17365,2207,54.0,2.1,3.7,Low,1.2999999999999998
37,Male,Medium,Healthy,25.1,75.0,2.5,9.1,8676,1694,58.0,1.3,3.8,Low,1.2000000000000002
45,Male,Medium,Healthy,26.1,191.0,3.0,3.9,4598,1745,72.0,2.3,6.0,Low,0.40000000000000036
25,Female,Low,Healthy,22.6,43.0,1.9,6.5,1324,768,71.0,1.5,4.9,Low,1.5
58,Female,Low,Unhealthy,21.7,83.0,3.5,7.7,3266,1333,65.0,2.0,4.3,Medium,1.7999999999999998
56,Male,High,Unhealthy,28.0,0.0,2.4,8.8,15656,2076,54.0,1.3,3.3,Low,1.9000000000000004
18,Female,Medium,Average,24.1,300.0,1.2,7.6,9066,1557,71.0,1.9,4.8,Low,1.2999999999999998
20,Male,Medium,Average,24.7,1.0,1.9,3.8,6213,1772,63.0,2.0,5.2,Low,0.09999999999999964
30,Male,Medium,Average,26.1,336.0,2.8,4.8,9327,1256,64.0,1.8,4.8,Low,1.9000000000000004
45,Female,High,Unhealthy,26.1,270.0,2.3,5.9,14755,1920,58.0,2.0,3.9,Medium,1.7000000000000002
66,Female,Low,Unhealthy,19.3,188.0,2.2,7.6,2378,1264,64.0,1.2,4.5,Medium,1.2000000000000002
42,Male,High,Healthy,30.1,341.0,2.7,3.8,12195,1667,71.0,1.6,5.0,Low,0.0
50,Male,Medium,Average,25.5,665.0,2.8,10.5,4110,1558,84.0,0.9,2.6,High,3.7
55,Female,High,Average,24.2,271.0,1.5,7.8,10427,1692,63.0,1.1,4.5,Medium,1.2000000000000002
23,Female,High,Unhealthy,26.7,31.0,3.5,7.7,8348,1242,66.0,2.9,5.5,Low,0.5
61,Female,Medium,Average,25.9,423.0,2.4,6.6,4906,1710,73.0,1.5,3.6,Medium,2.0999999999999996
62,Male,Low,Unhealthy,28.1,227.0,2.8,3.4,6518,1487,76.0,1.3,5.0,Low,1.2999999999999998
49,Male,Low,Unhealthy,27.2,516.0,2.6,7.2,3399,1811,81.0,1.8,4.5,Medium,1.2000000000000002
62,Male,Medium,Average,27.9,124.0,2.2,8.9,4452,1687,79.0,2.1,4.7,Low,1.2999999999999998
64,Male,Low,Unhealthy,30.4,392.0,3.2,6.6,4628,1765,81.0,1.3,4.4,Medium,1.0999999999999996
38,Female,Low,Average,28.5,199.0,2.6,9.7,4434,1804,75.0,2.0,4.3,Medium,0.7000000000000002
33,Male,Low,Average,24.4,598.0,2.6,6.8,4289,1570,79.0,1.3,4.5,High,0.7000000000000002
38,Male,Medium,Average,20.5,157.0,0.5,8.7,6253,883,65.0,2.5,4.8,Low,0.2999999999999998
28,Female,Low,Healthy,31.7,650.0,3.2,6.7,4934,1441,92.0,1.5,3.9,High,0.40000000000000036
54,Female,High,Average,24.0,265.0,2.4,7.9,10706,1599,64.0,2.4,5.4,Low,0.6999999999999993
53,Male,High,Average,23.1,327.0,3.1,9.2,16380,1595,61.0,1.1,3.5,Medium,0.5999999999999996
52,Female,Medium,Average,18.1,455.0,3.8,4.3,9769,1627,58.0,1.0,3.7,Medium,1.2000000000000002
36,Female,Medium,Unhealthy,26.4,81.0,3.2,8.6,7871,1436,65.0,1.9,3.8,Low,1.2999999999999998
37,Female,Medium,Unhealthy,25.6,345.0,2.5,9.6,5071,1501,71.0,0.9,2.1,High,2.2
64,Female,Medium,Average,26.8,222.0,4.5,7.2,6832,2102,69.0,2.2,4.5,Low,1.5999999999999996
58,Female,Medium,Average,23.0,212.0,2.9,2.0,8548,1721,59.0,2.3,5.5,Low,0.3000000000000007
31,Male,Medium,Healthy,22.7,279.0,2.4,4.8,6380,1495,70.0,2.3,5.2,Low,0.09999999999999964
32,Female,Medium,Average,23.3,113.0,1.8,10.2,12291,1796,55.0,2.3,4.4,Medium,1.2999999999999998
48,Male,Medium,Average,21.5,218.0,0.9,12.5,7912,1515,64.0,1.7,3.2,Medium,0.9000000000000004
18,Female,Low,Healthy,30.1,0.0,3.7,6.0,2993,1428,75.0,2.1,4.5,Low,0.1999999999999993
20,Male,Medium,Unhealthy,23.5,348.0,1.9,7.1,9998,1981,64.0,1.6,4.1,Low,1.9000000000000004
33,Male,Medium,Average,22.1,454.0,2.3,2.0,11099,1304,65.0,1.5,4.2,Low,0.3000000000000007
40,Male,Medium,Healthy,27.8,228.0,2.4,8.6,3866,1680,77.0,2.1,4.8,Low,0.1999999999999993
28,Female,Medium,Average,19.5,0.0,3.6,7.3,5237,1008,60.0,2.1,4.8,Low,0.2999999999999998
29,Male,High,Healthy,27.5,311.0,1.9,6.4,11673,1920,60.0,1.3,3.6,Low,2.5999999999999996
49,Female,Medium,Unhealthy,27.3,227.0,2.9,6.1,7041,1386,75.0,1.1,3.1,Medium,2.3
33,Female,Medium,Unhealthy,27.6,302.0,1.4,3.6,11041,1326,70.0,1.8,4.9,Low,1.0999999999999996
25,Female,Medium,Average,28.5,281.0,1.3,4.8,8440,1939,70.0,1.7,4.5,Low,1.5999999999999996
55,Female,Medium,Unhealthy,31.8,362.0,1.9,3.8,5099,1682,85.0,2.5,5.3,Low,0.7000000000000002
41,Female,Low,Healthy,26.8,226.0,2.6,4.1,4475,1879,72.0,1.5,2.9,Medium,2.8
45,Female,High,Healthy,28.6,310.0,2.4,8.4,11413,2011,67.0,2.4,4.4,Low,0.20000000000000018
25,Male,High,Healthy,21.5,189.0,3.0,4.1,12017,976,56.0,2.6,5.0,Low,0.5
45,Male,Medium,Average,28.1,96.0,1.8,6.9,5900,1396,64.0,1.4,2.6,Low,2.8
53,Female,Medium,Unhealthy,21.0,267.0,2.4,4.3,6750,951,65.0,1.8,4.5,Low,1.4000000000000004
43,Male,Medium,Healthy,23.5,30.0,2.4,4.4,9316,1380,56.0,2.2,4.2,Low,0.9000000000000004
25,Female,Medium,Average,17.5,187.0,1.8,4.3,6192,1068,57.0,1.0,4.3,Low,1.2999999999999998
67,Male,High,Average,26.6,0.0,4.3,9.4,14253,2411,56.0,1.6,3.9,Low,0.5
45,Male,Low,Average,22.4,116.0,0.8,6.5,4470,1500,66.0,1.8,4.8,Low,0.7999999999999998
45,Female,Low,Average,29.4,122.0,3.5,5.1,3918,1698,73.0,1.7,3.4,Medium,2.2
54,Male,Low,Average,26.6,52.0,3.1,4.5,1576,1481,76.0,1.5,5.3,Low,0.0
58,Male,Medium,Healthy,29.5,365.0,3.1,3.6,9497,1949,70.0,2.3,5.1,Low,1.0
53,Female,Low,Average,20.7,352.0,2.6,5.2,2251,774,70.0,1.7,4.6,Medium,1.2000000000000002
44,Male,High,Healthy,29.2,397.0,3.6,3.4,12274,1669,73.0,1.8,5.0,Low,0.09999999999999964
34,Female,Medium,Average,33.4,171.0,2.1,5.9,7079,2044,78.0,1.0,2.9,Medium,2.5
26,Female,High,Average,28.1,134.0,2.8,5.2,13904,1962,61.0,2.0,5.8,Low,0.2999999999999998
50,Female,Low,Average,28.2,320.0,2.6,5.1,4144,1636,83.0,2.2,4.4,High,0.7000000000000002
37,Male,Medium,Average,25.7,219.0,2.3,10.1,9371,1980,65.0,1.3,2.6,Medium,2.0
30,Male,Low,Average,22.9,218.0,2.6,6.4,3532,1147,69.0,1.6,3.0,Medium,1.5
45,Female,Low,Average,28.0,0.0,1.7,6.5,2174,1413,73.0,1.3,3.6,Low,1.0999999999999996
65,Female,Medium,Average,19.0,313.0,2.0,10.2,10174,1406,64.0,1.4,2.8,Medium,1.0
46,Female,High,Average,23.3,293.0,3.8,3.6,12796,1336,59.0,1.9,5.5,Low,1.2999999999999998
30,Female,Medium,Unhealthy,17.9,199.0,4.8,5.8,7630,905,56.0,2.3,4.9,Low,1.2000000000000002
63,Male,Medium,Unhealthy,22.2,322.0,2.9,3.1,5998,1622,69.0,1.8,4.3,Low,1.2999999999999998
52,Male,Medium,Average,27.6,290.0,3.2,7.2,6268,1571,72.0,2.2,5.2,Medium,0.20000000000000018
23,Male,Low,Healthy,27.0,95.0,2.7,8.5,6163,1498,68.0,2.3,2.9,Low,1.0
35,Male,Medium,Average,25.2,167.0,2.9,2.0,5249,1518,75.0,1.4,4.4,Low,0.5
68,Male,Low,Healthy,25.7,48.0,2.9,9.1,2159,1037,73.0,1.7,3.5,Medium,2.7
22,Female,High,Average,17.5,419.0,3.3,7.8,12613,1318,51.0,1.9,3.1,Medium,2.2
64,Male,Medium,Healthy,23.5,346.0,3.7,7.1,8636,1405,65.0,2.1,4.1,Low,0.7999999999999998
42,Male,Medium,Average,22.3,77.0,1.8,3.9,6065,1431,58.0,1.1,4.9,Low,0.7000000000000002
19,Male,Medium,Healthy,22.4,292.0,4.8,8.9,4843,891,68.0,2.3,4.4,Low,1.0
27,Female,Low,Unhealthy,27.4,241.0,2.6,11.2,2169,1296,82.0,1.9,3.1,Medium,1.0
47,Female,Medium,Healthy,21.6,97.0,2.6,6.0,7168,1274,59.0,1.6,4.6,Low,0.09999999999999964
67,Female,High,Average,22.6,218.0,2.2,6.2,10998,1472,67.0,1.6,3.7,Low,1.5
62,Female,High,Unhealthy,17.5,328.0,2.2,7.1,20669,1912,50.0,2.2,4.8,Medium,0.5
22,Male,Low,Healthy,23.8,340.0,3.0,6.0,6973,1311,68.0,1.2,3.7,Medium,1.0
50,Female,Low,Unhealthy,20.6,549.0,3.0,6.6,5748,1875,72.0,1.8,4.7,Medium,1.4000000000000004
18,Male,Medium,Average,25.3,214.0,3.0,9.6,8752,1764,66.0,1.4,2.4,Medium,2.9000000000000004
35,Male,High,Unhealthy,21.2,164.0,2.1,6.8,15135,1568,52.0,2.5,5.7,Low,0.0
49,Female,High,Unhealthy,25.4,284.0,0.5,7.7,17966,2109,53.0,2.2,4.6,Low,1.5
66,Male,Medium,Unhealthy,31.7,112.0,2.5,10.7,6353,1777,72.0,1.7,4.4,Medium,0.09999999999999964
28,Male,High,Healthy,27.0,61.0,2.8,4.4,20369,2395,50.0,2.3,5.7,Low,0.1999999999999993
38,Female,Low,Healthy,17.6,0.0,2.2,11.4,4862,879,55.0,1.2,3.3,Medium,1.0999999999999996
43,Male,High,Healthy,19.9,310.0,1.9,10.4,18359,1846,50.0,1.2,3.2,Low,0.9000000000000004
42,Male,Low,Healthy,25.2,0.0,2.7,10.7,6718,1507,64.0,1.9,4.2,Low,1.7000000000000002
39,Male,Medium,Average,21.3,68.0,2.4,5.4,4455,1301,67.0,2.0,4.0,Low,1.9000000000000004
44,Male,Low,Average,17.5,243.0,2.1,7.5,2704,1028,63.0,2.3,4.5,Medium,0.7999999999999998
66,Female,Medium,Average,30.4,151.0,1.2,6.0,7593,1827,72.0,2.4,5.1,Low,0.7999999999999998
30,Male,High,Average,27.9,522.0,1.8,7.3,15502,2410,65.0,1.6,4.7,Low,0.20000000000000018
50,Male,Medium,Unhealthy,27.1,0.0,3.2,11.4,9833,1631,63.0,1.7,2.5,Medium,2.0
51,Female,Low,Healthy,22.6,535.0,1.7,7.4,3905,1128,73.0,1.4,3.1,High,2.8
52,Male,Medium,Average,22.2,336.0,3.6,6.1,9218,1739,68.0,1.0,4.1,Low,1.7999999999999998
18,Male,Medium,Unhealthy,25.8,415.0,1.9,5.4,9194,1665,73.0,1.8,4.0,Low,2.5999999999999996
38,Male,Medium,Average,21.3,260.0,2.1,11.5,7446,1348,63.0,0.9,3.3,Medium,2.2
65,Female,Low,Average,31.1,0.0,3.3,5.0,4473,1622,77.0,2.0,4.4,Medium,1.4000000000000004
23,Female,Medium,Average,18.7,277.0,3.5,6.0,8617,1182,59.0,1.3,3.4,Medium,2.4000000000000004
45,Female,High,Healthy,29.9,0.0,2.0,6.1,16888,2384,58.0,1.3,4.6,Low,0.1999999999999993
34,Female,Medium,Average,25.2,120.0,1.2,11.0,5365,1462,71.0,2.3,4.2,Low,0.9000000000000004
22,Female,Medium,Average,23.0,188.0,3.5,9.4,9404,1577,58.0,1.5,4.8,Low,1.5999999999999996
48,Female,High,Average,25.7,63.0,3.0,8.4,9060,1507,63.0,2.7,5.5,Low,1.0
22,Female,Medium,Average,27.9,341.0,2.8,7.6,6293,1802,73.0,1.6,3.3,Medium,1.7000000000000002
55,Male,Medium,Average,30.5,167.0,3.2,7.5,9215,2138,70.0,2.4,4.8,Low,0.5999999999999996
20,Other,Medium,Average,26.3,261.0,1.6,7.2,6323,1382,68.0,1.4,3.0,Low,2.5
40,Male,Low,Average,21.4,198.0,2.8,12.1,4040,1051,68.0,1.6,2.4,High,2.5999999999999996
54,Male,Medium,Average,25.2,218.0,2.3,3.8,6157,1337,69.0,2.2,5.5,Medium,0.0
54,Female,High,Healthy,32.3,66.0,3.0,2.0,15797,2454,61.0,2.8,7.3,Low,1.0999999999999996
27,Male,Low,Healthy,30.4,23.0,3.1,8.1,4071,1490,76.0,1.2,3.5,Low,1.0999999999999996
34,Male,Medium,Average,27.8,409.0,2.7,2.0,8833,2081,75.0,1.3,5.2,Low,0.5
38,Female,Medium,Healthy,29.6,0.0,2.7,8.9,8987,1733,71.0,2.0,2.6,Low,1.7999999999999998
31,Male,Medium,Unhealthy,23.2,550.0,2.8,4.3,10217,1901,68.0,1.7,5.2,Medium,0.5999999999999996
26,Male,High,Healthy,19.6,245.0,2.0,3.8,17635,1680,50.0,3.1,6.7,Low,2.1999999999999993
63,Female,Medium,Unhealthy,25.3,210.0,2.2,4.6,6099,1410,73.0,1.6,4.4,Low,1.4000000000000004
18,Female,High,Average,21.7,118.0,2.8,3.0,16210,1893,50.0,2.6,6.0,Low,0.09999999999999964
68,Female,Medium,Healthy,20.8,298.0,3.0,7.5,8866,1386,64.0,2.2,5.2,Medium,0.7000000000000002
30,Female,High,Healthy,34.9,245.0,1.6,3.7,10139,2107,78.0,1.8,5.6,Low,0.7999999999999998
18,Female,Medium,Unhealthy,26.4,300.0,1.5,5.7,7605,1533,68.0,1.6,4.7,Low,1.2999999999999998
57,Female,High,Average,17.6,280.0,2.1,10.9,13139,1455,50.0,1.1,3.2,High,1.4000000000000004
49,Male,Medium,Unhealthy,21.7,57.0,2.3,8.7,7917,1254,59.0,1.2,4.4,Low,0.7999999999999998
51,Male,High,Average,30.8,0.0,1.5,11.8,11947,1730,66.0,1.6,3.9,Medium,0.40000000000000036
45,Female,High,Average,26.3,231.0,1.0,5.3,16352,2011,59.0,1.6,4.5,Low,1.2000000000000002
48,Female,Low,Unhealthy,27.4,233.0,2.6,9.6,5014,1382,76.0,1.0,2.6,Medium,1.7000000000000002
25,Female,Low,Healthy,28.0,488.0,2.6,8.2,3184,1173,83.0,1.7,4.0,Medium,1.0999999999999996
56,Female,Medium,Average,22.6,182.0,3.0,9.5,5910,1584,69.0,1.9,3.8,High,0.9000000000000004
43,Female,Medium,Average,30.6,256.0,3.2,9.1,9544,1665,71.0,2.2,4.4,Medium,1.5
51,Female,Low,Healthy,22.5,316.0,2.8,5.1,4763,958,73.0,1.2,4.3,Medium,1.2000000000000002
20,Male,Low,Average,30.6,277.0,2.6,14.0,3004,1622,80.0,2.2,3.7,High,1.0999999999999996
67,Female,Medium,Average,26.8,326.0,3.2,2.0,9388,1655,68.0,2.4,5.6,Low,0.09999999999999964
18,Female,High,Average,22.0,53.0,2.0,8.7,17689,1851,50.0,1.6,3.2,Medium,2.9000000000000004
22,Female,Medium,Unhealthy,29.7,0.0,2.0,7.3,7322,2217,74.0,1.7,3.2,Low,2.0
47,Female,Low,Healthy,24.9,194.0,2.7,8.8,2857,1320,79.0,2.2,3.8,Low,1.4000000000000004
47,Female,Low,Healthy,17.5,101.0,3.4,4.9,7022,901,55.0,1.4,5.7,Low,0.20000000000000018
34,Female,Medium,Average,26.5,248.0,2.3,9.1,6972,1663,79.0,1.4,3.2,Low,0.9000000000000004
65,Male,High,Average,22.9,160.0,1.7,6.7,8496,1561,66.0,1.5,4.6,Low,1.2000000000000002
64,Female,Medium,Unhealthy,19.1,47.0,2.1,10.5,5583,1111,63.0,1.0,2.1,Medium,1.7000000000000002
40,Male,Medium,Unhealthy,31.7,396.0,1.7,6.2,3945,1410,85.0,1.3,3.5,Medium,1.5
32,Female,Low,Average,25.4,212.0,1.6,8.2,5831,1812,66.0,2.3,4.6,Low,1.4000000000000004
54,Male,Medium,Average,23.8,329.0,3.5,8.6,11642,1403,60.0,1.8,3.4,Medium,1.9000000000000004
38,Male,Medium,Healthy,23.4,227.0,2.9,9.3,8499,1686,63.0,2.5,4.8,Low,0.5999999999999996
31,Male,Low,Healthy,18.9,269.0,1.9,7.1,1594,1255,70.0,1.8,3.4,Medium,1.0
19,Male,Medium,Average,19.8,0.0,1.7,6.3,10403,1344,51.0,1.3,3.3,Low,1.5
28,Female,Medium,Average,30.1,391.0,1.8,5.1,8931,2038,75.0,1.2,3.2,Medium,1.2999999999999998
68,Male,Medium,Unhealthy,23.1,331.0,1.9,8.2,10461,1766,65.0,1.6,2.9,Medium,1.7999999999999998
56,Female,Medium,Average,25.1,197.0,3.4,2.3,9179,1407,65.0,2.0,5.5,Low,0.7999999999999998
55,Male,High,Healthy,17.5,243.0,2.4,7.8,9845,1563,55.0,1.7,3.2,Low,1.5
51,Female,Medium,Average,19.7,350.0,4.2,8.0,9322,1423,60.0,1.4,3.4,High,2.2
55,Female,Medium,Unhealthy,27.4,144.0,2.5,11.7,4889,1132,77.0,0.8,1.9,Medium,3.0999999999999996
67,Female,High,Average,26.5,0.0,2.0,5.3,11684,1831,58.0,2.1,4.4,Low,0.2999999999999998
35,Male,Medium,Unhealthy,30.4,222.0,1.2,7.4,9967,2007,71.0,1.3,3.8,Medium,1.7000000000000002
47,Female,Low,Average,24.1,195.0,2.7,4.2,2584,1180,68.0,2.4,5.7,Low,0.09999999999999964
32,Male,High,Average,26.9,397.0,1.5,7.0,10580,1641,76.0,2.0,4.9,Medium,1.0
44,Female,Low,Average,23.7,56.0,0.8,3.6,4039,1139,72.0,2.6,5.3,Low,0.5
51,Male,Low,Average,29.6,41.0,3.2,8.5,4841,1777,76.0,1.1,2.7,Medium,1.0
69,Female,High,Average,25.7,264.0,2.7,8.1,21058,2126,50.0,2.4,4.5,Low,0.7999999999999998
55,Female,Medium,Average,25.8,0.0,2.6,5.4,7670,1537,66.0,1.5,3.3,Low,1.7000000000000002
50,Male,Medium,Healthy,30.8,311.0,0.5,10.5,9766,1949,72.0,2.5,3.9,Low,0.7999999999999998
41,Male,Medium,Average,27.3,60.0,2.4,4.3,7368,1871,65.0,1.6,4.0,Low,1.7000000000000002
32,Male,High,Unhealthy,31.2,84.0,2.4,7.1,11599,1815,73.0,1.9,4.4,Low,0.3000000000000007
47,Female,Low,Average,17.5,465.0,3.0,4.1,2572,710,70.0,1.2,5.0,Low,1.0
59,Female,Low,Average,26.8,384.0,1.7,6.5,4530,1281,78.0,1.1,4.7,Low,1.9000000000000004
68,Male,Low,Healthy,22.9,217.0,3.2,10.2,5942,1054,69.0,1.2,4.1,Medium,1.2000000000000002
22,Female,Medium,Average,31.2,502.0,2.3,4.7,10842,2221,79.0,1.9,5.0,Low,0.7000000000000002
46,Female,Medium,Healthy,25.1,170.0,2.9,5.7,11661,1381,60.0,2.3,5.0,Low,1.5
21,Male,Medium,Average,31.1,237.0,1.5,6.1,9735,1894,83.0,1.6,4.6,Low,1.0999999999999996
27,Male,High,Unhealthy,32.1,336.0,3.2,4.9,14980,2337,62.0,1.2,3.9,Medium,1.2000000000000002
34,Female,Medium,Average,25.3,0.0,1.4,7.7,6659,1533,63.0,1.3,4.2,Low,1.5999999999999996
27,Male,Medium,Unhealthy,34.9,103.0,3.0,12.5,10605,2343,76.0,2.0,3.0,Medium,1.5999999999999996
34,Male,Medium,Average,24.9,189.0,2.3,5.6,5718,1357,65.0,2.6,6.0,Low,0.1999999999999993
37,Female,Medium,Healthy,24.1,219.0,2.4,11.8,9214,1475,65.0,1.2,3.5,Medium,1.2999999999999998
41,Female,Low,Average,28.5,4.0,0.5,7.0,2066,1429,75.0,2.5,4.6,Medium,0.9000000000000004
22,Male,Low,Healthy,23.6,248.0,2.0,7.8,2413,1387,74.0,1.5,3.2,Low,1.4000000000000004
51,Male,Low,Average,25.3,205.0,2.3,7.7,3907,1967,77.0,1.2,3.5,High,2.5
23,Male,Medium,Healthy,30.6,450.0,3.7,2.8,9407,1904,77.0,1.3,3.7,Low,1.7999999999999998
19,Male,Medium,Average,25.1,350.0,2.5,8.1,10009,1608,64.0,1.8,3.8,Medium,2.0999999999999996
30,Female,Medium,Average,18.2,159.0,2.0,2.0,8008,1037,61.0,2.6,5.8,Low,0.40000000000000036
60,Male,High,Healthy,26.5,170.0,3.2,7.5,12747,2182,61.0,2.4,5.1,Low,0.1999999999999993
60,Female,Medium,Healthy,22.2,352.0,2.1,7.4,6419,1289,64.0,1.1,3.6,Low,1.5999999999999996
65,Female,Medium,Average,28.5,242.0,3.3,3.2,9400,1677,67.0,2.3,5.1,Low,0.5999999999999996
68,Male,Low,Unhealthy,30.9,514.0,1.8,6.3,4266,2080,88.0,1.8,4.4,Medium,1.5
64,Female,Medium,Healthy,28.6,51.0,3.3,6.6,8603,1661,67.0,1.4,5.2,Low,0.7999999999999998
40,Female,High,Average,29.4,571.0,3.0,6.6,18804,2217,66.0,1.7,4.7,Medium,1.0
33,Female,Low,Average,22.3,264.0,3.2,5.5,5524,832,68.0,1.0,4.0,Medium,1.7000000000000002
48,Male,Medium,Average,28.2,104.0,2.4,7.2,5169,1812,71.0,1.5,4.1,Low,0.2999999999999998
28,Female,Low,Average,32.9,0.0,3.0,9.2,5331,1800,76.0,1.8,5.0,Low,1.7999999999999998
33,Female,Medium,Average,22.2,316.0,4.0,6.4,10762,1722,64.0,1.2,3.5,Medium,2.5
25,Female,Medium,Average,32.2,0.0,2.6,6.9,6360,1991,73.0,1.3,4.3,Low,0.5999999999999996
21,Male,High,Average,22.8,253.0,2.2,8.6,16844,1845,50.0,1.2,4.1,Medium,1.0
21,Female,Medium,Average,26.2,29.0,3.0,6.5,8964,1681,60.0,1.4,4.1,Medium,1.0999999999999996
20,Female,Medium,Average,28.6,78.0,3.9,4.8,7798,1786,72.0,2.0,4.6,Low,1.2999999999999998
49,Male,Medium,Healthy,21.2,369.0,1.5,8.5,8262,1501,64.0,1.2,2.2,High,2.4000000000000004
20,Male,Medium,Healthy,26.7,209.0,2.9,10.8,4845,1545,75.0,1.5,3.8,Medium,1.0999999999999996
44,Male,High,Average,22.3,197.0,3.4,4.6,9129,1487,61.0,1.5,4.9,Low,0.3000000000000007
46,Female,Medium,Healthy,19.0,381.0,3.4,6.9,8540,1170,67.0,1.7,4.3,Low,2.0999999999999996
49,Male,High,Average,21.3,293.0,1.8,7.0,13853,1587,50.0,2.0,4.9,Low,0.1999999999999993
67,Male,Low,Average,22.0,79.0,1.5,5.1,4994,1080,66.0,2.2,4.4,Low,0.9000000000000004
68,Female,Medium,Unhealthy,27.1,468.0,2.7,10.8,7435,1543,72.0,1.2,2.8,High,2.3
36,Male,Medium,Average,29.6,0.0,3.1,9.9,8165,2219,69.0,1.5,3.8,Medium,0.9000000000000004
38,Female,Medium,Average,19.1,241.0,1.6,7.9,9901,1368,52.0,1.7,4.4,Low,1.2000000000000002
22,Female,Medium,Average,26.4,76.0,2.7,6.0,3448,1555,74.0,2.3,5.3,Medium,0.09999999999999964
35,Female,Low,Unhealthy,20.3,0.0,1.3,9.4,2625,1114,71.0,2.9,4.9,Medium,0.9000000000000004
45,Female,Low,Average,27.5,29.0,3.3,8.3,3214,1516,72.0,2.1,4.2,Medium,1.7999999999999998
59,Female,Medium,Average,22.5,192.0,2.0,5.9,7682,1459,59.0,1.1,4.3,Low,1.2999999999999998
39,Male,High,Healthy,20.8,252.0,2.4,9.4,9748,1381,62.0,2.1,3.5,Low,1.2999999999999998
38,Female,High,Average,28.2,358.0,3.2,7.9,11274,1979,68.0,1.5,4.8,Medium,0.5
18,Female,High,Average,23.7,241.0,2.9,4.5,15394,1504,58.0,1.2,5.2,Low,0.5999999999999996
22,Male,Low,Average,17.5,133.0,3.3,3.7,1000,954,70.0,1.7,5.5,Low,0.20000000000000018
58,Female,Medium,Unhealthy,28.8,355.0,2.8,9.6,7549,1965,75.0,2.5,4.1,Medium,0.7999999999999998
29,Female,Low,Unhealthy,28.3,107.0,3.7,5.2,3786,1436,80.0,1.4,4.0,Low,1.0
43,Female,High,Average,25.0,0.0,1.1,8.6,11260,1857,60.0,2.8,5.2,Low,0.5999999999999996
63,Male,Medium,Average,18.9,340.0,2.5,12.4,7715,1388,60.0,1.7,2.7,High,2.5999999999999996
51,Male,Medium,Unhealthy,29.8,398.0,2.4,9.0,8785,2153,73.0,1.2,3.0,Medium,2.0999999999999996
66,Female,Medium,Unhealthy,22.3,76.0,2.3,6.0,9430,1864,63.0,1.5,3.6,Medium,2.2
31,Female,Low,Unhealthy,23.2,494.0,2.9,5.1,4151,1442,78.0,1.2,3.7,Low,0.7999999999999998
43,Male,Medium,Average,34.2,287.0,2.7,6.2,9293,2057,75.0,1.1,2.9,Low,1.9000000000000004
62,Female,Medium,Healthy,22.2,265.0,3.2,4.4,8021,1107,63.0,1.5,3.9,Low,1.0999999999999996
44,Female,Low,Healthy,28.0,122.0,1.6,4.1,1000,1635,79.0,2.8,5.9,Low,0.5
43,Female,Medium,Healthy,26.6,0.0,2.2,8.3,5542,1500,67.0,2.2,5.8,Low,0.0
64,Female,Low,Average,26.1,149.0,2.7,5.7,4170,1542,76.0,2.7,6.1,Low,0.0
39,Male,Low,Average,26.5,90.0,2.3,6.4,3670,1266,74.0,2.2,4.2,Low,0.9000000000000004
64,Male,Low,Healthy,26.1,3.0,2.6,8.2,3655,1331,74.0,2.5,5.1,Low,0.9000000000000004
47,Female,Medium,Unhealthy,24.8,329.0,2.1,8.8,6324,1228,68.0,1.5,3.4,Medium,2.0
60,Female,Medium,Average,31.0,251.0,2.7,2.2,7202,1891,80.0,1.4,5.1,Low,0.7999999999999998
43,Female,Medium,Average,28.3,347.0,2.2,4.2,6757,1732,74.0,2.1,4.5,Medium,1.0
53,Female,Medium,Unhealthy,27.8,211.0,2.2,9.1,4494,1640,79.0,1.5,3.8,Medium,0.5999999999999996
18,Male,High,Average,29.5,129.0,4.4,5.8,14837,2070,59.0,1.8,4.4,Low,0.9000000000000004
25,Female,Low,Average,24.6,104.0,3.2,11.5,2085,1629,73.0,1.8,4.0,Low,0.2999999999999998
66,Male,Medium,Healthy,17.5,0.0,3.7,5.8,8055,1487,55.0,2.0,5.2,Low,0.09999999999999964
52,Male,Medium,Average,24.7,374.0,2.9,7.8,9412,1577,64.0,1.2,4.4,Low,1.2000000000000002
69,Male,Low,Average,21.0,357.0,2.6,5.3,5906,1345,67.0,1.9,4.6,Medium,0.7999999999999998
32,Female,Low,Unhealthy,22.1,639.0,2.8,8.2,3517,1528,76.0,1.7,3.4,High,2.0
64,Female,Medium,Healthy,20.0,149.0,3.4,8.3,9249,1134,53.0,1.2,4.0,Low,0.5999999999999996
39,Male,High,Average,23.1,99.0,3.9,9.2,13977,1774,59.0,1.4,3.9,Low,0.09999999999999964
31,Female,Medium,Unhealthy,22.6,0.0,2.7,6.7,4255,1230,63.0,1.3,5.2,Low,0.20000000000000018
43,Male,Medium,Average,17.5,343.0,2.0,10.2,5027,1370,67.0,1.3,2.8,Medium,1.2000000000000002
45,Male,Medium,Average,27.8,309.0,3.2,7.7,9694,1883,76.0,1.1,2.5,Medium,1.2999999999999998
40,Other,Medium,Average,33.9,432.0,1.8,5.4,10315,1760,76.0,1.3,3.0,High,2.5999999999999996
31,Female,Low,Healthy,27.4,62.0,2.8,5.4,1000,1326,73.0,1.5,3.3,Low,0.7999999999999998
41,Male,Low,Healthy,24.2,307.0,3.0,8.8,4500,1670,78.0,1.7,3.6,Low,2.2
19,Female,Medium,Unhealthy,24.8,121.0,2.4,10.2,8537,1759,61.0,1.9,2.6,Medium,2.4000000000000004
62,Male,Medium,Average,23.3,401.0,1.8,4.2,6394,1212,70.0,1.8,5.7,Medium,0.9000000000000004
43,Male,Low,Average,25.4,280.0,2.1,8.9,2811,1186,75.0,1.7,4.4,Medium,0.20000000000000018
31,Female,Low,Average,24.9,0.0,2.2,3.3,2415,1357,71.0,1.5,3.9,Low,2.2
68,Female,Low,Healthy,21.6,180.0,1.7,5.5,1118,1113,67.0,1.1,3.1,Medium,1.7000000000000002
24,Male,Medium,Average,31.7,0.0,2.2,8.2,5892,1769,76.0,2.2,4.4,Low,0.9000000000000004
20,Female,Medium,Average,19.1,25.0,1.3,4.9,9392,1250,55.0,2.0,5.9,Low,0.20000000000000018
64,Female,Low,Unhealthy,27.9,34.0,3.0,10.7,3474,1416,76.0,1.0,2.0,High,1.5
40,Male,Low,Average,24.6,103.0,2.8,8.5,5100,1885,71.0,1.8,4.6,Medium,0.7000000000000002
63,Female,Low,Healthy,32.6,160.0,2.7,4.0,1000,1596,87.0,2.3,5.1,Low,0.3000000000000007
60,Female,Low,Unhealthy,26.4,224.0,2.2,8.6,4659,1374,73.0,1.2,4.2,Medium,1.0999999999999996
62,Female,Low,Average,24.0,196.0,1.8,7.0,1000,1219,74.0,1.1,3.9,Low,2.4000000000000004
35,Female,Medium,Average,25.2,249.0,2.9,9.2,6946,1353,70.0,1.2,2.9,Medium,3.2
55,Male,Medium,Average,20.4,12.0,1.4,8.8,8687,1317,54.0,1.6,3.2,Low,1.4000000000000004
52,Female,Medium,Average,21.9,210.0,2.6,6.8,10606,1507,59.0,2.2,4.0,Medium,1.0999999999999996
68,Female,Low,Healthy,17.9,415.0,2.0,6.1,1931,1058,70.0,2.2,4.4,Low,1.2000000000000002
32,Male,Low,Average,21.3,175.0,3.9,4.1,6080,1370,62.0,1.5,4.1,Low,0.5999999999999996
42,Female,Low,Healthy,25.4,274.0,2.9,7.5,4657,1253,77.0,1.9,3.1,Medium,1.7999999999999998
54,Female,High,Unhealthy,26.2,260.0,2.5,9.0,10991,1871,67.0,1.3,4.4,Low,0.7000000000000002
45,Female,High,Healthy,17.5,329.0,1.6,12.2,16978,1732,50.0,1.5,2.1,Medium,1.5
27,Male,Low,Unhealthy,24.5,243.0,1.4,5.9,7454,1307,62.0,1.6,5.1,Medium,1.0
56,Male,Medium,Average,27.3,326.0,2.9,9.1,7329,1502,70.0,2.1,3.7,Medium,1.5
34,Female,Low,Healthy,24.3,276.0,3.9,8.9,3372,1314,74.0,1.0,3.3,Low,1.9000000000000004
56,Male,Low,Average,22.5,298.0,2.8,5.8,2571,1271,75.0,1.6,5.2,Low,1.5
39,Female,Medium,Healthy,23.4,266.0,2.6,8.8,11676,1688,62.0,1.9,4.9,Medium,0.09999999999999964
43,Male,Low,Healthy,22.8,48.0,2.7,5.0,2905,1247,69.0,2.2,4.9,Low,0.0
42,Male,Medium,Unhealthy,25.7,147.0,2.7,6.5,6751,1757,68.0,1.2,3.1,Low,0.9000000000000004
34,Male,Medium,Healthy,34.2,432.0,2.0,8.1,6775,1782,82.0,2.1,4.0,Medium,1.9000000000000004
30,Female,High,Unhealthy,22.0,174.0,1.7,8.3,12264,1860,61.0,2.1,5.0,Low,0.5999999999999996
37,Male,Medium,Healthy,23.7,246.0,2.6,5.7,6422,1675,71.0,2.1,4.4,Low,0.9000000000000004
42,Male,Medium,Average,24.8,0.0,3.7,7.0,6568,1280,66.0,1.5,3.4,Low,1.2999999999999998
21,Male,Medium,Unhealthy,22.3,229.0,3.1,6.7,8286,1516,60.0,2.4,4.0,Low,0.9000000000000004
27,Female,Low,Unhealthy,29.4,212.0,1.5,4.3,6024,1983,71.0,1.6,4.6,Medium,0.7000000000000002
20,Male,Medium,Healthy,17.5,0.0,2.3,6.1,6016,1233,56.0,2.1,3.5,Low,1.0999999999999996
58,Female,High,Average,22.9,243.0,3.1,5.6,10091,1209,60.0,2.5,4.3,Medium,0.09999999999999964
62,Female,Medium,Healthy,28.3,0.0,3.7,4.2,8652,1753,62.0,2.0,4.4,Low,1.0
35,Female,High,Average,23.8,91.0,3.9,5.0,15598,1980,52.0,2.1,4.5,Low,1.0
53,Female,Low,Average,26.8,223.0,3.2,7.1,6113,1557,72.0,1.1,3.2,Medium,1.9000000000000004
64,Female,Low,Average,28.6,132.0,2.7,3.9,1622,1161,81.0,2.0,4.8,Low,0.20000000000000018
39,Male,Medium,Healthy,25.8,119.0,2.4,10.0,4004,1887,73.0,1.8,4.9,Low,0.09999999999999964
51,Male,Medium,Healthy,21.8,137.0,2.5,8.5,9130,1430,54.0,2.5,4.9,Low,0.2999999999999998
64,Male,Medium,Healthy,26.8,224.0,2.6,6.8,9077,1991,62.0,1.2,4.5,Low,1.5999999999999996
25,Female,High,Unhealthy,23.4,19.0,3.4,4.0,18445,1856,50.0,2.1,5.0,Low,0.5
57,Other,Medium,Healthy,28.0,368.0,1.4,6.5,8785,1861,70.0,1.5,3.5,Low,0.5999999999999996
66,Female,Medium,Average,30.9,27.0,2.9,6.3,6874,1682,68.0,1.4,4.0,Low,0.5
61,Male,Medium,Average,17.5,0.0,3.7,4.3,10078,1144,50.0,1.2,3.3,Low,1.7999999999999998
36,Female,Low,Average,25.4,348.0,3.6,4.1,2433,1729,76.0,1.5,4.7,Low,0.5999999999999996
59,Male,Medium,Average,18.1,134.0,3.0,8.9,12013,1573,51.0,2.1,4.0,Low,1.4000000000000004
58,Male,Low,Average,34.8,210.0,1.9,6.2,4408,1910,83.0,2.4,4.1,Low,1.0
54,Male,Low,Average,23.1,298.0,3.1,9.2,2894,1457,70.0,1.7,3.6,Medium,1.4000000000000004
23,Male,Medium,Average,28.0,92.0,3.6,7.0,6226,1513,68.0,1.3,4.3,Low,0.7000000000000002
69,Female,High,Unhealthy,24.9,220.0,2.1,8.9,14585,1828,56.0,2.7,4.7,Medium,0.8000000000000007
43,Male,Medium,Unhealthy,21.8,297.0,2.8,8.8,7840,1424,62.0,1.3,5.7,Low,0.2999999999999998
62,Female,Medium,Healthy,31.3,123.0,2.0,10.0,5379,1602,78.0,2.4,4.1,Medium,0.9000000000000004
23,Female,Low,Average,28.8,130.0,2.2,7.3,3757,1212,77.0,1.1,2.8,Low,2.3
54,Female,High,Average,32.8,284.0,2.6,3.3,16480,2105,62.0,2.3,5.1,Low,0.6999999999999993
50,Male,Medium,Average,25.2,231.0,1.8,3.7,6490,1885,71.0,2.7,5.3,Low,0.09999999999999964
39,Female,Low,Average,26.2,179.0,1.6,5.4,4384,1129,74.0,1.9,4.0,Low,1.5
38,Female,Medium,Average,23.9,438.0,1.8,8.9,10237,1597,71.0,1.9,3.8,Medium,1.9000000000000004
23,Male,Low,Average,23.9,0.0,2.8,6.0,4945,1423,72.0,1.6,4.8,Low,0.09999999999999964
23,Female,Low,Healthy,20.8,0.0,1.3,7.5,2184,1077,70.0,2.3,3.9,Low,0.9000000000000004
65,Male,Low,Average,25.3,0.0,0.7,8.3,4482,1619,67.0,1.4,3.9,Medium,1.2999999999999998
21,Male,Low,Healthy,21.8,380.0,3.6,7.4,6197,1282,67.0,1.6,3.9,Medium,1.5
47,Female,Medium,Average,26.8,277.0,1.7,2.0,8994,1890,68.0,2.1,6.4,Low,0.40000000000000036
28,Female,Medium,Healthy,25.7,0.0,2.3,4.0,10360,1809,58.0,1.6,5.3,Low,1.5999999999999996
47,Male,Medium,Healthy,26.2,181.0,3.2,11.4,9960,1437,71.0,1.8,3.4,Medium,2.2
48,Female,Medium,Healthy,31.7,195.0,1.3,7.8,5723,2046,81.0,1.5,4.0,Low,1.7000000000000002
41,Female,Medium,Unhealthy,24.8,0.0,1.3,2.0,11560,1639,59.0,2.9,6.2,Low,1.3000000000000007
26,Female,Low,Average,28.0,228.0,2.0,7.2,5880,1276,76.0,2.6,5.0,Medium,0.09999999999999964
48,Male,Medium,Average,29.6,27.0,2.5,7.1,7744,2115,68.0,1.5,4.7,Low,0.09999999999999964
57,Female,Medium,Average,23.8,232.0,2.3,2.4,7821,1721,68.0,2.4,6.5,Low,0.0
53,Male,High,Healthy,19.7,346.0,3.6,2.9,10895,1610,55.0,2.4,5.3,Low,0.40000000000000036
41,Female,Medium,Average,27.0,276.0,4.9,3.9,8298,1542,77.0,2.0,5.3,Low,0.5999999999999996
48,Male,Low,Healthy,26.1,187.0,2.4,3.4,3620,1118,72.0,1.9,4.4,Low,0.7999999999999998
23,Male,Low,Average,25.1,0.0,3.7,11.3,1769,1202,77.0,1.0,1.9,Medium,2.5
19,Male,High,Healthy,29.1,134.0,3.3,8.8,15050,1791,59.0,1.9,3.8,Low,0.5999999999999996
37,Female,Medium,Average,20.2,166.0,2.7,10.5,9021,1368,62.0,1.4,4.0,Medium,1.2000000000000002
45,Male,High,Average,31.5,155.0,0.7,3.7,14897,2556,63.0,1.9,5.0,Low,0.2999999999999998
28,Female,Medium,Healthy,28.6,0.0,2.2,7.5,8580,1788,62.0,1.9,3.3,Low,1.7999999999999998
21,Male,High,Unhealthy,24.7,265.0,2.2,4.5,15223,1936,60.0,1.6,4.3,Low,0.20000000000000018
32,Male,High,Unhealthy,24.4,22.0,2.8,4.7,14499,1599,57.0,2.2,3.9,Low,0.7999999999999998
23,Male,Medium,Healthy,26.9,431.0,2.3,8.2,8698,1584,72.0,2.0,3.7,Medium,1.7000000000000002
66,Female,Low,Unhealthy,31.1,222.0,2.0,7.4,4758,1854,82.0,2.1,3.8,High,1.5999999999999996
47,Male,Medium,Average,25.4,346.0,4.1,7.7,6829,1529,70.0,1.2,4.0,Medium,0.7000000000000002
55,Male,High,Average,25.6,343.0,3.5,3.9,10201,1543,67.0,0.9,4.1,Low,1.7999999999999998
68,Female,High,Healthy,25.1,511.0,0.9,7.3,14957,2053,66.0,1.6,3.1,Medium,2.2
19,Female,Low,Healthy,32.1,227.0,2.3,7.9,4227,1802,82.0,1.1,3.5,Medium,1.2000000000000002
32,Male,Medium,Unhealthy,23.5,141.0,3.0,5.3,8906,1942,64.0,1.7,5.0,Low,0.7999999999999998
28,Male,High,Unhealthy,24.9,144.0,3.6,6.3,17414,2073,54.0,2.4,4.5,Medium,0.5999999999999996
25,Female,Medium,Average,30.9,424.0,2.2,2.9,7930,1635,83.0,1.5,4.1,Medium,0.7999999999999998
43,Male,High,Unhealthy,25.6,1.0,2.3,2.0,13600,1847,58.0,1.7,5.8,Low,0.40000000000000036
68,Male,High,Average,29.5,68.0,2.6,12.0,15404,1850,59.0,2.1,4.6,Low,0.20000000000000018
62,Female,High,Healthy,21.4,235.0,3.0,7.5,10938,1908,58.0,2.6,5.3,Low,0.5999999999999996
61,Female,Low,Average,24.2,177.0,1.3,6.1,4062,1174,72.0,1.4,4.5,Medium,0.40000000000000036
22,Female,Low,Healthy,30.9,345.0,0.9,9.0,3846,1921,79.0,1.9,2.9,Medium,2.5
23,Male,Low,Average,22.3,0.0,3.5,4.8,5314,1518,64.0,2.4,5.6,Low,0.8000000000000007
43,Male,High,Unhealthy,24.4,189.0,1.7,7.3,12624,1588,55.0,2.2,4.6,Low,0.5999999999999996
36,Male,Low,Average,21.0,39.0,1.8,4.2,3766,1251,67.0,1.5,3.5,Low,2.5
37,Female,Medium,Average,23.3,331.0,2.4,5.8,3025,1452,73.0,1.1,4.2,Low,1.7000000000000002
50,Female,Medium,Healthy,25.5,186.0,2.8,3.5,6943,1588,73.0,1.9,5.8,Low,0.20000000000000018
29,Female,Medium,Average,31.2,144.0,2.2,9.9,7755,1983,72.0,1.4,3.1,Medium,1.7999999999999998
64,Female,Low,Unhealthy,21.6,46.0,1.8,9.1,6008,1134,62.0,1.3,4.0,Medium,0.09999999999999964
18,Male,High,Average,25.4,329.0,1.6,6.3,16889,1484,60.0,2.0,4.2,Medium,2.0999999999999996
43,Male,Low,Average,27.7,354.0,2.8,8.0,1200,1551,82.0,1.1,3.0,Medium,2.0999999999999996
31,Female,Medium,Average,31.1,452.0,2.7,8.1,9519,2010,78.0,1.5,3.7,Low,1.2000000000000002
55,Male,Low,Healthy,27.9,265.0,1.6,8.8,4842,1675,75.0,1.5,2.1,Medium,2.0999999999999996
54,Other,Low,Average,26.2,149.0,1.4,10.7,3860,1728,66.0,2.2,4.5,Medium,1.2000000000000002
28,Male,Low,Healthy,27.7,129.0,3.3,4.3,1000,1600,77.0,1.2,3.4,Low,0.9000000000000004
53,Female,Medium,Average,27.7,273.0,2.0,2.3,9565,2026,73.0,1.9,4.0,Low,1.2000000000000002
30,Male,Medium,Average,21.3,230.0,1.1,4.4,7141,1507,65.0,1.5,3.3,Low,1.7000000000000002
20,Male,Low,Unhealthy,30.8,160.0,2.2,8.0,2548,1396,84.0,2.8,5.9,Low,0.6999999999999993
50,Male,High,Average,24.2,375.0,4.1,5.6,11773,1989,66.0,1.3,4.5,Medium,1.2999999999999998
23,Male,Low,Healthy,25.5,135.0,2.1,6.3,5404,1449,74.0,2.0,4.3,Low,0.7999999999999998
67,Female,Low,Average,24.0,402.0,2.3,4.9,6434,1336,71.0,1.8,3.8,Medium,0.9000000000000004
27,Male,Medium,Unhealthy,17.5,227.0,2.7,6.7,7145,1288,64.0,2.4,5.7,Low,1.0
22,Female,High,Healthy,25.1,144.0,2.0,5.3,18538,1629,52.0,2.9,5.7,Low,0.9000000000000004
40,Female,Low,Average,26.2,82.0,2.9,11.1,3356,1296,74.0,1.1,2.8,Medium,2.7
27,Male,High,Average,23.0,176.0,1.7,10.3,12677,1531,50.0,1.6,3.3,Medium,0.5
61,Female,Medium,Average,20.4,275.0,2.3,8.8,5164,1095,68.0,2.1,4.1,Medium,0.7999999999999998
19,Male,Medium,Healthy,21.5,143.0,2.8,7.1,8994,1821,62.0,2.0,5.1,Low,0.0
30,Female,Low,Average,28.1,327.0,3.4,9.8,3706,1536,80.0,1.4,3.2,Medium,2.9000000000000004
57,Female,Medium,Unhealthy,32.9,135.0,2.0,7.2,7721,1826,79.0,2.1,5.0,Low,1.0999999999999996
19,Male,Low,Unhealthy,30.5,181.0,2.0,7.4,3430,1652,83.0,1.5,4.5,Medium,1.4000000000000004
18,Male,Low,Average,28.4,283.0,2.1,7.7,4938,1236,77.0,1.5,4.1,Low,1.7000000000000002
54,Other,Medium,Healthy,22.3,159.0,2.5,3.8,7877,1452,62.0,1.1,4.8,Low,1.0
26,Male,High,Average,22.7,436.0,3.9,6.0,16424,1701,55.0,1.9,3.4,Medium,2.0999999999999996
34,Female,Medium,Healthy,23.2,305.0,2.6,7.4,6111,1458,70.0,1.6,4.5,Low,0.7999999999999998
26,Male,Low,Healthy,27.8,212.0,2.3,4.8,4358,1335,76.0,1.6,4.3,Low,1.0
28,Female,Medium,Average,28.8,383.0,2.4,8.2,12274,1895,62.0,1.9,4.1,Medium,1.7999999999999998
32,Male,Medium,Healthy,24.6,260.0,1.9,9.6,6577,1465,69.0,1.2,3.4,Medium,1.7999999999999998
41,Female,Low,Average,24.7,351.0,2.9,4.8,3273,1111,77.0,1.2,4.5,Medium,1.5
55,Female,Medium,Unhealthy,26.9,70.0,1.8,7.3,7007,1998,68.0,2.6,5.3,Low,0.20000000000000018
52,Female,Low,Unhealthy,27.3,269.0,3.1,3.9,2436,1545,79.0,2.5,5.1,Medium,0.5
47,Male,Medium,Healthy,29.7,275.0,2.5,4.1,11315,2121,66.0,1.7,4.0,Medium,2.5999999999999996
48,Male,Medium,Average,19.9,0.0,2.7,7.8,3392,1059,59.0,1.1,2.8,Low,2.0
66,Male,Low,Average,25.1,425.0,3.9,8.8,2166,1384,78.0,1.5,3.5,Medium,3.2
22,Female,Low,Average,20.7,25.0,1.3,3.2,4702,982,57.0,1.9,4.7,Low,2.3
61,Male,Low,Unhealthy,24.8,5.0,2.5,12.1,2904,1228,70.0,2.4,3.5,Medium,0.40000000000000036
67,Female,High,Average,24.1,0.0,3.0,5.8,13908,1581,50.0,1.9,5.3,Low,0.40000000000000036
28,Female,Low,Average,21.8,0.0,3.3,5.7,4745,1621,62.0,1.6,4.7,Medium,0.9000000000000004
26,Female,Medium,Average,19.1,122.0,2.1,6.3,8163,1462,52.0,1.2,4.6,Low,0.20000000000000018
51,Female,Low,Average,17.5,325.0,2.7,10.8,3416,1373,64.0,1.7,3.8,Medium,1.2999999999999998
29,Male,Medium,Average,24.5,228.0,2.4,10.8,8258,1714,67.0,0.7,2.0,Medium,3.2
52,Male,Medium,Healthy,23.3,106.0,2.6,2.9,7643,1554,65.0,2.2,5.3,Low,0.40000000000000036
52,Male,High,Healthy,22.3,0.0,2.6,5.6,19083,1693,50.0,1.8,4.5,Low,0.5
18,Male,Low,Healthy,30.3,183.0,2.5,14.0,3136,1705,81.0,1.4,2.4,Medium,1.5
57,Female,Medium,Healthy,21.6,328.0,2.1,5.9,9110,1349,63.0,1.3,4.0,Low,1.5999999999999996
46,Female,High,Average,31.5,468.0,2.8,9.8,10035,1704,74.0,1.7,4.2,Medium,1.2000000000000002
25,Male,Medium,Average,17.5,101.0,2.5,9.1,5774,1084,59.0,1.7,3.8,Medium,0.09999999999999964
28,Female,Medium,Average,25.4,2.0,1.9,2.0,11861,1747,55.0,1.9,4.5,Low,1.2000000000000002
58,Female,Medium,Average,23.4,246.0,2.8,7.8,6645,1793,72.0,1.9,3.8,Medium,1.0999999999999996
54,Female,Medium,Unhealthy,17.5,231.0,2.1,11.4,8024,991,56.0,1.6,3.8,Low,0.5999999999999996
31,Male,High,Average,19.2,199.0,3.7,7.1,13478,1732,52.0,1.8,3.1,Low,2.7
47,Male,High,Average,28.1,88.0,4.5,4.4,13885,2125,56.0,2.2,5.3,Low,0.9000000000000004
52,Male,Medium,Unhealthy,33.1,0.0,3.6,4.4,7255,1894,73.0,2.2,4.4,Medium,0.5
22,Male,Low,Average,24.9,242.0,2.3,14.0,3664,1394,77.0,1.4,1.5,High,2.9000000000000004
36,Male,Low,Average,31.7,344.0,1.0,6.3,1043,1777,88.0,2.2,4.4,Medium,1.2999999999999998
31,Female,Medium,Healthy,33.6,251.0,1.7,8.4,7767,2499,81.0,1.4,3.0,Low,2.0999999999999996
43,Female,Low,Unhealthy,22.7,310.0,2.0,3.1,4502,1507,71.0,1.1,3.4,Medium,1.9000000000000004
42,Female,Medium,Unhealthy,17.5,203.0,2.7,5.8,10295,1571,57.0,2.7,5.5,Low,0.0
62,Other,Medium,Average,30.3,204.0,2.0,8.1,7245,1520,76.0,1.6,3.2,Low,1.9000000000000004
59,Female,Medium,Average,24.8,0.0,1.0,6.8,9681,1546,63.0,2.4,5.7,Medium,0.40000000000000036
42,Male,Medium,Healthy,25.7,101.0,4.4,7.1,5697,1526,70.0,2.1,4.1,Low,1.4000000000000004
35,Female,Medium,Average,17.8,107.0,2.9,6.3,6965,960,56.0,1.1,2.9,Low,2.2
57,Female,Low,Average,22.0,183.0,3.2,6.9,6431,1249,61.0,1.6,3.9,Medium,1.7000000000000002
25,Male,Medium,Average,23.8,60.0,2.1,6.3,8364,1193,59.0,1.1,4.6,Low,1.2999999999999998
56,Female,Medium,Unhealthy,25.8,340.0,2.4,3.6,8465,1372,71.0,1.2,3.8,Medium,1.0
57,Female,Low,Average,23.4,67.0,2.2,3.3,3732,1270,72.0,1.8,5.1,Medium,0.40000000000000036
31,Female,Medium,Average,20.9,365.0,2.6,10.4,11737,1326,61.0,0.9,2.2,Medium,2.8
68,Female,High,Healthy,29.8,109.0,1.5,6.4,18454,2281,53.0,1.7,4.7,Low,0.8000000000000007
55,Female,Medium,Average,26.0,98.0,2.5,10.0,6816,1644,68.0,2.0,4.0,Low,1.2000000000000002
50,Male,High,Average,27.4,125.0,2.8,6.3,11083,1712,65.0,1.3,4.6,Low,0.20000000000000018
40,Female,Medium,Average,21.4,376.0,2.4,9.2,6469,1545,68.0,1.7,3.7,Medium,2.4000000000000004
32,Female,High,Unhealthy,17.5,150.0,3.3,4.8,15887,1610,50.0,1.7,4.5,Low,1.5
50,Female,Low,Unhealthy,22.9,154.0,1.1,10.9,6471,1448,63.0,2.3,4.2,Medium,1.5
42,Male,Low,Average,21.5,88.0,4.0,7.6,5124,1326,62.0,1.1,3.8,Medium,1.2999999999999998
34,Female,Low,Average,26.4,161.0,1.4,6.9,5315,1491,69.0,2.5,5.6,Low,0.1999999999999993
50,Male,Medium,Average,38.0,232.0,1.6,6.6,8345,2497,82.0,2.1,5.7,Low,0.8000000000000007
64,Male,Low,Average,27.8,167.0,2.1,8.9,2090,1701,76.0,1.0,3.3,Low,1.9000000000000004
19,Female,Medium,Average,35.9,177.0,2.0,7.6,12046,2203,71.0,2.2,4.7,Low,1.0
31,Male,Medium,Healthy,27.3,352.0,2.8,2.0,9328,1771,72.0,2.0,5.6,Low,0.20000000000000018
57,Female,Medium,Healthy,22.5,241.0,2.7,5.9,9046,1407,65.0,1.7,4.1,Low,0.7000000000000002
57,Male,Medium,Unhealthy,26.4,27.0,2.6,7.8,9747,2202,67.0,2.1,4.5,Low,0.5999999999999996
68,Male,Low,Average,32.1,187.0,1.4,4.6,1429,1611,86.0,1.9,4.9,Medium,0.1999999999999993
56,Male,Medium,Average,32.3,119.0,2.4,5.7,6997,2133,71.0,2.0,5.4,Low,0.3000000000000007
68,Other,Medium,Unhealthy,22.7,278.0,2.5,6.0,9243,2040,59.0,1.5,3.1,Medium,0.9000000000000004
23,Female,High,Average,26.0,215.0,3.5,11.0,13565,1905,60.0,1.8,4.3,Low,0.6999999999999993
23,Female,Medium,Average,19.3,369.0,2.7,8.5,7846,930,63.0,1.7,3.4,Medium,0.9000000000000004
20,Male,High,Healthy,28.3,88.0,2.8,7.8,17844,2430,53.0,1.6,3.9,Low,1.0999999999999996
24,Male,Medium,Unhealthy,31.2,171.0,4.1,4.1,8234,1787,69.0,1.4,4.5,Low,0.0
68,Other,High,Healthy,25.2,40.0,1.6,5.3,21134,1967,50.0,1.5,5.3,Low,0.7000000000000002
25,Male,Low,Average,22.3,193.0,2.2,9.1,3938,1628,72.0,1.2,2.9,Medium,1.2000000000000002
59,Male,Medium,Average,26.4,0.0,1.6,8.7,9609,1444,65.0,1.6,4.0,Low,0.2999999999999998
69,Female,High,Average,26.7,248.0,3.8,3.4,15452,2240,59.0,1.8,5.6,Low,0.7999999999999998
64,Female,Medium,Average,25.7,223.0,3.7,4.8,5937,1151,67.0,2.3,5.5,Low,0.7000000000000002
46,Female,High,Average,24.3,318.0,2.9,7.9,14111,1956,60.0,1.5,2.7,Medium,1.9000000000000004
50,Male,Medium,Average,29.0,233.0,2.8,13.8,11841,1473,64.0,0.9,1.5,High,3.3
69,Male,Low,Average,27.9,8.0,2.1,6.0,3409,1522,77.0,1.5,3.2,Medium,2.0
47,Male,Medium,Healthy,21.1,116.0,3.1,7.4,9037,1089,60.0,2.3,4.6,Low,1.2999999999999998
56,Female,Low,Average,21.0,187.0,1.5,5.6,3614,1128,63.0,2.1,4.8,Medium,1.4000000000000004
44,Female,High,Unhealthy,24.0,150.0,1.5,7.4,14664,1925,51.0,2.6,6.0,Low,0.8000000000000007
53,Male,Low,Unhealthy,27.9,169.0,2.2,10.6,5713,1708,73.0,1.5,3.3,Medium,1.5999999999999996
46,Male,Low,Average,25.6,443.0,4.0,6.5,4172,1488,75.0,1.2,3.2,Medium,2.0
55,Female,Low,Average,22.4,215.0,2.1,6.3,3076,1444,74.0,1.7,4.0,Medium,0.9000000000000004
50,Female,Medium,Average,26.0,257.0,2.2,9.8,11212,1748,58.0,1.8,3.6,Medium,1.5
54,Male,High,Unhealthy,23.7,0.0,2.7,3.8,12185,1629,54.0,2.5,5.6,Low,0.40000000000000036
44,Male,Low,Unhealthy,28.5,311.0,3.2,7.2,5015,1682,73.0,2.3,4.7,Medium,1.2999999999999998
50,Male,Low,Average,26.3,627.0,3.5,5.2,1764,1253,85.0,1.9,4.3,High,1.9000000000000004
39,Other,High,Unhealthy,25.9,133.0,2.4,4.8,21813,2181,50.0,1.2,4.4,Low,0.7000000000000002
19,Male,Medium,Unhealthy,30.3,542.0,2.7,3.4,7945,1975,77.0,1.9,5.0,Low,1.0
27,Female,Medium,Average,22.7,204.0,2.8,2.0,5947,1337,65.0,2.1,3.9,Low,1.0999999999999996
22,Male,Medium,Unhealthy,26.6,245.0,3.2,5.9,9535,1811,70.0,1.8,3.9,Low,2.3
50,Male,Medium,Healthy,26.7,156.0,2.5,9.0,12282,1422,53.0,1.0,3.7,Low,1.2999999999999998
55,Female,Medium,Unhealthy,22.4,0.0,3.4,3.7,6801,1099,61.0,1.3,4.0,Low,1.0
30,Female,High,Average,25.4,318.0,3.3,7.4,9989,1557,71.0,2.1,5.3,Low,1.0999999999999996
48,Female,High,Average,29.4,155.0,3.2,8.4,14911,2040,62.0,2.3,4.6,Low,0.09999999999999964
64,Male,Medium,Average,21.3,171.0,2.1,7.9,9166,1686,63.0,1.7,4.0,Medium,1.2999999999999998
53,Male,Medium,Average,19.7,241.0,3.1,7.6,6462,1334,61.0,1.7,3.2,Low,1.9000000000000004
62,Male,Medium,Unhealthy,19.8,137.0,3.5,2.0,9920,1491,58.0,1.7,5.1,Low,1.5
69,Male,Medium,Average,27.4,380.0,2.6,6.8,7458,1943,75.0,1.9,4.2,Low,1.7000000000000002
32,Female,Medium,Healthy,19.4,260.0,3.8,8.4,9089,1131,63.0,2.3,5.7,Low,0.7000000000000002
46,Male,High,Average,23.8,176.0,2.8,10.5,13137,1962,54.0,2.2,4.2,Medium,0.2999999999999998
25,Male,Low,Average,27.5,181.0,2.4,6.4,2897,1511,71.0,1.2,4.7,Medium,0.7999999999999998
22,Male,Medium,Average,26.7,230.0,3.7,6.1,4772,1422,73.0,2.6,4.8,Low,0.5
46,Male,Medium,Average,23.5,75.0,2.1,7.3,6765,1386,65.0,1.2,4.8,Low,0.7000000000000002
64,Male,Low,Healthy,25.8,231.0,1.1,7.1,7741,1474,73.0,1.6,4.1,Low,0.7000000000000002
21,Male,Medium,Average,25.4,302.0,1.9,8.1,8071,1621,69.0,2.0,4.0,Low,1.5
29,Female,High,Healthy,24.1,213.0,3.4,8.3,10948,1626,63.0,1.4,3.7,Low,1.4000000000000004
62,Female,High,Average,24.2,136.0,2.9,6.6,17800,2169,50.0,2.1,4.1,Low,0.5
19,Male,Medium,Average,33.9,156.0,2.6,8.2,7906,2397,74.0,2.1,4.2,Medium,1.7000000000000002
44,Male,Low,Healthy,28.2,297.0,3.3,6.5,4438,1506,79.0,2.2,4.5,Medium,1.0
48,Male,High,Unhealthy,34.9,34.0,2.6,3.4,14822,2078,70.0,1.9,4.8,Low,0.7999999999999998
68,Male,Medium,Average,23.0,77.0,2.3,4.1,10970,1722,57.0,1.9,3.9,Low,0.5999999999999996
68,Male,Medium,Average,24.7,0.0,3.2,2.0,5342,1637,67.0,1.7,6.8,Low,1.0999999999999996
53,Female,Low,Average,19.7,205.0,2.2,11.2,6189,1308,61.0,2.2,5.4,Medium,0.0
60,Male,Medium,Average,22.9,432.0,1.7,6.5,6292,1426,67.0,1.1,3.4,Medium,2.2
44,Male,Low,Average,32.7,96.0,1.8,9.4,3629,1656,78.0,2.1,4.7,Medium,1.5999999999999996
37,Male,Medium,Healthy,20.8,139.0,2.0,3.4,11617,1933,55.0,1.5,6.3,Low,1.0
28,Male,Medium,Unhealthy,23.6,447.0,2.0,5.0,10870,1414,65.0,1.4,4.3,Low,0.20000000000000018
27,Female,Low,Unhealthy,24.7,395.0,2.4,8.3,3418,1613,79.0,1.8,3.4,High,2.4000000000000004
57,Male,Low,Average,28.7,225.0,2.4,5.8,7014,1798,82.0,1.5,4.8,Low,0.9000000000000004
55,Female,Low,Healthy,26.8,107.0,1.3,5.2,5426,1678,67.0,2.1,5.4,Low,0.0
23,Female,Medium,Healthy,23.3,0.0,0.5,9.1,8942,1750,60.0,2.0,4.6,Low,0.1999999999999993
25,Male,Low,Average,24.5,0.0,2.8,4.9,3578,1230,67.0,1.8,4.8,Medium,0.7000000000000002
40,Female,Medium,Healthy,23.7,0.0,2.6,13.2,6845,1398,65.0,1.9,3.7,Low,1.5
64,Male,Low,Average,21.3,0.0,1.4,11.0,4813,1352,68.0,2.1,3.8,Medium,1.0
43,Female,Low,Unhealthy,21.4,481.0,2.8,6.5,4575,883,73.0,1.9,3.9,Medium,2.5
63,Male,Medium,Unhealthy,29.1,5.0,2.8,10.1,7218,2073,72.0,2.0,4.5,Low,1.2000000000000002
60,Male,Low,Healthy,17.7,40.0,2.3,7.5,5670,1134,55.0,1.6,4.4,Low,0.40000000000000036
29,Female,Low,Unhealthy,31.5,61.0,4.1,6.0,4245,1556,81.0,2.0,4.3,Low,1.0
43,Female,Medium,Average,23.6,589.0,3.5,11.9,8836,1752,77.0,1.9,3.9,High,1.0
30,Other,Medium,Healthy,21.9,190.0,2.2,8.0,10145,1519,59.0,1.9,4.8,Low,0.7999999999999998
57,Female,Medium,Average,28.0,349.0,2.2,4.8,9653,1641,73.0,0.9,4.0,Low,2.3
35,Male,Low,Average,30.9,226.0,1.3,8.2,1570,1796,80.0,2.0,4.2,Medium,1.7000000000000002
42,Male,High,Unhealthy,29.5,0.0,3.5,11.2,16285,1661,54.0,2.0,4.0,Medium,2.2
50,Male,High,Healthy,27.0,429.0,2.7,7.0,14083,1997,66.0,1.4,4.0,Low,1.2000000000000002
64,Male,Medium,Healthy,29.3,260.0,3.2,7.5,7105,2011,81.0,1.0,3.0,Low,2.0
57,Male,Medium,Average,18.1,181.0,0.8,6.3,8104,1062,52.0,1.3,3.4,Low,1.0
60,Female,High,Unhealthy,22.9,464.0,3.1,7.9,13081,1411,62.0,2.3,3.7,Medium,1.4000000000000004
29,Male,Low,Unhealthy,21.4,148.0,2.1,4.6,4190,1322,71.0,2.1,5.2,Low,0.40000000000000036
61,Male,Low,Healthy,29.9,178.0,3.0,5.0,3968,1518,83.0,1.9,5.4,Low,0.3000000000000007
53,Male,Low,Average,23.5,148.0,2.9,6.1,5031,1825,68.0,1.7,5.6,Low,0.09999999999999964
65,Female,High,Unhealthy,28.4,361.0,2.5,7.4,9404,1690,76.0,2.9,5.7,Medium,0.3000000000000007
21,Female,Medium,Average,27.1,322.0,1.9,9.8,8367,1650,73.0,1.2,3.4,Medium,1.7000000000000002
22,Female,High,Unhealthy,21.6,241.0,2.8,6.6,13914,1740,60.0,1.3,3.8,Medium,0.9000000000000004
54,Male,Low,Unhealthy,22.7,42.0,1.8,9.1,7377,1066,61.0,1.5,4.0,Medium,1.7000000000000002
25,Female,High,Healthy,30.2,144.0,3.3,5.9,8128,1847,72.0,1.6,5.5,Low,0.9000000000000004
59,Male,High,Average,21.9,42.0,1.9,8.5,16766,1989,50.0,1.4,4.0,Medium,0.20000000000000018
66,Female,High,Healthy,25.5,374.0,2.5,10.0,15300,1870,59.0,1.7,2.8,Medium,2.3
45,Female,Medium,Unhealthy,21.9,0.0,1.9,6.7,9532,1246,56.0,2.4,4.3,Low,1.0
48,Male,High,Average,23.7,439.0,2.6,7.9,12658,1604,60.0,1.2,4.0,Medium,2.2
26,Female,High,Unhealthy,24.8,393.0,1.7,5.5,14958,1455,65.0,1.9,5.0,Low,0.7999999999999998
68,Female,Medium,Unhealthy,21.9,62.0,1.9,8.5,8290,1368,60.0,1.2,3.3,Low,1.7999999999999998
46,Male,Medium,Healthy,21.2,137.0,4.3,2.0,15072,1884,50.0,1.6,4.8,Low,1.5999999999999996
31,Female,Medium,Healthy,26.1,93.0,3.2,2.9,7381,1475,65.0,2.3,4.5,Low,0.5999999999999996
57,Male,Medium,Average,21.6,264.0,2.8,8.4,6429,1476,61.0,1.3,3.9,Low,2.5999999999999996
58,Male,Medium,Unhealthy,21.8,411.0,2.9,2.9,12002,1273,63.0,2.2,5.4,Low,0.9000000000000004
39,Male,Low,Unhealthy,21.2,377.0,2.7,5.8,4515,1616,68.0,1.7,4.5,Low,1.7000000000000002
28,Male,Medium,Unhealthy,24.7,135.0,2.4,10.5,9027,1822,61.0,2.3,3.7,Medium,1.2999999999999998
18,Male,Low,Average,31.0,375.0,1.8,13.0,4115,1449,81.0,2.1,3.6,High,1.0
63,Female,Low,Healthy,22.1,171.0,3.8,7.2,3371,1138,71.0,1.2,3.6,Low,2.0
54,Male,High,Healthy,33.6,198.0,2.6,6.8,14397,2312,66.0,1.7,5.2,Low,0.8000000000000007
38,Female,Low,Average,21.0,431.0,3.1,7.0,2738,1376,73.0,1.4,4.0,Medium,1.9000000000000004
43,Female,High,Unhealthy,29.3,358.0,3.8,4.7,9642,1428,70.0,1.6,4.7,Low,0.40000000000000036
63,Female,Medium,Average,22.1,383.0,2.9,6.5,6313,1598,69.0,1.1,3.6,Medium,0.7000000000000002
53,Male,Medium,Unhealthy,21.5,587.0,1.9,3.8,3276,1257,73.0,1.2,3.5,Medium,1.9000000000000004
40,Male,Low,Average,22.0,282.0,3.5,9.9,3453,1005,74.0,1.7,3.2,High,1.0
18,Male,Low,Average,24.8,248.0,3.9,8.8,3250,860,83.0,1.8,3.5,Medium,1.7000000000000002
68,Female,Medium,Average,27.3,403.0,0.9,4.1,9207,1760,73.0,1.7,4.2,Medium,1.4000000000000004
57,Female,Low,Average,27.7,498.0,2.4,5.3,4193,1596,79.0,1.3,4.3,Medium,0.9000000000000004
32,Male,Medium,Unhealthy,21.2,108.0,2.7,8.0,7721,1245,63.0,1.0,3.4,Medium,2.3
38,Male,High,Average,21.0,169.0,2.3,7.7,17532,1933,50.0,2.2,4.5,Low,1.0999999999999996
64,Female,Low,Average,21.3,47.0,1.5,4.4,3374,1606,64.0,2.4,4.6,Low,0.20000000000000018
26,Male,Medium,Unhealthy,24.6,251.0,1.8,7.2,5780,1381,69.0,1.5,4.7,Medium,0.5
26,Female,High,Unhealthy,24.2,333.0,1.0,8.4,6417,1317,74.0,1.8,3.5,Medium,0.9000000000000004
27,Female,High,Average,21.2,57.0,3.3,8.5,14074,1966,52.0,2.0,3.0,Low,1.0999999999999996
69,Female,High,Average,26.1,370.0,3.6,11.2,13840,1814,58.0,2.0,4.2,High,1.0
43,Male,High,Healthy,34.1,132.0,3.6,7.6,17807,2549,64.0,1.7,4.7,Low,0.7999999999999998
58,Male,Medium,Healthy,23.0,119.0,2.5,3.9,6264,1279,63.0,2.2,6.6,Low,1.0999999999999996
52,Female,High,Healthy,23.3,369.0,2.7,4.3,16250,2043,57.0,1.8,5.0,Low,0.5
69,Female,High,Unhealthy,27.2,106.0,3.4,10.1,6550,1373,67.0,1.6,3.9,Medium,2.0999999999999996
42,Male,Medium,Healthy,22.8,0.0,2.3,11.0,5401,1385,63.0,1.6,2.5,Low,1.5999999999999996
43,Male,Medium,Average,27.7,311.0,1.7,6.9,8767,1794,68.0,1.5,3.4,Medium,2.0
28,Female,Medium,Average,22.1,180.0,2.0,8.0,9378,1443,60.0,1.8,4.0,Medium,2.3
55,Female,Medium,Unhealthy,32.3,379.0,2.6,7.2,4681,1674,80.0,1.1,3.1,Medium,2.4000000000000004
19,Female,Low,Healthy,26.4,324.0,1.9,6.3,2808,1790,76.0,1.6,4.3,Medium,1.4000000000000004
24,Other,Medium,Average,22.5,0.0,2.9,3.3,8090,1610,57.0,2.0,5.1,Low,1.0
35,Male,Medium,Average,22.6,397.0,1.4,8.2,7809,1269,65.0,1.7,4.3,Medium,1.4000000000000004
44,Male,Medium,Average,22.9,484.0,2.3,11.5,9095,1132,67.0,1.3,3.8,High,1.9000000000000004
51,Female,Low,Average,30.5,355.0,2.8,7.4,5370,2035,80.0,1.1,3.7,Medium,1.5999999999999996
44,Female,Medium,Average,19.9,361.0,2.6,6.2,5443,1027,71.0,1.9,4.5,Low,1.4000000000000004
34,Male,Low,Healthy,22.3,162.0,1.9,5.9,4665,1313,64.0,2.5,5.0,Low,0.5
60,Male,Low,Average,22.8,128.0,3.1,8.2,2920,1275,67.0,1.3,4.1,Medium,0.09999999999999964
61,Female,Medium,Healthy,24.9,231.0,2.7,9.9,8671,1649,66.0,2.0,3.9,Low,1.2999999999999998
68,Male,Medium,Unhealthy,23.9,337.0,0.8,8.3,7066,1139,64.0,2.1,4.0,Low,1.4000000000000004
41,Male,Low,Average,19.0,334.0,2.9,2.3,5615,1104,66.0,2.5,4.9,Low,0.5
24,Female,Medium,Healthy,24.6,119.0,2.1,9.1,6022,1459,69.0,1.9,3.8,Low,0.9000000000000004
69,Female,Medium,Unhealthy,22.5,0.0,1.8,6.5,4642,1453,71.0,2.1,4.1,Low,1.9000000000000004
23,Male,Medium,Average,27.7,297.0,1.7,5.7,10378,1833,68.0,1.8,3.7,Low,1.0999999999999996
41,Female,Low,Healthy,28.7,141.0,2.7,5.9,2941,1641,76.0,2.2,5.3,Low,0.2999999999999998
50,Female,Medium,Average,24.7,154.0,2.9,9.2,6796,1387,70.0,1.9,3.7,Medium,1.4000000000000004
66,Female,High,Average,25.9,459.0,2.6,2.1,16226,2285,60.0,2.0,5.2,Low,1.2999999999999998
46,Female,Medium,Unhealthy,17.5,289.0,3.3,8.3,5953,1055,62.0,2.0,2.6,Low,1.5
60,Male,High,Average,23.3,248.0,3.0,7.7,14597,1814,61.0,1.9,3.9,Medium,0.7000000000000002
39,Male,Medium,Healthy,29.0,324.0,0.9,7.7,8036,1794,76.0,1.7,3.9,Low,2.5
43,Male,Medium,Average,23.3,413.0,1.8,4.1,7836,1568,66.0,1.3,4.0,Low,1.7000000000000002
45,Male,High,Average,22.1,0.0,3.5,2.7,17585,2048,50.0,2.2,7.0,Low,0.8000000000000007
67,Female,Medium,Healthy,34.1,115.0,1.5,12.6,8932,1894,70.0,1.3,3.2,Low,1.2000000000000002
38,Female,High,Average,32.3,165.0,0.5,7.3,16937,2457,58.0,1.8,4.9,Low,0.40000000000000036
66,Female,Medium,Average,26.9,53.0,4.0,11.8,7500,1792,70.0,1.8,4.3,Medium,0.09999999999999964
24,Female,High,Unhealthy,29.6,160.0,2.7,9.3,11827,1987,64.0,1.1,3.3,Low,0.7000000000000002
34,Male,Medium,Average,17.5,0.0,2.0,7.3,10077,1323,50.0,1.5,4.0,Medium,0.7000000000000002
37,Male,High,Average,21.8,338.0,1.8,7.6,12288,1350,60.0,2.3,5.2,Medium,0.0
58,Male,Low,Healthy,23.1,122.0,3.0,9.7,4185,1254,69.0,1.6,3.8,Low,1.2999999999999998
66,Male,Medium,Healthy,24.1,230.0,2.9,10.0,8847,1177,63.0,2.3,3.2,Medium,1.0999999999999996
37,Male,High,Unhealthy,23.0,207.0,2.8,8.2,11691,1556,57.0,1.3,3.7,Low,2.2
39,Female,Low,Unhealthy,17.5,283.0,2.3,9.7,2850,976,67.0,1.6,3.7,Medium,1.2000000000000002
57,Male,High,Unhealthy,27.2,267.0,2.5,7.8,16232,2069,59.0,1.2,3.5,Low,0.9000000000000004
66,Male,Low,Average,31.4,158.0,3.4,5.5,4519,1992,73.0,2.8,5.9,Medium,0.3000000000000007
24,Female,Medium,Unhealthy,21.8,261.0,2.1,8.2,5293,1344,65.0,1.7,3.6,Low,1.0999999999999996
18,Male,Medium,Healthy,21.5,23.0,3.0,5.1,11905,1550,52.0,2.3,4.8,Low,0.2999999999999998
49,Female,Medium,Average,17.5,262.0,2.2,6.0,8760,1120,54.0,1.9,4.6,Low,1.5
47,Female,Low,Average,28.6,228.0,1.7,6.8,3771,1377,80.0,2.8,5.5,Low,0.09999999999999964
40,Male,Low,Average,22.6,92.0,2.5,10.3,3636,793,66.0,1.1,2.8,Medium,0.9000000000000004
68,Female,Low,Average,33.6,98.0,2.9,5.3,3441,2133,84.0,2.9,6.2,Low,0.5999999999999996
36,Male,Low,Average,24.0,286.0,2.0,2.0,5748,1622,71.0,1.1,4.9,Low,1.4000000000000004
49,Female,Medium,Healthy,25.6,285.0,2.8,10.3,12752,1570,62.0,1.1,2.6,Medium,2.8
47,Male,Medium,Average,19.5,253.0,2.5,7.1,6974,964,54.0,2.2,4.3,Low,1.4000000000000004
46,Male,Medium,Average,26.1,194.0,2.5,7.2,7084,1609,68.0,1.5,3.8,Low,0.40000000000000036
66,Female,Low,Unhealthy,17.5,230.0,2.0,5.0,3864,1042,63.0,1.2,4.7,Low,0.7999999999999998
62,Female,Medium,Average,27.8,190.0,3.3,2.3,5246,1763,73.0,1.9,4.8,Low,1.5999999999999996
46,Female,Medium,Healthy,27.9,142.0,1.7,5.0,9055,1690,66.0,1.4,4.8,Low,1.2000000000000002
47,Female,High,Average,30.4,313.0,2.7,8.4,14560,2333,62.0,1.7,4.5,Low,0.5
33,Female,Medium,Healthy,20.9,246.0,1.8,6.5,8299,1333,61.0,1.8,5.3,Low,0.40000000000000036
57,Male,High,Average,25.6,393.0,2.4,6.2,8441,1860,69.0,1.9,4.6,Medium,1.5
36,Female,Low,Healthy,27.3,367.0,3.0,2.8,1000,1368,86.0,2.4,6.1,Low,0.09999999999999964
35,Female,Medium,Average,26.8,241.0,2.3,11.5,7264,1457,70.0,1.5,3.5,Medium,1.0999999999999996
18,Female,Medium,Healthy,21.5,289.0,0.5,6.9,9323,1373,60.0,2.1,3.9,Low,1.7999999999999998
31,Female,High,Healthy,17.5,56.0,1.4,12.9,8665,1352,50.0,1.6,4.0,Low,0.5
68,Male,Medium,Unhealthy,26.4,188.0,0.8,7.9,9790,1782,73.0,1.9,3.7,Low,1.5999999999999996
64,Female,Medium,Unhealthy,24.4,251.0,2.6,10.9,7393,1526,71.0,1.8,3.6,Medium,1.9000000000000004
67,Male,Low,Average,22.7,0.0,2.5,5.2,2756,1036,68.0,2.1,4.4,Low,0.09999999999999964
19,Male,Medium,Healthy,28.1,264.0,2.2,3.2,8166,1719,67.0,2.4,5.2,Low,1.0999999999999996
45,Female,Low,Unhealthy,24.8,56.0,2.0,6.5,2053,1191,68.0,2.0,5.2,Low,0.40000000000000036
66,Male,Low,Unhealthy,19.7,72.0,2.7,8.4,1000,889,73.0,2.5,4.9,Medium,0.09999999999999964
67,Female,Low,Unhealthy,17.5,120.0,1.3,8.7,5809,1306,64.0,1.2,3.3,Medium,0.7999999999999998
47,Male,High,Average,20.5,195.0,3.3,8.0,13853,1425,53.0,1.8,3.9,Low,0.09999999999999964
55,Male,Medium,Healthy,34.6,0.0,2.6,12.7,6557,1827,74.0,1.2,2.3,Low,1.7999999999999998
68,Female,High,Healthy,27.9,328.0,1.7,8.0,12266,1948,64.0,2.2,4.2,Medium,1.2999999999999998
21,Female,High,Unhealthy,25.8,226.0,2.2,6.2,11675,1573,60.0,1.5,3.8,Medium,1.7000000000000002
18,Female,High,Unhealthy,24.3,488.0,2.4,6.4,12941,1621,70.0,1.8,4.3,Low,0.7999999999999998
25,Female,High,Average,24.0,245.0,1.4,5.0,13662,2131,57.0,2.6,5.9,Low,1.1999999999999993
46,Female,High,Average,29.7,285.0,3.0,7.7,16062,2094,64.0,1.5,3.4,Medium,1.2999999999999998
56,Male,Low,Average,23.0,71.0,3.3,9.7,2956,1403,72.0,1.2,2.8,High,2.7
20,Male,Low,Unhealthy,27.3,22.0,2.6,10.5,2413,1964,70.0,1.6,2.9,Medium,0.5999999999999996
27,Female,Medium,Average,32.8,36.0,4.6,6.9,12927,2262,64.0,2.6,4.8,Low,0.40000000000000036
27,Female,Low,Healthy,28.0,296.0,1.0,5.4,4235,1631,82.0,1.4,4.8,Low,1.4000000000000004
36,Male,Medium,Average,30.0,455.0,2.5,9.4,8799,1786,78.0,1.3,2.5,Medium,3.3
63,Female,Medium,Average,22.7,341.0,1.4,3.9,7490,1459,67.0,2.0,4.7,Low,1.7999999999999998
51,Female,High,Unhealthy,29.2,285.0,3.7,5.2,19199,2192,57.0,2.0,5.0,Medium,2.0999999999999996
50,Male,Medium,Healthy,23.7,240.0,2.7,2.0,9719,1391,61.0,2.2,5.8,Low,0.09999999999999964
40,Male,Medium,Healthy,25.4,142.0,1.9,4.1,5918,1673,66.0,1.4,4.4,Low,0.2999999999999998
45,Female,Medium,Average,31.5,182.0,2.3,5.5,8315,1545,71.0,1.8,4.8,Low,1.2000000000000002
49,Female,Medium,Average,20.8,115.0,3.6,5.7,7226,1330,62.0,1.8,4.3,Low,1.7000000000000002
67,Female,High,Average,25.8,2.0,2.9,3.8,15233,1843,55.0,1.9,4.5,Low,0.20000000000000018
24,Male,Low,Average,26.8,205.0,3.0,4.2,5494,1352,74.0,1.2,3.0,Medium,2.2
46,Other,Medium,Average,27.1,366.0,3.7,10.2,5553,1701,71.0,1.2,2.5,Medium,2.2
25,Male,Medium,Unhealthy,23.2,6.0,3.3,5.1,8717,1304,60.0,2.9,6.8,Low,1.1999999999999993
18,Male,Medium,Average,33.3,409.0,3.4,2.5,6385,1838,85.0,2.4,5.3,Low,0.9000000000000004
20,Other,Low,Average,19.8,382.0,2.4,4.4,6124,1380,72.0,2.5,5.7,Medium,0.6999999999999993
41,Male,Low,Healthy,30.8,259.0,0.7,4.4,5449,1372,74.0,1.3,4.3,Low,2.4000000000000004
40,Female,Low,Unhealthy,29.9,260.0,2.6,6.8,1015,1751,87.0,1.4,4.7,Medium,1.4000000000000004
25,Male,Medium,Unhealthy,32.6,172.0,2.0,7.9,5746,1852,83.0,1.1,3.2,Low,2.0
64,Female,High,Average,18.6,206.0,3.1,3.6,9968,1266,53.0,1.5,5.0,Low,0.7000000000000002
54,Female,Medium,Healthy,21.5,130.0,1.1,7.8,7876,1114,63.0,1.1,4.0,Low,1.0999999999999996
20,Male,Low,Healthy,31.0,204.0,3.2,10.5,4452,1746,74.0,1.3,3.6,Medium,1.9000000000000004
68,Female,Medium,Average,17.5,220.0,2.7,9.5,9582,1263,55.0,1.1,2.8,Medium,2.3
45,Female,High,Average,23.0,284.0,3.0,8.0,13152,1582,60.0,1.1,2.5,Medium,1.7000000000000002
64,Male,Medium,Average,25.8,168.0,2.5,6.2,8568,1437,66.0,2.4,5.0,Low,0.7000000000000002
25,Male,High,Average,31.4,185.0,2.2,10.5,23451,2570,50.0,1.6,3.5,Low,0.20000000000000018
51,Male,Medium,Unhealthy,24.3,93.0,3.4,8.1,4970,1298,70.0,2.0,4.3,Medium,0.09999999999999964
52,Male,High,Average,22.6,117.0,3.0,5.0,8362,1565,59.0,1.6,5.6,Low,0.09999999999999964
41,Male,Low,Healthy,26.9,125.0,2.4,5.3,2921,1620,77.0,1.1,3.6,Low,2.0
31,Male,Low,Healthy,26.8,107.0,2.6,6.7,2893,1753,73.0,1.7,4.1,Low,1.0
49,Male,Medium,Average,24.3,111.0,2.5,10.0,7975,1500,64.0,1.3,3.5,Medium,1.0999999999999996
63,Male,Medium,Average,17.5,90.0,1.1,6.6,5659,1371,58.0,1.8,4.8,Low,1.0999999999999996
60,Female,Medium,Healthy,21.3,369.0,1.4,5.0,6809,1488,72.0,1.0,3.4,Low,2.2
33,Other,High,Average,30.7,221.0,2.4,9.6,13116,2126,70.0,2.1,4.8,Low,0.2999999999999998
21,Male,Low,Average,25.7,157.0,1.0,10.2,3593,1426,73.0,1.8,3.6,Medium,2.0
69,Female,Medium,Unhealthy,23.7,204.0,2.4,5.0,7717,1384,65.0,1.9,4.3,Medium,0.20000000000000018
54,Female,High,Average,29.5,232.0,1.8,10.7,13551,2256,61.0,2.6,4.6,Low,0.40000000000000036
38,Male,Medium,Average,20.5,87.0,2.4,9.4,6385,1479,68.0,1.0,3.1,Medium,2.9000000000000004
31,Female,High,Unhealthy,24.1,0.0,2.6,5.6,13234,1525,56.0,1.5,5.1,Low,0.5999999999999996
48,Female,Medium,Average,25.6,400.0,1.0,10.0,7989,1622,74.0,1.0,3.0,Medium,2.0
65,Female,Medium,Average,23.2,348.0,2.8,3.9,9920,1394,69.0,1.2,3.9,Low,2.4000000000000004
35,Female,Low,Average,25.4,256.0,2.1,5.8,1778,1436,77.0,1.1,4.3,Low,1.5999999999999996
27,Female,High,Healthy,19.4,487.0,2.1,4.6,14494,1237,60.0,1.4,4.9,Low,0.9000000000000004
24,Female,High,Healthy,25.7,119.0,2.8,9.1,14553,1850,54.0,1.3,3.6,Low,1.2000000000000002
40,Female,High,Average,25.7,299.0,2.1,4.2,10060,1705,67.0,1.7,5.2,Low,0.5999999999999996
38,Male,Medium,Average,30.5,0.0,2.6,5.5,8321,2214,65.0,2.2,3.9,Low,1.5999999999999996
36,Other,Medium,Healthy,23.9,205.0,2.1,5.3,8211,1208,67.0,2.0,3.0,Low,1.9000000000000004
65,Female,High,Healthy,20.3,155.0,2.3,7.6,15643,1911,50.0,1.2,3.2,Low,0.40000000000000036
36,Male,Low,Average,24.5,301.0,1.4,12.7,3750,1198,73.0,2.1,3.3,Medium,1.4000000000000004
53,Male,Low,Average,21.7,127.0,2.1,7.5,3190,783,72.0,1.3,3.8,Low,1.4000000000000004
46,Female,Medium,Average,27.4,379.0,4.0,7.7,10002,1834,66.0,1.7,3.4,High,1.2999999999999998
35,Male,Medium,Average,24.4,87.0,2.6,10.9,5563,1417,66.0,1.5,3.2,Medium,2.0
19,Male,Medium,Unhealthy,31.8,305.0,2.7,5.6,5252,1818,85.0,2.9,5.6,Medium,0.3000000000000007
18,Male,Medium,Average,29.7,100.0,2.0,10.3,5518,1810,73.0,1.8,3.4,Low,1.2999999999999998
64,Male,High,Average,24.4,282.0,2.2,5.9,15038,1931,52.0,1.6,4.1,Low,2.0999999999999996
22,Male,Medium,Unhealthy,27.9,47.0,2.3,6.1,6554,1550,70.0,2.2,3.6,Low,1.5999999999999996
37,Male,Low,Unhealthy,23.4,196.0,3.2,6.2,3833,1485,70.0,1.2,3.9,Low,1.2999999999999998
28,Male,Medium,Average,25.1,398.0,3.5,6.7,10770,1282,68.0,1.8,5.2,Medium,0.5999999999999996
59,Female,High,Unhealthy,23.6,217.0,2.1,6.6,10467,1579,65.0,1.4,4.4,Low,0.09999999999999964
19,Female,Low,Average,28.1,377.0,2.5,7.9,1447,1688,83.0,1.0,3.5,High,2.0999999999999996
20,Male,Medium,Average,30.7,196.0,2.3,5.9,9659,1978,64.0,1.7,4.1,Medium,2.3
40,Male,Low,Average,28.2,124.0,3.1,7.3,2748,1529,78.0,1.8,3.9,Low,1.2000000000000002
29,Female,Medium,Average,28.7,225.0,2.9,3.0,5656,1592,72.0,1.2,3.6,Low,1.2999999999999998
37,Male,Low,Average,28.7,292.0,2.4,9.0,3838,1657,81.0,1.6,3.2,Medium,1.7000000000000002
22,Male,Medium,Average,27.2,0.0,3.3,9.8,7617,1608,68.0,2.3,4.2,Low,1.0999999999999996
54,Male,Medium,Unhealthy,20.4,278.0,2.9,7.6,6264,1395,68.0,1.2,4.3,Medium,1.0999999999999996
55,Female,High,Average,31.8,59.0,1.9,8.9,15686,2113,63.0,1.3,3.0,Low,0.7000000000000002
26,Female,High,Healthy,24.1,280.0,2.4,10.8,11525,1775,61.0,1.4,3.5,Low,1.0
51,Female,Medium,Unhealthy,23.5,400.0,1.7,7.5,4268,1708,76.0,2.0,3.8,Medium,1.2000000000000002
61,Female,Low,Unhealthy,27.4,232.0,2.3,3.0,1000,1332,83.0,2.3,5.7,Low,1.2000000000000002
52,Male,Low,Average,27.2,0.0,3.4,10.0,4354,1779,68.0,0.9,2.6,Medium,2.2
69,Female,High,Unhealthy,24.2,99.0,3.4,8.8,10037,1358,63.0,1.7,4.4,Medium,0.20000000000000018
39,Male,Medium,Unhealthy,20.0,137.0,3.2,11.7,7694,1452,54.0,1.7,2.8,Medium,1.7000000000000002
61,Female,High,Unhealthy,26.2,229.0,3.1,11.2,19782,2078,50.0,1.6,3.5,High,1.7999999999999998
41,Female,Low,Average,27.2,189.0,2.7,10.4,4697,1571,69.0,1.7,3.0,High,1.4000000000000004
34,Female,Low,Average,27.9,274.0,2.0,8.2,4042,1702,79.0,2.1,4.6,Medium,0.5999999999999996
27,Male,Medium,Healthy,26.4,349.0,3.0,8.8,8848,1822,72.0,1.9,4.4,Low,2.0
47,Male,Medium,Unhealthy,23.9,251.0,1.2,4.3,12314,1855,60.0,1.4,4.8,Low,1.0999999999999996
63,Female,Low,Unhealthy,29.0,334.0,2.0,6.3,1170,1567,83.0,1.9,4.2,Medium,1.5999999999999996
40,Female,Medium,Average,25.3,159.0,3.4,14.0,7728,1682,68.0,0.9,1.4,Medium,2.8
49,Female,Medium,Average,23.1,694.0,2.1,2.7,10949,1548,68.0,1.8,4.2,Medium,1.7000000000000002
34,Male,Medium,Average,24.3,282.0,3.0,7.8,8616,1430,65.0,2.5,5.1,Low,0.09999999999999964
67,Female,Low,Average,18.0,302.0,2.2,6.9,5806,1165,61.0,1.8,3.6,Medium,2.7
68,Female,Medium,Average,24.3,463.0,2.9,9.1,6748,1055,75.0,1.7,3.9,Medium,2.0
34,Female,Medium,Average,27.8,213.0,1.3,7.5,5499,1693,72.0,1.6,4.2,Low,0.5999999999999996
31,Female,Medium,Healthy,26.4,103.0,3.5,10.0,11822,1966,62.0,1.6,3.4,Low,2.2
26,Female,Medium,Unhealthy,31.1,395.0,1.6,7.0,8150,2004,78.0,1.2,3.8,Low,1.2999999999999998
57,Female,High,Average,23.9,404.0,1.4,8.9,16477,1731,61.0,2.2,4.7,Low,0.5
19,Female,Medium,Unhealthy,26.9,223.0,3.5,7.9,9776,1327,67.0,1.8,3.3,Medium,2.5
62,Female,High,Average,28.2,463.0,2.5,6.3,17838,2254,65.0,2.8,4.7,Medium,0.1999999999999993
42,Male,Medium,Average,34.4,187.0,2.3,5.9,8588,1905,79.0,1.3,4.5,Low,1.0999999999999996
56,Male,Low,Healthy,25.6,339.0,3.8,10.2,4506,1202,72.0,1.6,3.1,Medium,2.0999999999999996
26,Female,Medium,Unhealthy,20.8,427.0,3.1,8.6,8994,1589,63.0,1.8,3.9,Medium,2.9000000000000004
39,Female,Medium,Average,28.4,214.0,2.1,9.5,6716,1417,72.0,1.7,3.5,Low,1.9000000000000004
60,Female,Medium,Healthy,32.5,268.0,2.4,10.1,10100,1994,75.0,1.7,2.9,Low,3.0
63,Female,Medium,Healthy,23.7,353.0,3.4,5.7,6857,1814,72.0,1.2,3.8,Low,3.0
21,Male,Low,Average,28.4,145.0,1.7,6.3,5659,1512,75.0,2.2,4.3,Medium,0.7999999999999998
43,Female,Medium,Average,29.9,77.0,3.7,6.1,9589,1665,65.0,1.2,3.9,Low,0.7000000000000002
46,Female,Medium,Healthy,29.1,399.0,2.1,9.6,3587,1699,82.0,0.9,2.5,Medium,3.0999999999999996
62,Male,Medium,Average,25.5,246.0,1.8,7.2,9613,1724,64.0,1.2,3.4,Medium,1.0999999999999996
51,Male,Medium,Average,22.2,124.0,3.4,7.5,8467,1117,62.0,1.0,4.0,Low,2.0999999999999996
40,Female,High,Average,24.7,214.0,3.1,4.4,18001,1965,50.0,1.8,4.8,Low,0.2999999999999998
54,Male,Medium,Unhealthy,26.8,276.0,1.1,9.1,11465,2034,65.0,2.2,4.0,Low,1.0999999999999996
28,Female,Low,Average,28.6,0.0,2.4,9.1,4166,1876,67.0,1.1,3.4,Medium,2.7
23,Male,High,Unhealthy,26.3,307.0,1.6,8.4,15071,1865,56.0,1.4,3.8,Medium,1.0
35,Female,Low,Healthy,23.5,261.0,3.1,7.4,2075,1357,80.0,2.2,4.1,Low,0.7999999999999998
38,Female,Medium,Average,27.2,448.0,3.9,9.6,7663,1774,80.0,1.1,3.1,Medium,2.8
53,Male,Low,Average,26.5,406.0,1.9,10.5,4000,1466,80.0,1.2,2.7,High,1.2000000000000002
58,Female,Low,Unhealthy,21.7,193.0,3.2,8.8,5391,1559,68.0,1.5,3.2,Medium,1.5999999999999996
55,Male,Medium,Unhealthy,24.3,220.0,2.5,3.8,7956,1387,70.0,2.1,4.8,Low,0.0
51,Male,Low,Average,28.8,242.0,2.4,6.7,3824,1749,79.0,2.8,3.4,Medium,0.0
34,Other,Low,Average,19.5,513.0,2.1,7.8,4861,969,68.0,2.3,5.6,Medium,0.7000000000000002
54,Female,Medium,Average,17.5,14.0,2.6,5.3,2175,603,60.0,1.1,3.4,Low,1.0
42,Female,Medium,Average,31.0,274.0,2.4,9.7,8743,2022,75.0,1.6,2.7,Medium,2.4000000000000004
55,Male,High,Healthy,27.0,206.0,0.6,2.1,7251,2231,65.0,2.3,6.1,Low,0.40000000000000036
29,Male,High,Average,27.4,195.0,2.5,9.0,13752,1984,56.0,1.8,4.1,Low,1.0
40,Male,Medium,Average,20.7,287.0,2.4,8.7,6329,1246,68.0,1.0,3.6,Medium,1.5999999999999996
59,Female,High,Average,28.0,365.0,2.8,2.0,10534,2069,78.0,1.9,6.2,Low,1.0999999999999996
39,Female,Medium,Healthy,26.1,279.0,0.9,7.3,10956,1654,63.0,1.3,4.5,Low,1.4000000000000004
38,Female,Medium,Average,18.7,385.0,2.9,5.9,10239,991,59.0,1.0,3.2,Medium,1.9000000000000004
44,Female,Medium,Average,30.7,162.0,2.5,10.5,7287,2015,73.0,1.3,3.1,Low,4.0
48,Male,Low,Healthy,25.6,192.0,2.9,4.9,7567,1893,68.0,1.7,3.9,Low,1.7999999999999998
44,Male,Medium,Average,23.5,497.0,1.5,9.5,7683,1544,71.0,2.2,3.8,Low,1.2000000000000002
57,Male,Low,Average,17.5,171.0,1.0,6.0,1168,799,70.0,2.6,5.5,Low,0.09999999999999964
29,Female,Low,Average,26.0,290.0,2.2,6.0,3052,1466,77.0,1.3,4.2,Medium,1.5
62,Male,High,Average,24.2,366.0,2.4,10.3,12612,1723,65.0,1.2,2.5,Low,1.7000000000000002
24,Female,High,Unhealthy,30.1,96.0,1.4,13.5,15240,2121,60.0,1.4,2.7,Medium,0.7999999999999998
62,Other,Low,Unhealthy,22.6,154.0,0.5,8.5,5981,1402,59.0,1.5,4.2,Medium,0.5
34,Female,Low,Average,21.6,414.0,1.4,5.8,3204,942,70.0,2.4,5.5,Medium,0.5
43,Female,High,Healthy,23.9,118.0,2.0,11.6,10933,1727,63.0,2.7,4.6,Medium,0.0
38,Male,Low,Average,25.3,310.0,2.0,9.2,4974,1675,73.0,0.9,1.7,High,2.7
45,Female,High,Average,26.7,206.0,2.4,5.8,13916,2003,61.0,2.0,5.6,Medium,0.20000000000000018
63,Female,Medium,Healthy,23.6,31.0,3.1,10.7,9710,1338,63.0,1.0,2.7,Medium,1.4000000000000004
19,Male,High,Healthy,21.5,0.0,1.9,7.3,14513,1488,50.0,1.4,4.3,Low,1.7000000000000002
60,Male,Medium,Healthy,31.7,88.0,2.9,8.7,5221,1780,84.0,2.3,4.0,Low,1.2000000000000002
18,Male,Medium,Average,34.6,348.0,3.1,6.0,8607,2244,80.0,1.4,3.8,Low,1.5999999999999996
68,Female,Medium,Unhealthy,25.6,0.0,3.4,4.7,6184,1726,68.0,2.0,4.9,Low,0.9000000000000004
53,Female,High,Unhealthy,22.0,250.0,2.9,4.8,14438,1749,52.0,2.3,6.1,Low,0.8000000000000007
68,Female,High,Average,30.9,237.0,2.6,6.0,12205,1840,65.0,1.7,5.0,Low,1.7999999999999998
43,Male,Medium,Average,19.2,0.0,1.6,8.3,7589,1498,56.0,2.5,4.3,Medium,0.9000000000000004
46,Male,Medium,Healthy,23.7,80.0,2.7,6.3,8086,1503,61.0,2.3,4.7,Low,0.7000000000000002
38,Female,High,Average,22.2,80.0,2.2,5.0,16201,1678,50.0,1.9,3.6,Medium,2.3
28,Male,High,Unhealthy,20.4,207.0,3.6,4.6,12345,1416,50.0,2.2,4.7,Low,0.2999999999999998
57,Female,Medium,Healthy,23.9,419.0,2.6,10.2,2420,987,74.0,1.5,3.2,Low,1.7000000000000002
28,Female,Low,Unhealthy,21.5,361.0,2.4,6.7,2565,1397,72.0,1.6,4.8,Medium,0.7000000000000002
53,Male,Low,Unhealthy,25.1,145.0,3.6,2.1,4200,1397,68.0,1.8,4.0,Low,2.7
66,Female,High,Average,25.1,75.0,2.1,7.0,17545,1818,59.0,1.6,4.9,Low,0.40000000000000036
56,Male,Low,Average,22.5,0.0,2.5,6.0,4449,1424,65.0,1.3,3.9,Medium,1.0
57,Female,Low,Average,23.5,143.0,4.1,7.5,5493,1552,68.0,1.3,4.5,Low,0.7999999999999998
52,Male,Low,Unhealthy,24.1,65.0,2.7,5.6,4236,1027,65.0,1.9,3.5,Low,0.5
51,Female,Medium,Average,28.2,194.0,3.4,10.2,8436,2057,67.0,2.0,3.4,Low,1.2999999999999998
64,Male,Medium,Average,24.4,200.0,3.7,6.6,7515,1964,65.0,1.7,4.7,Low,1.0
41,Male,Low,Average,28.3,128.0,2.1,6.5,5574,1658,76.0,2.3,4.8,Low,1.0
39,Female,Low,Average,27.3,131.0,3.2,6.2,6469,1671,66.0,2.1,4.5,Low,0.7999999999999998
22,Male,Medium,Unhealthy,27.3,95.0,2.2,8.2,6070,2086,69.0,1.0,3.0,Low,2.5
50,Female,High,Unhealthy,30.6,123.0,4.1,8.0,14674,1898,63.0,3.4,6.4,Low,1.9000000000000004
53,Male,Low,Average,20.5,415.0,3.7,6.0,2212,1009,67.0,2.0,4.5,Medium,0.9000000000000004
64,Female,Low,Average,23.1,277.0,3.1,7.1,6507,1531,63.0,1.5,4.4,Medium,0.09999999999999964
37,Male,Medium,Unhealthy,32.1,279.0,3.3,6.4,8341,2168,72.0,1.6,4.6,Low,1.2000000000000002
36,Female,High,Healthy,24.0,351.0,1.9,9.1,13940,1765,59.0,1.8,4.5,Low,0.7000000000000002
52,Male,Medium,Average,17.5,338.0,3.9,3.8,5722,941,62.0,1.6,4.5,Medium,2.3
60,Male,High,Average,25.5,288.0,2.8,6.5,13773,1824,54.0,1.9,5.1,Medium,0.3000000000000007
34,Female,Low,Average,17.5,230.0,1.9,10.5,2388,970,65.0,1.5,4.0,Medium,2.3
62,Male,Low,Average,30.3,111.0,3.2,9.9,4226,1870,80.0,1.4,4.0,Medium,1.7999999999999998
60,Female,Medium,Average,22.1,76.0,3.9,8.0,6282,1657,58.0,2.3,5.2,Low,1.0999999999999996
51,Female,High,Healthy,26.3,332.0,2.9,4.5,15304,1975,59.0,2.6,5.6,Medium,0.2999999999999998
26,Male,Medium,Healthy,24.1,183.0,2.8,7.1,6027,1541,70.0,2.0,4.7,Low,1.2999999999999998
43,Female,High,Healthy,19.8,0.0,2.4,11.7,14471,1778,51.0,1.6,4.7,Low,0.20000000000000018
19,Male,Medium,Healthy,20.7,0.0,2.6,6.6,7612,1294,54.0,2.1,4.1,Low,0.5
26,Male,Medium,Average,21.3,522.0,2.2,7.3,8602,1299,69.0,1.3,3.6,Medium,1.5
26,Female,Low,Average,29.3,52.0,3.8,7.5,4248,1561,74.0,1.9,4.4,Low,0.9000000000000004
57,Female,Low,Healthy,24.4,97.0,3.1,4.9,4142,1201,66.0,1.9,5.9,Low,0.40000000000000036
34,Female,Medium,Average,22.9,384.0,2.2,5.0,6520,1188,66.0,2.2,5.3,Low,0.5999999999999996
18,Male,Low,Average,21.3,18.0,2.5,5.0,4831,1702,59.0,2.3,5.3,Medium,0.9000000000000004
42,Male,Low,Healthy,29.8,279.0,4.8,6.3,4431,1488,90.0,1.1,4.4,Low,0.5
60,Male,High,Average,30.9,473.0,2.7,8.1,15911,2235,71.0,2.0,4.0,Medium,1.9000000000000004
57,Female,High,Average,29.7,517.0,3.7,7.4,13923,2024,70.0,1.3,2.8,Medium,1.7000000000000002
59,Female,Low,Healthy,27.0,132.0,2.0,8.3,3730,1708,71.0,2.2,4.3,Low,0.40000000000000036
42,Female,Medium,Healthy,26.2,198.0,2.9,12.4,5970,1572,73.0,1.3,3.5,Medium,1.2000000000000002
56,Male,Low,Unhealthy,20.1,140.0,2.0,13.5,3008,1402,63.0,1.4,2.8,High,1.5
52,Male,Low,Average,24.0,197.0,2.1,7.2,3290,1305,73.0,2.0,3.7,Medium,0.7999999999999998
20,Male,Medium,Average,22.3,394.0,3.1,9.3,9922,1560,67.0,1.4,3.7,Medium,0.40000000000000036
67,Male,Medium,Average,17.7,0.0,1.8,8.6,5510,1255,57.0,1.4,4.8,Low,1.0
54,Male,Low,Unhealthy,29.2,297.0,1.5,9.7,1990,1579,81.0,1.6,2.7,High,1.5999999999999996
61,Female,Medium,Unhealthy,22.2,170.0,3.0,9.6,7858,1529,61.0,1.4,2.9,Medium,0.20000000000000018
61,Female,Low,Average,29.8,405.0,2.1,5.7,2850,1660,87.0,1.0,3.9,Low,2.2
68,Female,High,Average,28.5,397.0,2.3,12.0,12852,1656,67.0,1.7,3.0,Medium,1.9000000000000004
47,Male,Medium,Average,27.2,138.0,1.1,10.8,7120,1797,74.0,2.5,4.4,Medium,0.9000000000000004
55,Male,Medium,Healthy,27.5,183.0,1.5,9.4,6738,1880,66.0,2.1,4.1,Low,1.9000000000000004
51,Female,Low,Unhealthy,22.5,333.0,2.7,8.7,2855,1213,70.0,1.6,3.0,Medium,1.5
29,Male,Medium,Average,32.4,347.0,2.3,8.0,6136,1824,81.0,1.7,3.9,Medium,2.4000000000000004
36,Female,Medium,Average,25.2,0.0,3.2,7.5,7261,1609,65.0,2.0,3.4,Medium,0.5999999999999996
54,Female,High,Unhealthy,26.2,333.0,1.8,9.0,9612,2083,68.0,0.8,2.8,Medium,2.4000000000000004
61,Male,Low,Healthy,22.4,446.0,2.4,7.6,4908,1259,77.0,1.8,3.9,Medium,2.7
66,Female,High,Healthy,21.3,238.0,2.5,7.9,11346,1643,55.0,2.3,4.7,Low,0.5
34,Male,Medium,Average,26.9,342.0,2.3,7.1,8906,1666,70.0,1.4,3.5,Medium,0.7000000000000002
27,Female,Low,Average,25.9,391.0,3.0,6.7,3010,1534,82.0,2.3,4.4,Medium,1.4000000000000004
66,Female,Medium,Average,21.8,233.0,1.6,11.8,10074,1237,66.0,1.7,4.5,Medium,0.5999999999999996
64,Male,Medium,Healthy,19.2,322.0,2.9,7.5,8080,1642,61.0,1.6,4.3,Low,1.0999999999999996
29,Male,High,Average,19.9,201.0,3.4,6.3,10770,1499,64.0,2.0,4.1,Low,1.0
33,Female,Medium,Healthy,29.8,192.0,1.8,7.7,12996,1954,65.0,2.2,4.7,Low,0.09999999999999964
41,Female,Medium,Average,22.5,100.0,2.8,4.3,7164,1361,68.0,2.2,5.7,Medium,0.20000000000000018
36,Male,Low,Healthy,23.6,225.0,2.8,9.7,3165,1362,72.0,1.1,4.2,Medium,1.0999999999999996
25,Female,Low,Average,30.8,483.0,3.0,7.3,3267,2071,86.0,1.6,3.4,Medium,0.5999999999999996
38,Male,Medium,Unhealthy,22.1,292.0,3.6,6.2,5094,1254,72.0,1.6,4.9,Low,0.7000000000000002
34,Male,Medium,Average,21.9,248.0,4.2,3.4,8271,1444,63.0,2.2,4.4,Low,1.2000000000000002
40,Male,Low,Average,31.5,421.0,3.0,11.9,1472,1662,85.0,1.2,2.9,High,2.0999999999999996
54,Male,Low,Average,33.0,449.0,2.8,7.8,3889,1415,95.0,1.0,2.8,Medium,2.5
33,Other,Medium,Average,28.0,61.0,2.5,11.8,10253,1764,63.0,2.3,3.3,Medium,1.2000000000000002
23,Male,High,Unhealthy,28.1,113.0,1.4,6.7,12336,1940,62.0,1.6,4.7,Low,0.1999999999999993
25,Male,Medium,Unhealthy,22.7,122.0,1.4,8.5,9775,1344,54.0,1.7,3.2,Low,1.2000000000000002
42,Male,Medium,Unhealthy,32.8,127.0,1.6,9.2,4661,2171,78.0,1.5,3.8,Low,0.9000000000000004
35,Female,Medium,Unhealthy,26.1,140.0,2.7,8.6,6756,1350,71.0,0.8,2.2,Medium,3.0
29,Male,Medium,Average,24.6,72.0,3.7,2.9,11816,1840,66.0,1.8,4.4,Low,1.5
32,Male,Medium,Unhealthy,23.9,93.0,0.5,13.0,7184,1538,65.0,1.2,3.1,Medium,0.7000000000000002
43,Male,High,Unhealthy,31.7,81.0,2.5,5.5,12048,1976,64.0,1.3,4.6,Low,0.5
58,Male,Medium,Unhealthy,27.2,273.0,2.8,13.7,7484,1860,77.0,1.0,1.0,Medium,2.7
62,Male,Low,Average,30.8,190.0,3.2,5.8,4010,1749,87.0,1.4,5.0,Low,1.4000000000000004
43,Male,Medium,Average,26.0,163.0,2.6,10.8,7257,1960,72.0,2.2,5.0,Medium,0.40000000000000036
49,Female,Low,Average,22.7,0.0,2.6,8.9,6024,1271,62.0,1.8,3.9,Medium,0.5999999999999996
27,Male,High,Average,25.4,444.0,2.9,5.8,17264,2291,53.0,1.5,4.4,Low,1.4000000000000004
33,Female,High,Unhealthy,22.5,156.0,2.5,6.3,14999,1821,53.0,1.9,3.1,Medium,1.9000000000000004
24,Female,Medium,Unhealthy,20.6,606.0,4.2,6.4,8559,1351,70.0,1.1,4.3,Medium,1.2000000000000002
34,Female,Medium,Average,29.8,315.0,3.0,7.7,8430,1746,70.0,1.6,3.3,Medium,1.9000000000000004
40,Male,Medium,Healthy,22.8,474.0,2.7,6.8,7086,1493,71.0,2.4,3.9,Low,1.0999999999999996
38,Male,Low,Average,26.2,223.0,2.2,5.0,6391,1278,70.0,2.1,4.9,Low,1.0999999999999996
39,Female,Low,Healthy,22.6,110.0,3.7,5.2,4937,1440,67.0,1.3,4.2,Low,0.5999999999999996
24,Male,Low,Healthy,30.8,53.0,0.5,8.3,2005,1791,73.0,2.1,4.7,Low,0.09999999999999964
31,Female,Medium,Unhealthy,20.5,367.0,2.5,5.2,7096,1497,71.0,1.4,3.6,Low,1.4000000000000004
32,Female,Medium,Healthy,26.0,239.0,2.5,4.3,8975,1573,65.0,1.9,4.8,Low,1.4000000000000004
24,Male,Medium,Healthy,26.0,292.0,2.9,7.4,8735,1555,68.0,1.3,4.1,Low,1.0
68,Male,Medium,Unhealthy,19.8,253.0,3.7,7.0,5027,992,65.0,1.7,3.1,Medium,1.0999999999999996
65,Male,Medium,Unhealthy,28.5,129.0,2.6,7.2,8640,1903,71.0,2.3,4.9,Low,0.20000000000000018
25,Male,Medium,Unhealthy,28.0,351.0,2.4,8.4,10230,1749,69.0,1.6,2.7,Medium,2.5
67,Male,Medium,Average,22.3,170.0,3.3,7.9,4989,1301,65.0,2.2,4.9,Medium,0.7000000000000002
40,Female,Medium,Average,27.8,213.0,3.7,3.8,11479,1814,68.0,2.2,4.8,Low,1.2999999999999998
46,Male,High,Unhealthy,26.5,307.0,3.0,6.5,14990,2027,52.0,1.9,5.5,Low,1.0
35,Male,Medium,Average,19.9,191.0,3.3,8.6,8219,1380,56.0,1.6,3.5,Medium,1.2000000000000002
48,Female,Low,Average,21.6,0.0,2.3,8.0,2572,1564,67.0,1.7,3.3,Medium,1.0
47,Female,High,Average,29.6,356.0,2.6,5.0,12089,1886,72.0,1.7,3.6,Low,2.0
69,Male,Medium,Unhealthy,26.2,388.0,3.7,8.0,7244,1958,75.0,1.5,4.2,Low,0.5
56,Female,Low,Unhealthy,22.7,0.0,2.9,9.3,1861,847,61.0,1.5,3.6,Medium,0.09999999999999964
52,Female,Low,Average,21.6,43.0,2.3,4.6,3527,1318,65.0,1.2,3.2,Low,0.7000000000000002
35,Male,Medium,Average,22.9,503.0,2.5,2.1,6215,1076,75.0,1.7,5.5,Low,0.40000000000000036
59,Male,Medium,Unhealthy,23.2,234.0,3.3,11.4,9365,1329,60.0,1.0,3.7,Low,2.0
56,Male,Medium,Healthy,21.6,200.0,3.4,7.8,1907,961,71.0,1.0,3.8,Low,2.0
34,Female,Low,Average,18.0,136.0,1.8,5.9,3629,834,65.0,2.3,4.6,Low,0.7999999999999998
31,Female,Medium,Average,29.6,45.0,2.8,5.8,6064,1600,72.0,1.7,3.8,Low,1.5999999999999996
48,Female,Low,Average,28.9,170.0,2.5,7.4,4004,2045,78.0,2.5,4.7,Low,0.5999999999999996
52,Male,Medium,Average,25.5,197.0,3.6,3.2,11348,1406,64.0,1.3,3.7,Low,2.0
61,Male,Medium,Average,21.4,291.0,2.3,6.0,7010,1449,67.0,1.3,2.7,Low,4.1
51,Female,High,Average,23.6,112.0,1.8,9.1,11486,2082,60.0,2.0,4.4,Medium,0.40000000000000036
20,Female,Low,Unhealthy,23.3,245.0,2.4,8.8,3773,1307,75.0,2.0,5.1,Medium,0.2999999999999998
54,Male,Low,Average,33.0,350.0,1.9,8.0,5104,1396,82.0,1.6,3.3,Medium,2.9000000000000004
60,Female,Low,Average,23.2,60.0,1.8,7.8,2029,1155,69.0,2.2,4.7,Medium,0.09999999999999964
57,Male,Medium,Average,21.8,226.0,1.8,5.8,11133,1445,59.0,1.2,3.8,Low,1.4000000000000004
43,Male,Medium,Average,21.9,480.0,1.8,5.6,9828,1241,72.0,1.9,3.5,Medium,1.5
40,Male,Medium,Healthy,29.2,148.0,1.9,9.0,9741,1737,69.0,1.8,4.1,Low,1.2000000000000002
56,Male,Medium,Unhealthy,21.9,178.0,0.9,7.7,6192,1330,69.0,1.1,2.3,Low,2.8
32,Male,Medium,Average,30.8,469.0,1.9,7.4,10024,1664,80.0,2.1,4.9,Medium,1.0999999999999996
66,Male,Medium,Average,26.0,0.0,2.4,12.5,7360,1716,69.0,2.5,4.0,Medium,0.7000000000000002
21,Male,Medium,Average,25.8,209.0,3.4,6.6,4622,1802,70.0,1.9,4.5,Low,0.2999999999999998
46,Female,Low,Healthy,33.5,0.0,2.3,9.9,4119,1895,75.0,2.1,4.9,Low,0.7000000000000002
39,Male,Medium,Average,26.0,94.0,2.4,8.8,5681,1748,66.0,1.1,2.7,Medium,1.2999999999999998
42,Other,Medium,Healthy,22.2,93.0,2.4,6.7,6789,1417,66.0,1.5,3.8,Low,2.0999999999999996
30,Male,Low,Healthy,23.9,159.0,1.0,3.9,5060,1188,68.0,1.9,5.3,Low,0.40000000000000036
50,Male,High,Average,30.0,189.0,3.0,9.2,13887,1954,62.0,2.5,4.1,Low,0.7999999999999998
33,Male,Low,Healthy,27.3,269.0,3.2,3.9,5752,1373,75.0,1.8,6.0,Low,0.5999999999999996
62,Female,Low,Healthy,29.5,0.0,4.5,9.1,1000,1499,76.0,1.3,4.0,Low,1.0
59,Male,Medium,Healthy,29.9,104.0,1.5,10.4,10249,2069,66.0,1.6,2.8,Low,1.7000000000000002
61,Female,Medium,Average,23.3,581.0,1.3,7.2,8294,1428,71.0,1.5,2.9,Medium,2.8
19,Female,Low,Healthy,21.2,249.0,3.1,9.3,3896,1603,72.0,1.9,2.8,Medium,1.5
52,Female,High,Average,24.8,0.0,2.2,7.4,13886,1985,50.0,1.7,5.0,Low,0.9000000000000004
59,Female,Medium,Average,21.5,0.0,1.7,8.4,9279,1336,56.0,1.9,4.8,Low,1.7999999999999998
47,Male,Medium,Unhealthy,29.5,215.0,2.0,3.1,7527,2205,75.0,1.4,5.1,Low,0.20000000000000018
30,Male,Medium,Healthy,25.6,528.0,4.3,10.1,9217,1721,69.0,2.1,3.9,Medium,1.5999999999999996
35,Male,Low,Average,24.6,592.0,1.2,10.6,1000,1354,91.0,1.2,3.0,High,2.2
49,Male,High,Unhealthy,28.2,160.0,1.3,3.5,13703,1613,66.0,1.3,4.9,Low,0.20000000000000018
49,Female,Low,Unhealthy,22.3,330.0,1.9,10.9,4747,962,71.0,2.7,3.8,Medium,0.20000000000000018
52,Female,High,Average,17.5,338.0,1.9,2.0,12520,1547,55.0,2.5,5.5,Low,0.40000000000000036
56,Male,Medium,Healthy,26.9,358.0,1.9,8.6,6402,1391,72.0,1.0,2.7,Medium,2.3
63,Female,High,Average,29.0,103.0,2.3,7.5,13542,1994,62.0,1.9,4.7,Low,0.0
69,Male,Medium,Average,26.8,490.0,2.1,5.2,6830,1311,84.0,1.6,4.5,Medium,2.2
46,Male,Medium,Average,22.4,189.0,1.4,5.3,7508,1354,68.0,2.1,5.5,Low,1.5999999999999996
66,Male,Low,Average,20.5,263.0,1.7,5.4,3291,1199,66.0,1.5,4.3,Low,0.9000000000000004
46,Male,Medium,Healthy,27.0,200.0,3.7,6.5,11123,1382,65.0,2.5,4.9,Low,0.09999999999999964
61,Male,Medium,Healthy,25.6,179.0,2.2,12.0,5720,1519,70.0,0.8,2.1,Medium,2.8
33,Female,Medium,Average,24.5,241.0,2.2,9.1,9669,1633,66.0,2.0,3.8,Medium,1.7999999999999998
61,Female,Low,Unhealthy,32.3,22.0,1.3,10.6,3119,1646,84.0,2.4,5.3,Medium,0.20000000000000018
64,Male,Medium,Healthy,21.2,0.0,2.1,6.2,8651,1185,54.0,2.2,3.7,Low,1.4000000000000004
27,Female,Medium,Average,32.1,167.0,3.3,7.6,9294,1901,72.0,1.6,4.3,Low,1.0999999999999996
47,Female,Low,Average,25.1,67.0,3.0,4.3,6295,1431,63.0,2.5,5.7,Low,0.7999999999999998
42,Female,Medium,Average,17.7,282.0,3.1,6.3,8785,1621,59.0,2.4,4.6,Low,0.20000000000000018
56,Female,High,Unhealthy,24.3,265.0,1.5,5.6,12810,1703,60.0,1.4,5.2,Low,0.2999999999999998
37,Male,Medium,Average,28.8,202.0,1.5,8.2,8131,1672,77.0,1.3,3.0,Low,1.5
22,Female,Medium,Average,23.5,422.0,3.4,5.2,11836,1623,61.0,1.9,3.4,Low,2.0
18,Female,High,Average,19.1,199.0,3.2,4.9,14490,1619,52.0,2.2,5.7,Low,1.3000000000000007
47,Male,Low,Healthy,24.3,0.0,2.3,8.0,2038,1373,63.0,2.1,4.7,Low,0.9000000000000004
66,Male,Medium,Average,21.6,166.0,3.2,6.9,7233,1459,69.0,1.6,3.1,Medium,1.2000000000000002
20,Female,Medium,Average,27.0,375.0,1.5,5.2,7181,1757,74.0,2.0,3.8,Low,0.9000000000000004
62,Male,Medium,Healthy,28.1,0.0,1.5,4.9,9459,1491,64.0,1.8,5.6,Low,0.09999999999999964
31,Other,Medium,Average,20.8,185.0,1.2,5.2,5556,1365,64.0,1.5,3.8,Low,2.0
67,Female,Low,Healthy,28.0,597.0,2.7,8.0,4320,1448,82.0,1.3,3.3,High,2.8
21,Male,Medium,Average,21.6,381.0,2.1,5.1,7439,1398,67.0,1.8,3.5,Low,1.7000000000000002
35,Female,Medium,Healthy,20.7,219.0,1.9,5.2,8181,1340,65.0,1.5,4.6,Low,0.09999999999999964
54,Female,Low,Average,20.3,278.0,4.4,4.1,4221,1179,67.0,2.3,5.3,Medium,0.0
42,Male,Low,Unhealthy,26.4,0.0,2.3,6.0,4321,1527,69.0,1.3,4.0,Low,0.20000000000000018
65,Female,High,Healthy,26.2,42.0,3.6,7.3,11219,1423,59.0,1.8,3.8,Low,1.5
18,Male,Medium,Average,22.3,297.0,2.4,4.8,9595,1551,66.0,1.8,5.1,Low,0.9000000000000004
63,Male,Medium,Average,25.0,224.0,2.1,12.5,6929,1657,68.0,1.4,1.6,High,2.2
26,Female,Medium,Average,21.1,205.0,3.1,6.9,5576,1133,66.0,1.7,3.4,Medium,1.5999999999999996
32,Male,High,Average,17.5,199.0,2.5,7.2,14119,1267,51.0,1.3,3.6,Low,1.2999999999999998
66,Male,High,Healthy,26.8,215.0,3.4,3.5,14570,1959,55.0,2.0,5.2,Low,0.0
41,Male,Medium,Healthy,24.6,41.0,4.5,4.0,8072,1713,65.0,2.6,5.8,Low,0.5
21,Female,Medium,Average,22.2,165.0,1.9,10.3,6439,1629,66.0,2.4,4.2,Low,0.5999999999999996
29,Female,Medium,Healthy,27.6,13.0,2.9,11.1,10255,1943,64.0,1.7,4.1,Low,0.20000000000000018
54,Male,High,Unhealthy,28.4,107.0,2.2,2.0,15750,2152,57.0,1.5,6.1,Low,1.0999999999999996
54,Male,Medium,Average,17.5,379.0,1.8,8.2,7722,675,62.0,1.5,3.4,Medium,0.2999999999999998
60,Female,Low,Healthy,22.4,172.0,1.7,10.5,3777,1148,71.0,2.2,3.7,Medium,1.2999999999999998
56,Female,Low,Average,27.3,217.0,1.0,10.8,3065,1351,75.0,2.0,2.4,Medium,2.2
63,Female,High,Average,27.7,142.0,2.9,8.9,18370,1933,50.0,1.3,3.8,Low,0.1999999999999993
41,Female,High,Unhealthy,29.7,48.0,1.8,8.1,12925,1789,67.0,1.6,4.7,Low,0.5999999999999996
51,Female,High,Average,27.9,287.0,2.2,5.9,15106,1956,62.0,1.2,3.9,Low,1.7999999999999998
42,Female,Medium,Healthy,27.2,218.0,3.8,7.7,8452,1552,68.0,1.4,2.9,Low,2.0999999999999996
24,Male,Low,Average,23.7,297.0,3.2,7.6,4054,1174,75.0,1.9,4.4,Medium,1.2000000000000002
69,Male,Medium,Average,25.7,0.0,2.9,5.9,4815,1559,69.0,1.5,4.2,Low,0.09999999999999964
21,Male,High,Average,22.6,329.0,3.1,2.1,9886,1690,63.0,2.3,5.7,Medium,0.5999999999999996
25,Female,Medium,Average,25.1,30.0,1.6,6.5,8391,1355,62.0,1.4,3.8,Low,0.9000000000000004
37,Female,Medium,Average,20.3,347.0,3.1,4.5,5951,1263,70.0,2.6,4.6,Low,0.5
46,Male,Low,Average,21.8,275.0,2.3,4.2,5813,1299,66.0,2.4,5.3,Low,0.2999999999999998
68,Male,Medium,Average,23.9,0.0,2.8,5.3,7552,1406,61.0,1.2,3.2,Low,2.2
62,Male,High,Average,21.2,310.0,2.9,9.1,14765,1463,56.0,2.2,5.0,Low,0.09999999999999964
63,Female,Medium,Average,23.0,349.0,1.6,4.2,7919,1688,70.0,1.5,4.6,Low,1.4000000000000004
27,Female,Medium,Healthy,24.3,388.0,3.0,4.8,7863,1322,71.0,2.2,3.0,Low,1.7999999999999998
60,Male,Low,Healthy,26.6,84.0,2.4,8.8,6281,1320,67.0,1.6,5.3,Low,1.5
51,Male,High,Healthy,28.8,226.0,1.5,5.1,17253,2349,53.0,1.8,3.6,Low,1.5999999999999996
43,Male,Low,Healthy,23.1,304.0,2.4,4.2,4231,1364,67.0,2.5,6.3,Low,1.0
58,Female,Low,Average,30.3,310.0,2.5,9.0,5012,1479,79.0,1.1,2.5,Medium,2.5999999999999996
66,Female,High,Healthy,28.8,261.0,3.0,6.7,17519,2125,58.0,1.4,3.8,Low,1.9000000000000004
20,Female,High,Average,27.0,136.0,0.6,7.2,12206,1713,60.0,1.8,4.0,Low,0.7000000000000002
22,Female,Medium,Average,26.3,349.0,2.1,8.1,9106,1630,66.0,1.3,2.9,Medium,1.4000000000000004
22,Male,Medium,Average,29.7,176.0,3.1,8.7,10491,2010,68.0,2.8,5.5,Low,0.09999999999999964
64,Female,Low,Average,29.9,82.0,2.5,6.7,1427,1547,84.0,1.5,3.3,Low,0.7000000000000002
40,Male,Low,Healthy,30.3,90.0,2.2,3.3,3090,1925,76.0,1.7,5.1,Low,0.2999999999999998
66,Female,Medium,Healthy,25.2,404.0,2.4,7.7,7517,1601,71.0,1.9,3.2,Low,1.7999999999999998
26,Female,Low,Healthy,27.2,342.0,2.8,6.1,2526,1692,78.0,1.8,4.2,Medium,2.0999999999999996
52,Female,High,Average,30.4,196.0,3.2,9.1,13566,2170,66.0,1.2,3.7,Medium,1.0999999999999996
37,Female,Low,Healthy,22.5,170.0,1.8,4.8,2329,1107,71.0,1.5,5.1,Low,0.0
66,Male,Medium,Average,23.7,0.0,2.2,6.2,7361,1479,65.0,1.5,4.7,Low,0.40000000000000036
59,Male,Medium,Unhealthy,25.1,187.0,3.7,3.3,9398,1588,65.0,1.9,4.8,Low,0.7000000000000002
52,Female,Medium,Healthy,28.6,21.0,2.2,9.0,3861,1469,74.0,2.4,4.5,Low,0.2999999999999998
67,Male,Medium,Unhealthy,28.7,223.0,2.8,10.1,5897,1455,72.0,1.8,2.7,Medium,2.0999999999999996
35,Male,High,Unhealthy,24.1,377.0,1.5,5.8,18202,2204,51.0,1.5,5.4,Low,1.2999999999999998
34,Male,Medium,Unhealthy,19.0,52.0,1.1,6.5,6351,791,60.0,1.6,3.3,Medium,2.0999999999999996
41,Female,Medium,Unhealthy,26.0,235.0,1.7,5.0,2802,1678,77.0,2.3,5.0,Low,0.09999999999999964
20,Male,Medium,Healthy,21.3,349.0,1.9,5.2,8342,1131,71.0,1.0,3.8,Low,1.7000000000000002
49,Male,Low,Healthy,19.0,233.0,3.3,8.7,3887,1214,63.0,1.8,3.2,Medium,2.4000000000000004
52,Male,Medium,Healthy,19.9,121.0,3.4,5.7,8296,1209,61.0,2.3,5.1,Low,0.40000000000000036
30,Female,High,Average,30.4,343.0,2.1,7.0,17818,2461,58.0,2.3,4.4,Low,1.2000000000000002
64,Other,High,Unhealthy,25.2,239.0,3.1,8.9,11890,1255,54.0,0.9,2.3,Medium,2.3
42,Female,Low,Average,25.8,199.0,2.4,6.0,3859,1603,72.0,2.1,4.6,Medium,1.2999999999999998
26,Male,Low,Healthy,29.7,373.0,3.7,9.7,3350,1644,81.0,1.6,4.3,Medium,1.5
21,Female,Low,Average,18.8,277.0,3.0,11.7,5014,1350,64.0,2.0,4.5,Medium,1.2999999999999998
31,Female,High,Healthy,27.1,19.0,2.3,2.7,16332,2133,56.0,1.4,5.3,Low,0.8000000000000007
51,Female,Medium,Average,27.3,342.0,2.5,6.8,12307,2036,66.0,1.1,3.7,Medium,1.5999999999999996
28,Female,Medium,Unhealthy,23.1,14.0,1.8,5.2,9106,1686,55.0,1.5,4.6,Low,0.0
58,Female,Medium,Average,21.7,0.0,3.3,8.0,10509,1595,56.0,1.1,2.8,Medium,1.9000000000000004
20,Female,Low,Average,25.6,43.0,3.1,9.8,2671,1319,68.0,1.3,3.2,Medium,1.9000000000000004
45,Male,Low,Healthy,31.6,184.0,2.9,2.1,2952,1652,84.0,1.4,4.7,Low,1.2000000000000002
46,Male,Medium,Unhealthy,28.4,351.0,2.7,2.0,11960,1919,71.0,1.3,4.9,Low,1.2000000000000002
26,Female,Low,Average,23.0,66.0,1.7,11.1,1969,1175,66.0,1.0,2.2,High,2.4000000000000004
20,Male,Low,Average,19.6,283.0,2.9,6.4,5151,1623,72.0,2.2,4.5,Medium,0.40000000000000036
42,Male,Low,Unhealthy,18.3,0.0,2.6,7.2,5930,1134,56.0,1.5,3.4,Medium,1.7000000000000002
51,Female,Medium,Average,30.3,227.0,4.1,4.3,10351,1699,71.0,1.7,3.4,Low,3.0
29,Female,Medium,Average,21.2,138.0,1.5,7.1,4809,1228,68.0,2.5,5.3,Low,0.20000000000000018
59,Male,Low,Healthy,23.7,514.0,1.9,10.4,3473,1156,76.0,1.9,3.1,Medium,1.7000000000000002
26,Female,Medium,Average,30.3,0.0,1.2,8.2,9244,2276,65.0,1.2,3.0,Medium,0.9000000000000004
32,Female,Low,Unhealthy,18.5,197.0,2.3,7.5,5113,1149,62.0,2.4,4.8,Medium,0.7999999999999998
57,Female,Medium,Healthy,31.0,0.0,1.1,2.6,7981,1996,71.0,2.7,5.9,Low,0.20000000000000018
42,Male,Low,Unhealthy,24.0,117.0,3.4,8.9,2955,1421,73.0,1.3,5.0,Medium,0.20000000000000018
22,Male,Medium,Average,20.4,0.0,3.4,7.0,7453,1507,62.0,2.1,5.5,Low,1.4000000000000004
28,Male,Low,Average,24.0,545.0,2.4,5.5,3072,1370,83.0,1.8,5.6,Medium,0.20000000000000018
51,Male,High,Average,22.1,146.0,1.7,8.6,10271,1436,62.0,1.7,4.8,Low,0.09999999999999964
41,Male,Low,Healthy,26.8,168.0,1.3,4.9,3551,1491,77.0,1.9,4.4,Low,1.2999999999999998
32,Male,High,Healthy,22.4,193.0,1.9,8.4,19547,1656,50.0,1.4,3.2,Low,1.4000000000000004
55,Male,High,Average,17.5,30.0,3.0,10.0,13163,1371,50.0,1.3,4.9,Low,0.5
22,Male,High,Unhealthy,19.6,296.0,4.0,5.9,12923,1643,50.0,2.0,5.3,Low,0.9000000000000004
65,Female,Low,Average,25.8,337.0,3.7,5.6,6592,1532,77.0,2.4,5.1,Medium,0.20000000000000018
43,Female,Low,Average,20.3,17.0,2.5,8.0,1610,1481,67.0,1.9,4.5,Medium,0.7000000000000002
35,Male,Low,Healthy,23.0,370.0,2.1,5.9,3998,1188,75.0,2.6,5.5,Medium,0.3000000000000007
23,Female,Low,Average,25.7,352.0,2.0,12.9,5106,1557,66.0,0.8,1.6,High,2.7
54,Female,Medium,Average,24.2,165.0,3.8,3.5,5718,1378,66.0,2.3,5.6,Low,0.2999999999999998
65,Male,Medium,Average,26.0,334.0,2.0,6.7,8381,1594,73.0,1.5,4.9,Low,1.7999999999999998
30,Female,Low,Unhealthy,27.7,240.0,3.2,7.7,2630,1568,80.0,1.7,3.6,Medium,1.4000000000000004
45,Male,Medium,Unhealthy,20.4,0.0,2.5,7.4,5548,1357,59.0,2.5,4.7,Low,0.40000000000000036
22,Female,Low,Average,24.7,172.0,3.1,5.6,4934,1391,70.0,2.0,3.4,Medium,1.5
30,Male,Medium,Unhealthy,17.5,127.0,1.8,10.1,11646,1173,57.0,1.7,3.6,Low,2.0
34,Female,High,Average,26.0,212.0,2.2,8.7,12838,2179,60.0,1.2,3.8,Medium,1.2000000000000002
67,Male,Medium,Unhealthy,23.8,353.0,2.5,8.8,9161,1576,67.0,1.2,3.4,Medium,2.0
57,Female,Medium,Average,21.1,0.0,2.0,5.3,8967,1206,56.0,1.4,3.9,Low,1.4000000000000004
62,Male,Medium,Healthy,26.3,133.0,3.5,6.0,8347,1444,67.0,2.8,5.3,Low,0.3000000000000007
49,Female,Medium,Unhealthy,29.7,76.0,1.9,8.2,6622,2148,75.0,2.0,4.1,Low,1.2999999999999998
46,Female,Low,Healthy,23.1,83.0,2.0,4.2,2480,1746,78.0,2.0,5.5,Low,0.09999999999999964
68,Male,High,Average,21.2,76.0,3.6,8.7,11608,1591,58.0,2.4,4.8,Low,0.0
57,Male,Medium,Average,19.7,278.0,3.8,9.7,7161,1337,67.0,1.0,1.8,Medium,2.5999999999999996
51,Female,High,Average,22.4,252.0,1.0,5.9,10552,1480,56.0,1.9,5.0,Medium,0.9000000000000004
57,Female,High,Average,29.9,227.0,2.7,11.5,13384,2145,65.0,1.7,3.8,Medium,0.5999999999999996
44,Female,Medium,Unhealthy,25.2,293.0,2.6,8.0,6728,1599,68.0,1.5,2.8,Medium,1.9000000000000004
30,Female,Low,Healthy,17.5,557.0,2.1,8.3,4835,1061,68.0,1.3,4.2,High,0.7000000000000002
62,Male,Medium,Average,17.8,220.0,2.8,5.3,7218,1161,62.0,1.3,4.0,Medium,2.0
50,Male,Medium,Healthy,25.6,353.0,2.2,7.6,9687,1623,72.0,2.5,4.4,Low,0.7999999999999998
23,Male,Medium,Healthy,28.4,344.0,2.6,5.6,8459,1948,69.0,1.1,3.2,Low,1.5999999999999996
41,Female,Low,Average,18.5,466.0,5.0,3.1,3255,1016,71.0,2.6,6.0,Low,0.40000000000000036
36,Male,Medium,Unhealthy,26.8,284.0,2.8,6.5,7673,2058,69.0,1.9,4.1,Low,1.0
33,Female,Medium,Healthy,30.3,73.0,2.8,9.9,7729,2253,73.0,1.4,2.0,Medium,1.9000000000000004
57,Female,Low,Average,32.6,245.0,3.2,6.8,4249,1724,85.0,1.1,4.1,High,0.5
45,Male,High,Healthy,26.3,237.0,2.6,6.3,15083,1846,65.0,1.4,3.7,Low,2.0
50,Female,Low,Unhealthy,27.0,322.0,1.6,6.2,3324,1473,82.0,1.6,4.1,Medium,1.5
65,Male,Low,Average,17.5,68.0,1.2,12.6,3642,892,65.0,1.2,2.3,High,1.7999999999999998
58,Male,Medium,Average,33.4,389.0,2.5,8.5,8228,2169,77.0,2.2,4.1,Low,1.2999999999999998
30,Female,High,Unhealthy,22.7,200.0,2.3,3.0,5128,1577,66.0,1.3,4.3,Low,2.3
60,Male,High,Average,21.3,325.0,0.9,5.6,15658,1948,53.0,1.3,3.3,Low,0.5
62,Male,Medium,Unhealthy,24.0,246.0,3.8,6.0,6092,1402,77.0,2.3,5.0,Low,0.7999999999999998
42,Female,Low,Unhealthy,31.0,218.0,2.6,5.2,3566,1648,81.0,1.8,4.6,Low,1.5999999999999996
59,Male,High,Average,33.8,235.0,3.7,7.2,11967,1770,76.0,1.1,3.6,Medium,1.0
53,Other,High,Average,25.5,300.0,0.7,5.6,16245,1793,55.0,1.2,3.6,Medium,0.5999999999999996
44,Other,Low,Healthy,29.0,493.0,3.7,5.7,5537,1485,81.0,2.5,5.3,Medium,0.7999999999999998
55,Male,Medium,Unhealthy,25.2,0.0,2.1,7.4,7775,1349,63.0,1.8,4.2,Low,2.5
24,Male,Medium,Average,20.8,281.0,3.5,3.1,7801,1254,62.0,2.3,4.6,Low,0.9000000000000004
22,Female,Medium,Average,30.9,206.0,2.7,2.0,7922,1800,76.0,1.3,5.0,Low,0.20000000000000018
60,Male,High,Average,22.5,173.0,2.9,10.1,13952,1678,50.0,1.3,3.3,Low,0.40000000000000036
62,Male,Low,Average,31.1,0.0,2.9,9.1,5501,2046,68.0,2.4,3.9,Medium,1.0999999999999996
40,Female,Medium,Healthy,32.3,74.0,2.2,6.5,9136,2066,69.0,2.4,5.4,Low,0.09999999999999964
59,Male,Medium,Healthy,33.9,206.0,1.3,14.0,6306,1787,87.0,1.6,2.5,Medium,2.5999999999999996
27,Male,Low,Healthy,24.3,156.0,2.1,7.5,2867,1359,72.0,2.2,5.2,Low,1.5999999999999996
49,Male,Medium,Average,21.8,0.0,1.9,13.5,5959,1590,62.0,2.1,2.8,Medium,1.0999999999999996
60,Female,High,Average,17.5,213.0,1.3,12.2,18018,1498,50.0,1.6,3.2,Medium,0.7000000000000002
47,Female,Medium,Average,34.0,287.0,2.9,8.2,9407,1878,79.0,2.0,4.2,Medium,1.0
56,Female,Medium,Healthy,23.2,117.0,2.5,6.5,7230,1459,67.0,1.7,4.0,Low,1.2999999999999998
48,Male,Low,Average,29.5,239.0,2.7,7.0,4319,1911,79.0,1.5,3.7,Medium,1.5
35,Male,Medium,Average,22.0,216.0,3.1,6.0,9528,1882,62.0,1.7,4.7,Low,1.0999999999999996
53,Male,Medium,Average,31.2,356.0,2.3,8.2,10392,1852,74.0,1.8,3.0,Medium,2.4000000000000004
31,Female,Low,Healthy,20.2,320.0,2.7,3.9,4137,1230,73.0,2.3,5.0,Medium,0.1999999999999993
30,Female,Medium,Unhealthy,24.2,152.0,0.5,13.5,10637,1351,60.0,2.1,2.7,Medium,1.9000000000000004
46,Male,Low,Average,22.9,495.0,2.4,5.0,2344,943,84.0,1.3,4.4,Medium,1.9000000000000004
56,Male,Medium,Average,24.8,97.0,3.3,6.8,10512,1585,63.0,1.3,4.0,Low,0.7000000000000002
19,Female,Low,Average,27.5,184.0,2.1,4.1,3326,1227,77.0,2.9,6.7,Low,0.9000000000000004
49,Male,Low,Average,23.8,90.0,0.7,6.9,6005,1567,66.0,2.5,4.6,Low,0.0
63,Male,Medium,Healthy,22.7,309.0,3.0,8.1,11707,1605,62.0,1.3,4.6,Low,0.40000000000000036
44,Male,Medium,Average,33.2,0.0,2.2,9.5,1975,1519,83.0,1.1,2.4,Medium,1.7000000000000002
58,Male,Medium,Average,17.5,0.0,1.4,6.1,6982,1034,57.0,1.7,5.3,Low,1.0
34,Male,Medium,Healthy,22.9,221.0,2.8,8.7,6695,1422,65.0,1.7,2.9,Low,2.3
57,Female,Low,Healthy,25.4,0.0,3.8,5.4,4557,1310,67.0,2.1,4.7,Low,0.5
48,Female,Medium,Healthy,32.4,282.0,2.7,2.3,6746,1670,80.0,2.2,4.6,Low,1.2000000000000002
62,Female,Medium,Healthy,34.7,228.0,3.8,5.4,7595,2321,82.0,1.5,3.6,Low,0.7999999999999998
52,Female,Low,Average,24.9,277.0,2.3,7.3,4538,1456,74.0,0.9,3.3,Medium,2.7
65,Male,Medium,Average,30.0,341.0,3.2,7.0,7083,1489,71.0,1.4,3.1,Medium,1.2000000000000002
23,Female,High,Unhealthy,20.4,0.0,3.2,9.5,15404,1231,50.0,1.9,4.2,Low,1.2000000000000002
36,Male,Low,Unhealthy,17.5,0.0,3.0,3.9,6125,629,56.0,2.7,5.0,Low,0.5
47,Male,Low,Healthy,19.4,425.0,1.4,12.7,4614,1222,73.0,1.3,2.8,Medium,1.7999999999999998
24,Male,High,Healthy,17.5,76.0,2.8,3.5,13642,1210,52.0,1.3,5.4,Low,0.0
27,Male,Low,Average,33.4,120.0,3.7,6.0,5965,2008,83.0,1.4,3.6,Low,2.0999999999999996
58,Female,Low,Healthy,25.9,294.0,2.9,4.8,3389,1666,76.0,2.0,3.6,Low,2.0999999999999996
49,Female,Medium,Average,21.3,24.0,2.8,7.1,7235,1472,58.0,1.6,3.9,Low,1.2999999999999998
51,Female,Medium,Average,26.8,160.0,2.1,7.0,6671,1561,69.0,1.5,3.7,Low,1.2000000000000002
45,Female,Medium,Average,25.8,333.0,1.8,7.4,4862,1854,74.0,2.3,4.7,Medium,0.20000000000000018
32,Male,Medium,Unhealthy,27.5,0.0,1.2,7.7,6279,1533,69.0,1.7,3.6,Low,0.5999999999999996
47,Female,High,Unhealthy,29.8,124.0,3.1,10.3,14165,1875,59.0,2.0,4.0,Medium,1.0999999999999996
46,Male,High,Healthy,21.5,83.0,1.4,10.5,11096,1673,50.0,1.7,4.1,Medium,0.9000000000000004
39,Female,Medium,Unhealthy,28.3,377.0,3.3,2.6,6979,1177,82.0,1.2,5.2,Low,0.5999999999999996
37,Female,High,Average,25.4,238.0,1.8,7.3,20561,1767,50.0,2.4,4.7,Medium,0.20000000000000018
49,Female,Low,Unhealthy,33.7,279.0,2.1,7.8,6200,1522,83.0,1.2,3.4,Medium,1.0
53,Male,Medium,Unhealthy,23.2,275.0,2.3,5.7,6568,1353,71.0,1.2,3.8,Low,0.7000000000000002
67,Male,Low,Average,21.4,99.0,2.9,7.0,4206,1025,60.0,1.6,4.3,Low,1.0
21,Male,Medium,Average,26.7,235.0,1.8,9.7,6240,1667,70.0,2.1,4.1,Medium,1.4000000000000004
44,Female,High,Average,22.3,5.0,3.3,8.7,17073,1869,50.0,1.2,3.2,Low,1.7000000000000002
34,Female,Medium,Average,27.0,56.0,2.9,6.2,9286,1783,67.0,1.8,4.2,Low,1.2999999999999998
29,Other,Low,Unhealthy,21.7,186.0,2.1,7.5,2028,1410,68.0,1.3,3.1,Medium,1.2000000000000002
39,Male,Low,Average,23.4,40.0,2.4,8.9,2538,1208,73.0,2.0,4.3,Low,0.7000000000000002
34,Male,Medium,Average,32.6,9.0,2.2,3.9,7860,2017,74.0,1.4,4.3,Low,0.7999999999999998
27,Female,Low,Average,23.4,93.0,2.6,5.0,6076,1079,63.0,2.0,6.3,Low,1.1999999999999993
18,Female,Medium,Healthy,21.8,371.0,3.7,9.3,7241,1571,67.0,2.0,4.1,Low,1.0999999999999996
39,Male,Medium,Unhealthy,29.7,433.0,2.2,2.7,10615,1809,68.0,2.0,4.8,Low,0.9000000000000004
35,Female,Medium,Average,22.2,287.0,1.9,4.0,6334,1294,72.0,1.5,5.4,Low,1.0
31,Female,Low,Average,28.8,0.0,2.7,4.3,4948,1564,72.0,1.3,4.3,Low,0.5
64,Male,Medium,Unhealthy,29.9,65.0,3.6,9.0,9681,1449,68.0,1.7,4.0,Low,1.2000000000000002
46,Other,High,Unhealthy,22.0,153.0,1.8,6.1,16795,2019,50.0,1.8,6.0,Low,0.5999999999999996
29,Female,Low,Healthy,27.4,221.0,3.1,11.4,4321,1412,69.0,1.3,3.2,Medium,2.2
53,Male,Low,Average,23.1,184.0,3.5,7.3,4668,1266,72.0,1.9,3.7,Medium,2.0999999999999996
52,Male,Medium,Average,22.6,157.0,2.1,9.7,12513,1591,60.0,1.3,4.9,Medium,0.40000000000000036
69,Female,Low,Average,29.8,113.0,2.4,8.2,7610,1899,73.0,1.9,2.8,Low,1.9000000000000004
29,Male,Low,Average,22.8,251.0,2.7,5.9,4071,1204,75.0,1.3,3.3,Medium,1.5
24,Male,Medium,Average,26.1,0.0,2.3,7.0,4463,1696,69.0,1.1,3.1,Low,0.5
46,Female,Low,Healthy,25.6,320.0,2.6,7.0,4193,1822,77.0,1.3,2.2,Medium,3.0
28,Male,Low,Average,20.7,112.0,3.0,5.8,4173,1529,63.0,1.7,5.0,Medium,0.40000000000000036
50,Female,High,Healthy,28.9,510.0,2.4,9.2,10212,1904,71.0,1.8,3.5,Medium,0.5
23,Male,Low,Healthy,27.2,152.0,2.4,13.3,4186,1412,70.0,1.1,1.5,Medium,2.9000000000000004
64,Female,High,Average,17.5,127.0,2.7,7.3,10865,1188,53.0,1.5,3.3,Medium,0.7999999999999998
32,Male,Low,Average,26.1,115.0,2.2,8.8,4565,1413,72.0,2.3,4.7,Medium,0.40000000000000036
49,Male,High,Healthy,21.9,129.0,2.2,8.3,15784,1556,53.0,2.3,3.9,Low,0.5999999999999996
28,Female,Low,Average,19.2,193.0,2.5,8.2,5483,1134,64.0,2.0,4.6,Low,0.0
43,Male,High,Average,26.4,269.0,2.3,3.9,16365,1913,57.0,2.8,5.5,Low,0.0
51,Female,Low,Healthy,25.2,204.0,1.9,2.5,5937,1587,73.0,1.3,4.7,Low,1.5999999999999996
63,Female,Medium,Average,28.1,255.0,2.4,8.1,7116,1740,80.0,1.1,3.4,Medium,1.7000000000000002
51,Other,Medium,Average,18.9,379.0,2.8,11.1,7712,1182,67.0,1.8,3.6,Low,1.7999999999999998
46,Male,Medium,Average,31.6,298.0,2.6,6.1,7289,1841,73.0,1.5,4.6,Medium,1.0999999999999996
21,Female,Medium,Average,27.1,242.0,4.3,6.2,6509,1585,71.0,1.4,3.8,Low,1.7999999999999998
34,Male,Low,Healthy,30.4,263.0,2.0,12.8,3552,1796,82.0,2.2,3.7,Low,1.4000000000000004
52,Male,Low,Average,28.5,27.0,2.4,9.2,5252,1479,71.0,1.2,3.3,Medium,2.2
30,Female,Medium,Healthy,25.0,585.0,3.1,4.0,9454,1535,76.0,0.9,2.7,Low,2.2
58,Female,High,Average,19.9,279.0,1.9,5.2,8917,971,61.0,1.4,5.1,Low,0.3000000000000007
56,Male,Medium,Unhealthy,22.7,294.0,4.0,12.4,11430,1377,60.0,1.7,3.2,High,2.5
32,Male,Medium,Average,31.4,195.0,2.5,5.3,9694,1910,75.0,2.3,4.8,Low,0.7000000000000002
46,Female,Low,Healthy,30.5,0.0,2.9,5.7,4341,1611,70.0,2.1,4.7,Low,0.6999999999999993
46,Female,Medium,Unhealthy,22.5,160.0,2.5,8.7,5237,941,68.0,1.3,3.9,Medium,1.2000000000000002
28,Male,Medium,Average,17.5,211.0,3.3,6.3,5629,1205,59.0,2.4,4.4,Low,0.0
69,Female,Medium,Healthy,24.1,76.0,1.6,8.1,11006,1469,61.0,1.1,2.3,Low,2.0999999999999996
49,Male,High,Average,23.8,75.0,3.8,7.7,17013,1546,50.0,1.3,4.5,Medium,0.9000000000000004
19,Male,Low,Average,24.0,149.0,2.7,6.6,5692,1500,69.0,1.2,4.3,Medium,0.7999999999999998
64,Female,Low,Average,27.1,315.0,3.0,10.0,3801,1673,76.0,0.9,2.1,High,2.5
31,Male,High,Healthy,28.5,388.0,1.9,3.8,17919,1654,54.0,1.7,4.8,Low,1.0
37,Male,Low,Average,29.0,225.0,2.8,7.3,1945,1664,82.0,1.3,3.8,Low,1.0999999999999996
39,Female,Medium,Healthy,26.8,114.0,1.7,5.5,5533,1518,67.0,1.5,4.8,Low,0.7000000000000002
28,Female,Medium,Average,17.8,145.0,3.4,11.1,10017,1239,58.0,1.6,4.7,Medium,1.7000000000000002
44,Male,Medium,Average,23.6,214.0,1.5,6.6,6164,1202,70.0,1.3,2.8,Medium,2.5999999999999996
20,Female,Low,Average,34.2,232.0,2.6,11.8,3940,1836,86.0,1.2,2.4,High,2.2
34,Female,Low,Healthy,26.5,265.0,2.2,5.9,1337,1360,79.0,2.0,3.4,Medium,2.3
61,Male,Medium,Unhealthy,26.5,134.0,1.2,7.3,2311,1868,75.0,1.2,4.3,Low,1.0999999999999996
46,Male,Medium,Average,26.7,267.0,2.9,4.6,7242,1624,72.0,2.3,4.7,Low,1.0999999999999996
38,Male,Medium,Average,17.5,140.0,1.8,10.8,6150,1357,56.0,0.9,2.3,Medium,2.2
64,Female,Medium,Healthy,24.0,0.0,2.0,7.1,9240,1746,60.0,1.6,3.3,Low,2.0999999999999996
33,Female,Medium,Average,24.8,67.0,2.8,8.0,10021,1350,57.0,2.6,4.8,Low,0.1999999999999993
54,Male,High,Average,30.1,435.0,3.2,8.4,15830,2270,67.0,1.1,3.3,Medium,1.2000000000000002
37,Male,Medium,Average,25.2,0.0,3.0,6.8,5686,1506,67.0,2.1,4.8,Low,1.0
23,Female,Medium,Healthy,18.4,397.0,2.5,5.0,9049,1141,57.0,2.1,5.0,Low,1.2999999999999998
36,Male,High,Average,26.7,0.0,2.7,7.2,10315,1540,65.0,1.1,3.7,Low,1.2999999999999998
18,Female,Low,Average,21.7,467.0,2.7,6.6,2716,1423,79.0,1.8,3.7,Medium,1.7000000000000002
55,Male,High,Healthy,27.2,203.0,1.7,10.9,14158,1475,58.0,1.7,4.2,Medium,0.7000000000000002
32,Male,Medium,Unhealthy,30.0,167.0,3.0,10.8,8336,1581,71.0,2.2,4.4,Low,0.9000000000000004
51,Female,High,Average,26.9,59.0,2.6,9.4,16122,2029,58.0,2.3,4.4,Low,0.5999999999999996
52,Female,High,Average,27.5,278.0,0.8,3.2,8335,1680,72.0,1.2,4.2,Low,1.2000000000000002
42,Male,Medium,Average,25.4,165.0,2.1,4.8,8963,1536,64.0,1.7,4.7,Low,0.09999999999999964
41,Female,Medium,Average,27.8,146.0,2.0,6.8,9557,1822,64.0,1.5,3.6,Low,0.09999999999999964
29,Male,Low,Healthy,17.5,307.0,3.3,9.4,8905,913,57.0,2.1,3.8,Medium,1.0999999999999996
35,Male,Medium,Unhealthy,25.4,314.0,2.4,8.6,10756,2119,58.0,2.1,4.7,Medium,0.1999999999999993
32,Female,Low,Healthy,20.8,66.0,3.0,10.2,2966,1242,68.0,1.9,4.3,Low,1.0999999999999996
33,Male,Low,Healthy,24.4,91.0,3.1,4.4,4869,1201,64.0,2.7,5.8,Low,0.3000000000000007
44,Male,Medium,Average,25.1,227.0,2.7,10.8,10732,1566,64.0,2.0,4.7,Medium,0.2999999999999998
25,Male,Low,Average,19.0,336.0,2.8,10.8,4700,1240,58.0,2.0,3.4,High,0.7000000000000002
63,Male,Low,Average,29.1,229.0,2.4,7.0,6155,1631,81.0,1.9,4.5,Medium,1.2000000000000002
42,Other,Medium,Average,27.5,0.0,3.8,6.9,10165,1835,61.0,2.2,4.0,Low,0.09999999999999964
34,Male,Medium,Healthy,27.2,313.0,4.0,9.9,9104,1568,68.0,2.4,3.8,Medium,0.7999999999999998
46,Male,Low,Average,21.7,0.0,0.7,8.3,3342,951,68.0,1.2,3.4,Low,0.7999999999999998
25,Male,High,Average,21.9,92.0,3.2,8.5,12675,1824,55.0,1.4,3.3,Low,1.2999999999999998
32,Female,Low,Average,25.9,229.0,1.6,4.7,2575,1218,72.0,1.0,3.4,Medium,1.7000000000000002
63,Male,Medium,Unhealthy,26.7,330.0,1.1,6.5,10214,1575,69.0,1.8,4.4,Medium,0.5999999999999996
67,Female,Medium,Average,17.5,108.0,2.8,3.5,9162,1209,51.0,2.2,4.5,Low,0.9000000000000004
69,Male,Low,Average,23.0,55.0,1.8,5.0,2837,1186,71.0,1.8,3.6,Low,1.2999999999999998
24,Male,Medium,Average,32.2,153.0,2.1,5.5,9936,1965,67.0,1.2,4.3,Low,1.2999999999999998
20,Male,Medium,Average,26.8,346.0,2.2,10.7,5647,1717,77.0,1.0,3.4,Medium,1.7000000000000002
46,Male,Low,Healthy,25.7,294.0,1.9,5.3,4498,1791,70.0,1.2,4.4,Low,0.5
41,Female,Low,Average,17.5,398.0,2.2,2.0,2235,988,65.0,2.3,5.0,Low,1.0
20,Male,Low,Healthy,21.7,371.0,2.4,9.3,4255,1201,74.0,2.2,4.0,Medium,0.5999999999999996
37,Female,Low,Average,23.4,318.0,2.8,5.0,2952,1305,78.0,1.9,5.3,Medium,1.0
63,Male,Low,Unhealthy,28.4,23.0,4.0,8.0,6442,1534,74.0,1.6,4.7,Medium,0.9000000000000004
32,Male,Medium,Average,28.5,317.0,1.7,8.0,12499,1717,65.0,2.1,4.9,Low,0.20000000000000018
42,Male,Medium,Unhealthy,21.5,169.0,2.6,8.6,9110,1504,58.0,2.0,4.2,Low,1.7999999999999998
31,Male,Low,Healthy,23.4,97.0,1.9,11.8,6049,1639,66.0,1.9,2.9,Medium,2.0999999999999996
24,Female,Medium,Unhealthy,29.8,174.0,0.7,7.5,9529,1881,68.0,1.0,3.3,Medium,1.4000000000000004
34,Male,Medium,Average,20.9,106.0,1.0,12.6,6353,1289,60.0,2.2,3.5,Medium,1.5999999999999996
61,Male,Medium,Unhealthy,24.5,225.0,0.7,8.6,7110,1612,68.0,1.0,2.3,Medium,2.9000000000000004
37,Male,Medium,Healthy,23.0,174.0,3.7,7.7,7096,1630,69.0,1.2,2.7,Low,2.5999999999999996
53,Male,Medium,Unhealthy,29.2,233.0,3.0,9.2,4534,1609,74.0,1.6,3.7,Medium,2.0999999999999996
55,Male,Medium,Healthy,24.8,155.0,3.3,8.1,5496,1249,69.0,1.4,2.6,Low,1.4000000000000004
65,Female,Low,Average,27.0,89.0,2.0,7.9,5242,1773,74.0,2.2,4.5,Medium,0.2999999999999998
39,Male,High,Average,27.2,0.0,4.3,7.6,11819,2173,59.0,2.1,4.7,Low,1.5999999999999996
19,Female,Medium,Healthy,28.5,315.0,2.8,12.3,7555,1993,76.0,1.7,3.5,Low,1.5999999999999996
41,Male,Medium,Unhealthy,25.8,211.0,2.4,12.7,9116,1566,64.0,1.7,3.2,Medium,1.4000000000000004
25,Female,High,Average,23.3,173.0,3.4,7.8,18582,1842,50.0,1.9,4.8,Low,1.4000000000000004
28,Female,Medium,Average,23.6,375.0,3.0,10.1,9738,1717,68.0,1.4,3.7,High,0.2999999999999998
30,Male,Medium,Healthy,25.1,6.0,3.6,10.0,7764,1685,58.0,1.7,3.1,Low,2.0999999999999996
34,Male,Low,Average,26.0,208.0,3.6,9.7,3948,960,79.0,1.2,2.2,High,1.5999999999999996
25,Female,Medium,Healthy,24.4,55.0,2.2,8.4,5645,1454,62.0,3.1,5.6,Low,1.0
38,Female,High,Average,25.1,298.0,2.6,8.7,15910,1880,60.0,1.2,4.2,Medium,1.7999999999999998
47,Male,Medium,Average,27.7,320.0,1.2,5.2,6139,1511,77.0,2.2,4.8,Low,1.0
35,Female,Medium,Average,25.7,314.0,3.2,6.8,9556,1720,69.0,1.2,3.2,Medium,2.4000000000000004
63,Male,Medium,Healthy,29.0,61.0,3.3,4.0,10838,1839,63.0,2.0,5.4,Low,0.09999999999999964
64,Female,Medium,Unhealthy,25.0,209.0,0.9,8.4,7643,1742,65.0,0.9,2.3,Medium,2.7
48,Male,Medium,Average,18.0,64.0,1.9,8.1,6875,1527,56.0,2.1,5.1,Medium,1.0
55,Male,Medium,Average,23.6,264.0,2.5,8.7,6843,1642,66.0,1.3,4.6,Medium,0.2999999999999998
49,Female,Medium,Average,24.2,323.0,2.6,5.1,8803,1651,68.0,2.2,5.3,Low,0.5999999999999996
28,Female,High,Average,28.0,49.0,4.1,9.4,10422,1787,64.0,1.3,4.4,Medium,0.5999999999999996
62,Male,Medium,Unhealthy,17.5,5.0,2.0,8.2,8151,1360,51.0,1.2,3.6,Low,1.0999999999999996
42,Male,Low,Unhealthy,25.2,364.0,2.4,12.6,3390,1271,73.0,1.7,2.6,High,2.0999999999999996
55,Female,High,Average,22.4,274.0,2.2,5.5,15745,1503,53.0,1.6,5.3,Low,0.2999999999999998
58,Male,High,Healthy,25.3,285.0,2.1,3.6,10631,1380,62.0,1.7,5.0,Low,0.09999999999999964
25,Female,Medium,Average,22.5,150.0,2.0,7.5,9335,1754,62.0,1.9,4.1,Low,1.0
28,Female,Medium,Healthy,22.1,227.0,2.7,4.4,8915,1515,62.0,1.9,5.0,Low,0.2999999999999998
39,Female,High,Healthy,23.4,252.0,2.4,5.2,13428,1813,60.0,1.3,3.7,Low,0.09999999999999964
68,Female,High,Healthy,22.2,172.0,3.0,4.6,12708,1593,57.0,1.9,4.0,Low,1.2999999999999998
58,Female,Low,Average,22.1,226.0,0.5,10.6,3743,1606,68.0,1.2,3.8,Medium,1.4000000000000004
34,Female,Medium,Average,21.4,245.0,1.1,4.6,6137,1312,70.0,1.3,4.3,Low,1.2999999999999998
29,Male,Low,Average,32.1,175.0,2.1,5.9,2973,1718,83.0,2.2,4.2,Low,0.7999999999999998
63,Male,High,Unhealthy,28.8,190.0,3.3,3.4,14613,1980,65.0,2.2,6.1,Low,1.0999999999999996
49,Male,Low,Average,17.6,382.0,2.0,2.7,3142,782,71.0,1.5,4.6,Low,1.2000000000000002
32,Female,Medium,Unhealthy,21.9,221.0,2.8,6.3,9756,1403,60.0,1.5,4.0,Medium,0.7999999999999998
33,Male,Medium,Average,26.0,225.0,3.0,7.5,7737,1546,67.0,2.1,3.7,Low,1.9000000000000004
39,Female,Medium,Average,26.3,227.0,2.9,4.1,7050,1153,70.0,1.7,6.0,Low,0.5
45,Female,Medium,Healthy,19.0,145.0,2.1,3.2,8663,840,56.0,2.0,3.9,Low,1.2000000000000002
37,Female,Low,Average,29.6,0.0,1.6,2.3,3391,1602,73.0,1.7,5.3,Low,0.5999999999999996
50,Female,Medium,Unhealthy,28.3,435.0,1.5,7.4,6440,1839,74.0,1.6,4.2,Medium,1.5
27,Other,Medium,Healthy,26.9,360.0,4.9,9.3,7324,1483,79.0,2.1,3.3,Low,1.7999999999999998
57,Male,Medium,Unhealthy,30.4,387.0,2.9,3.4,3915,2026,79.0,0.9,3.2,Low,2.4000000000000004
49,Female,High,Average,26.8,39.0,4.0,5.4,8087,1607,60.0,1.1,3.3,Low,1.2999999999999998
67,Male,Medium,Healthy,26.8,416.0,1.8,9.7,6159,1416,77.0,1.9,3.9,Medium,1.4000000000000004
50,Female,Medium,Average,31.2,495.0,3.5,6.5,5612,1499,81.0,1.2,4.3,High,0.7000000000000002
19,Male,Medium,Average,29.4,356.0,2.1,6.7,9300,1861,72.0,1.6,3.5,Low,1.2000000000000002
50,Other,Medium,Healthy,21.6,447.0,2.5,8.0,10519,1098,59.0,1.5,4.2,Medium,1.9000000000000004
50,Female,Medium,Average,27.5,319.0,2.3,5.9,8649,1571,72.0,1.3,3.5,Medium,1.2000000000000002
58,Female,Medium,Average,22.3,73.0,1.8,5.1,4206,1292,67.0,1.9,4.9,Low,0.7999999999999998
30,Male,High,Average,27.0,276.0,1.8,7.8,9770,1461,71.0,1.8,3.3,Medium,1.4000000000000004
30,Male,Medium,Healthy,24.5,247.0,2.6,5.3,4286,1152,68.0,2.1,4.0,Low,1.5999999999999996
69,Female,Medium,Average,26.1,227.0,1.8,8.8,6285,1686,69.0,1.5,3.8,Medium,1.2999999999999998
43,Male,Medium,Average,23.3,269.0,3.1,9.9,5850,1587,67.0,0.8,2.6,Medium,2.5999999999999996
39,Female,High,Unhealthy,26.3,0.0,2.1,5.8,18371,1847,50.0,2.0,4.8,Low,0.20000000000000018
19,Female,Medium,Average,24.9,282.0,2.5,10.5,7425,1517,73.0,1.7,2.4,High,3.0
55,Female,Medium,Unhealthy,25.9,312.0,2.4,7.1,8457,1702,68.0,1.5,4.2,Medium,1.9000000000000004
56,Male,Low,Average,30.5,322.0,3.8,8.6,4218,1634,84.0,1.0,3.7,High,1.2999999999999998
43,Male,High,Healthy,26.9,237.0,2.1,11.7,14237,1770,61.0,1.5,2.4,Medium,1.7000000000000002
63,Male,Low,Average,25.8,143.0,2.2,5.2,6739,1348,66.0,2.2,5.6,Low,0.40000000000000036
67,Female,Low,Average,21.2,275.0,1.9,6.4,6113,1471,67.0,2.4,4.7,Low,0.7000000000000002
32,Female,High,Healthy,27.7,155.0,2.7,11.0,18574,2012,50.0,1.5,3.6,Medium,0.09999999999999964
51,Female,Low,Average,26.3,335.0,1.9,4.6,4496,1339,71.0,2.5,6.4,Low,1.4000000000000004
61,Male,High,Healthy,25.2,190.0,2.5,5.4,10278,1700,66.0,1.1,2.6,Medium,1.5999999999999996
66,Male,Medium,Healthy,17.7,84.0,3.2,10.4,6009,920,61.0,2.1,3.5,Medium,1.9000000000000004
57,Male,Medium,Average,18.2,367.0,3.1,4.0,10028,1272,55.0,1.5,4.4,Low,1.0999999999999996
28,Male,Low,Unhealthy,27.9,283.0,2.1,6.8,2088,1284,83.0,2.1,4.2,Medium,0.9000000000000004
20,Other,Low,Healthy,22.7,515.0,1.9,4.4,3730,1048,78.0,2.1,4.7,Medium,1.2999999999999998
23,Female,Medium,Average,26.7,278.0,2.2,3.3,5229,1435,76.0,2.0,5.3,Low,1.2000000000000002
26,Male,Low,Average,25.5,291.0,2.5,2.3,3854,1388,75.0,1.3,4.2,Low,0.5
23,Female,Medium,Average,24.3,0.0,2.8,6.6,5877,1326,63.0,1.9,4.5,Low,0.1999999999999993
56,Male,Medium,Average,21.5,152.0,2.5,7.0,7512,1505,64.0,1.9,4.2,Low,1.7999999999999998
48,Male,Low,Average,24.9,323.0,2.0,7.6,2786,1214,76.0,1.6,4.3,Medium,0.1999999999999993
67,Female,Low,Healthy,23.7,519.0,2.0,8.8,4076,1150,77.0,1.6,3.3,Medium,2.0999999999999996
29,Female,Medium,Average,24.1,80.0,2.9,7.3,6895,1512,63.0,1.6,4.8,Low,0.3000000000000007
25,Male,Medium,Average,28.7,342.0,3.0,7.5,7363,1353,75.0,2.0,3.9,High,1.7000000000000002
25,Male,High,Healthy,24.5,302.0,3.7,5.8,12521,1533,64.0,2.4,6.0,Low,0.40000000000000036
67,Female,High,Average,29.1,496.0,2.1,11.9,7463,1520,76.0,1.7,2.2,High,2.8
45,Female,Medium,Average,31.2,305.0,2.2,9.0,7922,1696,80.0,1.9,2.8,Medium,2.0999999999999996
37,Female,Medium,Unhealthy,28.4,290.0,0.6,6.7,4888,1398,75.0,1.9,3.0,Medium,1.0999999999999996
64,Female,Low,Healthy,27.1,327.0,1.7,6.6,2668,1138,85.0,1.5,3.8,Medium,1.9000000000000004
24,Male,Low,Average,26.3,338.0,1.7,6.0,4481,1435,78.0,2.0,4.1,Medium,2.3
28,Female,High,Average,28.5,418.0,2.9,6.3,13281,1882,66.0,3.0,5.1,Medium,0.6999999999999993
37,Female,Low,Average,25.4,77.0,3.9,7.6,6292,1519,63.0,1.7,3.7,Medium,1.0
33,Male,Medium,Average,28.9,141.0,3.0,2.7,6405,1748,71.0,2.5,6.3,Low,0.40000000000000036
21,Female,Low,Unhealthy,27.5,460.0,3.3,6.4,3383,1591,81.0,1.7,5.1,Medium,0.0
23,Male,Low,Healthy,23.6,0.0,1.9,6.7,4243,1188,65.0,1.3,3.8,Low,1.0999999999999996
39,Male,Medium,Average,28.6,187.0,1.5,7.0,7925,1759,69.0,2.3,4.2,Low,1.2000000000000002
43,Male,Low,Healthy,25.4,222.0,2.3,7.4,5571,1440,71.0,1.1,3.5,Medium,1.0999999999999996
20,Male,Medium,Average,24.6,173.0,2.0,7.1,9280,1579,63.0,2.2,4.7,Medium,0.7000000000000002
58,Male,Low,Unhealthy,23.1,437.0,1.8,8.0,6082,1306,69.0,2.3,4.6,Medium,0.7999999999999998
59,Male,Medium,Unhealthy,25.7,271.0,2.7,6.7,4768,1315,77.0,2.2,5.2,Low,0.40000000000000036
31,Female,Medium,Average,29.0,141.0,1.6,9.5,9572,1783,71.0,2.4,4.7,Low,0.7000000000000002
35,Male,Medium,Average,26.4,242.0,2.2,12.6,8889,1735,71.0,1.9,3.2,High,1.7999999999999998
29,Male,Low,Healthy,27.4,374.0,2.5,8.8,3634,1704,81.0,1.6,3.4,Medium,2.5999999999999996
40,Female,Medium,Unhealthy,30.1,220.0,2.6,5.1,6622,1581,73.0,2.6,4.9,Low,0.40000000000000036
29,Male,Medium,Healthy,24.4,179.0,2.1,6.6,10347,1526,63.0,2.9,5.6,Low,0.8000000000000007
30,Male,High,Healthy,20.5,95.0,3.5,5.7,8967,1847,55.0,1.3,4.3,Low,0.09999999999999964
42,Female,Low,Average,30.2,256.0,1.2,7.0,6719,1414,73.0,1.4,4.0,Medium,0.09999999999999964
62,Female,Low,Average,22.9,247.0,3.5,9.7,4946,1020,71.0,2.5,3.7,Medium,0.7999999999999998
68,Female,Low,Healthy,22.2,91.0,2.2,6.2,4253,1490,68.0,1.8,3.6,Low,1.2999999999999998
36,Female,Low,Unhealthy,17.8,353.0,3.2,5.6,3777,1423,69.0,1.0,3.3,Medium,2.0
63,Male,Low,Average,27.3,455.0,2.7,8.3,3444,1793,82.0,1.1,2.5,Medium,2.7
53,Female,Medium,Average,18.5,207.0,3.2,5.0,8936,1345,52.0,1.6,4.9,Low,0.7999999999999998
62,Male,Medium,Average,22.0,245.0,2.4,4.8,5212,1222,63.0,1.2,4.1,Low,0.5
25,Male,High,Average,27.4,34.0,2.7,8.0,4780,1506,72.0,2.2,4.7,Low,0.09999999999999964
46,Male,Low,Average,27.9,310.0,3.4,2.5,4128,1640,80.0,2.1,4.8,Low,1.7999999999999998
49,Female,High,Unhealthy,22.4,269.0,2.6,5.8,11762,1777,57.0,2.4,4.9,Low,0.40000000000000036
68,Male,High,Unhealthy,24.5,151.0,3.6,9.1,11251,1782,65.0,2.2,3.9,Medium,1.2000000000000002
61,Female,High,Average,21.5,88.0,2.8,2.4,9273,1042,56.0,2.7,4.5,Low,0.1999999999999993
35,Female,High,Unhealthy,22.8,477.0,1.9,2.6,17612,1609,59.0,2.4,5.7,Low,1.2000000000000002
23,Male,Medium,Average,26.1,257.0,2.2,3.4,11641,1826,59.0,1.9,4.6,Medium,1.7999999999999998
35,Female,Medium,Healthy,23.0,62.0,3.2,2.0,7896,1189,59.0,1.7,6.2,Low,1.2999999999999998
36,Female,Medium,Average,24.0,328.0,1.5,11.7,7688,1126,69.0,1.1,2.9,High,1.2999999999999998
39,Female,Medium,Healthy,19.1,234.0,3.1,7.3,8846,1483,58.0,1.1,4.0,Low,1.2000000000000002
54,Male,High,Healthy,29.5,208.0,2.2,5.3,15090,2130,64.0,2.0,4.9,Low,1.2999999999999998
49,Female,Medium,Unhealthy,27.0,346.0,1.5,3.8,6959,1938,74.0,1.3,4.2,Low,1.5999999999999996
58,Male,Low,Average,28.2,0.0,2.7,12.5,5819,1837,74.0,1.8,3.1,Medium,0.20000000000000018
20,Female,Medium,Healthy,30.2,0.0,1.9,8.6,10264,1796,64.0,2.4,5.7,Low,0.20000000000000018
45,Female,Medium,Average,21.7,406.0,2.0,6.7,9485,1513,61.0,1.9,4.2,Medium,1.0
68,Female,Low,Unhealthy,17.5,135.0,2.6,8.0,5161,758,59.0,2.1,4.8,Low,0.09999999999999964
52,Female,Medium,Average,37.6,0.0,2.2,5.7,6687,2386,78.0,1.4,5.2,Low,0.5999999999999996
46,Female,Low,Average,24.4,229.0,2.8,5.5,4118,1345,70.0,2.0,4.8,Low,1.5
32,Male,High,Average,29.2,247.0,3.3,5.5,16819,2402,55.0,2.8,6.5,Low,1.5
50,Male,Low,Average,20.0,416.0,2.9,4.5,2422,1118,77.0,1.9,4.9,Medium,0.2999999999999998
24,Female,High,Average,29.0,255.0,3.9,9.8,13181,2032,60.0,1.7,4.3,Medium,1.5
29,Female,Low,Average,32.4,154.0,4.1,5.7,1625,1800,84.0,1.0,3.3,Medium,2.0
66,Female,Low,Average,24.8,260.0,2.3,10.4,7017,1483,69.0,1.3,1.7,Medium,3.4000000000000004
47,Male,Low,Unhealthy,21.0,366.0,1.6,4.9,4610,1186,71.0,1.7,3.9,Medium,2.2
38,Male,Medium,Average,24.4,333.0,2.3,5.5,9192,1636,67.0,1.8,4.2,Low,1.5999999999999996
48,Female,Medium,Healthy,17.5,293.0,2.6,5.9,4982,1323,60.0,1.9,4.4,Low,0.09999999999999964
41,Female,Low,Average,24.8,241.0,4.3,4.8,5668,1567,68.0,1.2,4.3,Medium,0.20000000000000018
37,Male,Medium,Healthy,28.3,112.0,2.2,5.5,8622,1763,68.0,2.1,4.4,Medium,0.5999999999999996
54,Female,Low,Average,24.9,45.0,2.7,8.4,1302,1214,73.0,2.3,5.2,Low,0.5
21,Female,High,Healthy,23.9,21.0,2.0,10.0,15370,1786,50.0,1.5,3.3,Low,1.2000000000000002
45,Male,Low,Average,27.1,259.0,2.2,7.7,2533,1283,80.0,1.3,3.5,Medium,2.4000000000000004
61,Male,Medium,Unhealthy,27.4,274.0,1.5,4.0,8113,1498,68.0,1.3,4.7,Medium,1.0999999999999996
37,Male,Medium,Average,18.4,364.0,1.3,5.5,9505,1252,65.0,2.1,5.3,Low,0.5
41,Female,High,Healthy,25.4,284.0,3.6,5.6,14584,1854,53.0,2.3,5.2,Low,0.5999999999999996
67,Male,High,Unhealthy,34.7,357.0,3.4,11.3,8467,2219,82.0,1.9,3.9,High,0.7999999999999998
66,Male,High,Average,19.7,180.0,2.2,9.5,14793,1350,50.0,2.0,2.9,Low,0.7999999999999998
49,Male,High,Average,32.8,49.0,1.5,5.2,13398,2261,67.0,2.7,5.0,Low,0.09999999999999964
58,Male,Medium,Unhealthy,29.4,190.0,2.4,3.8,9031,1634,68.0,2.0,4.5,Low,1.0999999999999996
53,Male,High,Healthy,22.9,0.0,2.6,8.4,15597,1676,50.0,1.6,4.3,Low,0.5
51,Female,Medium,Average,25.8,204.0,3.5,5.8,3957,1600,70.0,1.0,3.4,Low,2.3
53,Female,High,Average,25.0,383.0,2.7,7.7,17751,1948,60.0,2.6,5.2,Low,0.1999999999999993
19,Male,Medium,Healthy,22.0,210.0,2.9,8.0,6880,971,63.0,1.6,2.7,Medium,2.2
32,Female,Medium,Unhealthy,24.7,308.0,2.1,6.0,6551,1651,69.0,1.3,4.3,Low,1.4000000000000004
51,Female,Medium,Average,23.9,240.0,2.7,9.5,6610,1477,72.0,1.0,2.7,Medium,2.7
53,Male,Medium,Average,25.5,114.0,3.5,3.3,10460,1372,57.0,1.3,4.9,Low,0.1999999999999993
23,Male,Medium,Healthy,22.0,172.0,1.2,7.3,10947,1362,63.0,1.5,3.6,Low,2.0
56,Male,Medium,Average,19.9,376.0,3.4,8.7,8944,1327,62.0,1.0,3.6,Low,2.0999999999999996
59,Male,Medium,Unhealthy,24.8,307.0,2.3,11.3,7037,1583,73.0,1.6,3.6,High,1.0
68,Female,Medium,Average,31.9,107.0,1.4,7.3,13818,2353,66.0,1.3,4.0,Low,1.4000000000000004
68,Female,Medium,Average,25.3,0.0,2.3,10.1,7964,1403,57.0,2.0,3.2,Low,1.0999999999999996
29,Male,Low,Unhealthy,23.7,231.0,3.5,10.0,3021,1215,75.0,1.1,3.3,High,1.0
20,Male,High,Unhealthy,28.0,112.0,2.1,12.8,17074,2259,52.0,1.6,3.2,Medium,0.7999999999999998
62,Male,Medium,Average,24.4,173.0,2.7,7.8,7757,1739,65.0,1.1,3.4,Low,1.0
35,Female,Low,Average,32.5,0.0,1.2,12.1,7135,1845,78.0,1.0,2.5,Medium,1.7999999999999998
57,Male,Medium,Average,25.0,356.0,1.0,9.0,6307,1395,70.0,1.0,3.2,Medium,1.9000000000000004
38,Female,Low,Healthy,27.8,185.0,1.6,3.2,3728,1639,79.0,1.6,5.1,Low,0.2999999999999998
32,Male,Low,Average,22.0,208.0,3.3,7.1,6299,937,63.0,2.0,4.3,Low,1.4000000000000004
50,Female,Medium,Unhealthy,27.0,75.0,2.5,4.7,8976,1706,69.0,2.0,3.7,Medium,0.40000000000000036
52,Female,Medium,Unhealthy,26.1,158.0,3.4,10.8,7407,1595,68.0,0.9,2.3,Medium,3.0
43,Male,Low,Unhealthy,24.8,218.0,3.4,7.4,2616,1251,76.0,1.6,4.2,Medium,1.2000000000000002
25,Female,Medium,Healthy,23.0,108.0,1.9,3.7,5728,1473,65.0,2.6,4.9,Low,0.20000000000000018
53,Other,High,Unhealthy,22.4,167.0,3.8,9.2,10115,1742,60.0,1.8,4.5,Low,0.2999999999999998
65,Male,Low,Average,26.1,407.0,2.1,10.3,5457,1328,72.0,2.0,4.0,Medium,2.0
47,Female,Low,Healthy,27.5,0.0,3.3,6.0,5178,1436,68.0,2.5,5.1,Low,0.40000000000000036
40,Male,High,Average,24.5,227.0,3.3,5.9,15563,1980,53.0,1.6,4.2,Medium,1.0
59,Female,Medium,Unhealthy,26.1,82.0,2.6,7.5,5789,1246,65.0,2.3,5.0,Low,0.1999999999999993
61,Male,Medium,Healthy,24.8,400.0,2.6,2.5,7417,1430,71.0,2.1,4.4,Low,1.2999999999999998
31,Female,Low,Unhealthy,25.4,172.0,2.8,8.8,4489,1883,76.0,1.5,4.0,Medium,0.20000000000000018
31,Female,Medium,Unhealthy,24.2,42.0,2.6,11.2,10521,1668,56.0,1.7,3.5,Medium,1.4000000000000004
19,Female,Medium,Healthy,25.1,167.0,2.2,5.4,8722,1547,70.0,1.1,4.4,Low,1.7999999999999998
54,Female,High,Unhealthy,35.8,252.0,2.1,11.6,14395,2020,70.0,1.7,3.7,Medium,1.4000000000000004
22,Female,Medium,Unhealthy,26.2,616.0,2.2,9.5,6143,1074,78.0,0.9,1.4,Medium,3.0
55,Male,Medium,Healthy,27.6,0.0,3.5,6.8,9803,1984,62.0,2.2,4.0,Low,0.9000000000000004
62,Female,High,Average,26.8,20.0,1.2,8.6,13164,1633,64.0,1.8,3.6,Low,1.2999999999999998
58,Female,High,Average,23.9,395.0,2.1,11.0,9770,1594,68.0,1.8,3.6,Medium,1.5999999999999996
64,Female,Low,Average,30.2,0.0,2.2,7.4,2673,1871,78.0,1.6,4.6,Low,0.0
31,Female,High,Average,23.8,201.0,2.3,8.0,16050,1732,55.0,2.3,6.4,Low,0.40000000000000036
56,Female,Medium,Average,29.2,127.0,2.7,5.7,9432,1745,64.0,2.0,4.7,Low,1.2999999999999998
42,Female,Medium,Unhealthy,23.7,103.0,1.4,6.7,2637,1429,74.0,1.6,4.7,Low,0.2999999999999998
19,Male,Medium,Average,26.5,150.0,3.2,6.5,5414,1710,68.0,1.4,3.7,Low,1.9000000000000004
56,Male,Low,Average,20.6,358.0,3.0,5.7,4593,1507,68.0,1.2,3.9,Medium,2.7
23,Male,Medium,Average,27.1,399.0,2.3,9.9,9176,1260,71.0,1.2,2.5,Medium,2.9000000000000004
34,Female,Medium,Average,20.2,263.0,1.9,8.2,5852,1328,65.0,2.2,3.6,Low,1.4000000000000004
42,Male,Low,Average,23.7,164.0,2.2,5.8,4014,1602,69.0,1.1,3.4,Medium,2.7
45,Male,Medium,Healthy,19.3,238.0,2.5,11.4,9672,1441,56.0,2.0,4.4,Medium,0.7000000000000002
19,Other,High,Healthy,36.3,320.0,3.0,12.3,17070,2469,67.0,1.0,2.0,Medium,3.2
52,Male,Medium,Healthy,18.4,350.0,2.4,9.5,6309,927,64.0,1.9,3.5,Medium,1.7000000000000002
54,Male,Medium,Unhealthy,25.0,255.0,2.8,4.0,10157,1509,59.0,2.5,6.5,Low,0.7000000000000002
22,Male,High,Average,29.6,429.0,2.2,8.0,14773,2370,67.0,2.6,4.1,Medium,0.5999999999999996
18,Male,Medium,Healthy,29.1,107.0,2.7,8.5,7013,1728,75.0,1.4,4.2,Low,0.20000000000000018
57,Female,Low,Average,28.4,370.0,2.3,3.0,3864,1448,81.0,2.6,6.2,Low,0.3000000000000007
29,Female,Medium,Healthy,23.7,305.0,2.7,10.0,9600,1258,67.0,1.9,3.7,Medium,1.2999999999999998
53,Female,Low,Healthy,30.4,108.0,1.1,7.5,5174,1820,80.0,2.0,4.1,Low,1.5
62,Male,Medium,Average,28.7,234.0,2.9,9.8,9815,1666,71.0,1.5,3.4,Medium,1.2999999999999998
40,Female,High,Average,25.8,245.0,2.9,6.2,11982,1762,61.0,1.7,4.9,Low,0.2999999999999998
64,Male,Medium,Healthy,26.0,178.0,2.9,8.2,8448,1983,65.0,1.7,4.1,Low,1.0
48,Male,Medium,Average,23.8,177.0,1.7,8.3,7520,1650,66.0,2.2,4.2,Medium,1.5999999999999996
28,Male,Medium,Average,21.4,0.0,1.9,7.5,8424,1668,54.0,1.5,4.2,Low,0.1999999999999993
27,Male,Low,Average,29.9,96.0,1.8,8.2,3239,1653,85.0,2.2,4.4,Medium,1.4000000000000004
20,Male,Medium,Average,30.2,164.0,2.8,6.7,11174,2099,67.0,1.8,3.4,Low,1.0999999999999996
31,Male,Medium,Average,21.5,114.0,3.0,4.0,7963,1659,65.0,1.9,4.9,Medium,1.2999999999999998
33,Other,Low,Average,24.4,71.0,1.9,2.0,3791,1205,69.0,1.4,6.7,Medium,0.40000000000000036
27,Male,High,Average,24.4,359.0,3.6,5.5,15332,1825,58.0,2.8,6.1,Low,1.0
46,Male,Low,Unhealthy,24.9,184.0,3.5,9.0,5663,1333,69.0,1.3,4.0,Medium,0.2999999999999998
27,Male,High,Unhealthy,25.3,525.0,2.6,4.4,14135,1708,68.0,1.8,4.6,Low,1.7999999999999998
29,Female,Medium,Average,28.8,233.0,2.8,9.7,7375,1705,80.0,1.6,3.3,Low,2.0999999999999996
47,Male,Medium,Average,22.0,356.0,1.2,10.5,9780,1300,59.0,1.7,3.7,Medium,3.0
58,Female,Low,Average,21.6,168.0,2.1,8.2,6612,1270,63.0,2.3,5.0,Medium,0.9000000000000004
18,Female,Medium,Unhealthy,29.9,100.0,1.5,6.6,10841,2065,67.0,1.7,4.4,Low,0.5
22,Male,High,Unhealthy,23.1,239.0,1.8,9.6,11048,1577,55.0,2.2,3.4,Low,1.5
25,Male,High,Healthy,23.1,186.0,3.1,6.4,13789,1863,57.0,1.2,3.5,Low,2.0999999999999996
60,Female,Medium,Average,23.7,267.0,3.1,7.2,10547,1423,61.0,2.2,4.5,High,1.4000000000000004
29,Male,High,Average,31.2,238.0,2.7,5.0,19500,2119,58.0,1.8,5.1,Low,1.0
18,Male,High,Unhealthy,28.7,185.0,2.9,7.7,6879,1950,74.0,1.4,4.7,Low,1.2000000000000002
37,Male,Medium,Average,29.6,192.0,1.2,2.0,8027,1970,70.0,1.7,5.8,Low,1.3000000000000007
45,Female,Medium,Healthy,28.3,50.0,1.5,6.3,7086,1630,66.0,1.8,4.0,Medium,0.20000000000000018
60,Male,High,Unhealthy,28.8,198.0,2.3,4.9,11867,2293,62.0,2.5,4.7,Medium,0.40000000000000036
54,Male,Low,Healthy,22.2,297.0,3.0,6.8,2615,1101,66.0,2.3,4.2,Medium,1.0999999999999996
64,Female,High,Average,24.2,244.0,2.1,5.0,12659,1852,61.0,1.9,5.1,Low,0.9000000000000004
54,Female,Medium,Average,21.0,227.0,1.4,2.2,7421,1030,63.0,1.4,4.3,Low,0.09999999999999964
29,Female,Medium,Average,24.2,308.0,1.9,5.4,7298,1298,72.0,1.6,4.2,Medium,1.4000000000000004
54,Male,Low,Average,27.7,229.0,1.8,5.8,1000,1630,83.0,1.6,3.3,Medium,1.9000000000000004
66,Female,Medium,Average,25.5,202.0,1.1,9.7,8256,1889,67.0,2.4,4.5,Low,0.09999999999999964
66,Female,Medium,Healthy,30.2,310.0,4.3,5.4,10110,1884,73.0,2.1,4.1,Low,1.7999999999999998
61,Male,High,Average,20.4,220.0,3.5,4.9,12326,1968,50.0,3.2,5.3,Low,1.1999999999999993
45,Female,Medium,Average,27.0,164.0,0.9,4.0,4716,1800,74.0,1.9,5.5,Low,0.0
64,Male,Low,Unhealthy,20.0,270.0,1.0,9.9,4142,1026,67.0,2.3,3.6,Medium,1.0
32,Female,High,Average,25.4,194.0,1.9,6.4,17182,1881,51.0,2.1,4.5,Medium,1.2999999999999998
23,Male,Medium,Average,28.0,157.0,1.3,7.7,8313,1455,67.0,2.2,5.8,Medium,0.09999999999999964
37,Male,Medium,Healthy,27.2,225.0,1.9,2.6,5901,1643,71.0,2.3,5.2,Low,1.5
19,Female,Medium,Average,27.2,476.0,1.6,4.3,6961,1837,75.0,1.6,5.0,Low,1.5999999999999996
26,Female,Low,Average,32.0,53.0,3.3,5.4,3089,1756,80.0,2.1,4.8,Medium,0.7999999999999998
54,Male,Low,Healthy,21.0,124.0,3.0,7.0,4329,1360,65.0,2.1,5.1,Low,0.09999999999999964
37,Female,High,Unhealthy,29.9,617.0,2.5,5.4,14350,2158,75.0,1.5,3.0,Medium,2.4000000000000004
43,Other,Medium,Unhealthy,25.2,76.0,4.4,8.2,8108,1641,65.0,1.7,3.9,Medium,0.40000000000000036
46,Male,High,Average,19.7,392.0,2.7,4.9,11105,1613,54.0,1.3,4.4,Low,0.20000000000000018
18,Male,Low,Average,20.5,165.0,2.1,4.2,2461,1283,71.0,1.8,4.4,Medium,1.5
52,Female,High,Average,25.1,209.0,4.0,13.8,12047,1511,59.0,1.8,3.5,Medium,1.4000000000000004
23,Male,Medium,Unhealthy,23.4,180.0,2.8,4.7,8580,1876,62.0,1.4,4.4,Low,1.2999999999999998
54,Male,Medium,Healthy,19.7,263.0,3.8,9.0,9099,1373,59.0,1.8,3.5,Medium,1.4000000000000004
22,Male,Medium,Average,18.2,0.0,2.5,4.6,10933,1157,57.0,2.5,5.5,Low,1.0
50,Male,High,Average,21.6,227.0,0.5,3.1,11489,1526,59.0,1.6,4.5,Low,1.0
66,Male,Medium,Average,25.8,139.0,1.3,6.8,9451,1720,70.0,2.1,4.4,Medium,0.7999999999999998
68,Male,Medium,Healthy,25.0,0.0,3.4,3.6,4560,1549,68.0,1.8,4.4,Low,1.0999999999999996
31,Female,Low,Healthy,23.0,368.0,2.0,6.0,4525,1523,75.0,1.2,4.0,Medium,0.7999999999999998
29,Female,Medium,Unhealthy,25.8,0.0,2.7,5.0,4975,1642,73.0,1.9,5.5,Low,0.2999999999999998
59,Male,High,Healthy,29.2,522.0,3.4,10.1,10323,2240,77.0,2.2,3.7,Medium,1.0999999999999996
37,Female,Low,Average,26.6,292.0,2.6,3.1,5129,1556,76.0,2.0,4.3,Medium,1.2999999999999998
67,Female,Medium,Average,24.5,0.0,1.8,8.7,8305,1525,57.0,1.1,3.4,Medium,1.7999999999999998
41,Female,Low,Average,28.7,400.0,2.5,7.7,3524,1282,79.0,1.8,3.0,Medium,2.8
60,Male,High,Average,21.2,87.0,2.6,6.4,9818,1646,58.0,1.5,4.4,Low,0.2999999999999998
51,Male,High,Unhealthy,24.1,94.0,2.2,5.1,15107,1931,56.0,1.8,4.4,Low,0.1999999999999993
42,Female,Medium,Average,24.2,0.0,1.4,7.4,8173,1423,61.0,1.4,4.2,Low,0.5
67,Female,Low,Average,20.1,70.0,2.2,7.6,5085,1256,64.0,2.2,4.5,Medium,0.40000000000000036
46,Female,Medium,Average,23.3,88.0,2.4,8.0,4526,1344,65.0,1.7,3.4,Low,1.5
56,Female,Low,Average,17.5,322.0,1.3,6.3,4930,1107,63.0,1.7,3.8,Medium,1.4000000000000004
60,Male,Medium,Average,31.3,240.0,1.0,7.0,7874,1576,74.0,1.8,4.6,Medium,0.1999999999999993
67,Male,Low,Average,25.2,0.0,2.6,5.5,2723,1287,69.0,2.5,6.0,Low,0.40000000000000036
40,Female,Low,Average,27.3,241.0,2.7,4.5,3382,1561,73.0,2.3,5.8,Low,0.6999999999999993
61,Male,Low,Average,23.0,524.0,2.1,9.3,2684,1116,78.0,1.9,3.1,High,1.5999999999999996
55,Male,Medium,Healthy,25.8,0.0,1.4,10.5,6949,1645,61.0,1.4,4.0,Low,0.2999999999999998
37,Female,Medium,Healthy,27.6,47.0,2.8,8.4,6181,2040,68.0,1.7,4.4,Low,0.40000000000000036
40,Male,Low,Average,27.7,309.0,2.9,8.6,4602,1338,77.0,2.2,4.9,High,0.7999999999999998
62,Other,Medium,Average,28.1,326.0,2.6,9.9,6280,1289,80.0,1.4,3.2,Low,1.4000000000000004
69,Other,High,Average,23.5,58.0,2.5,6.1,15673,2043,50.0,2.5,5.9,Low,0.40000000000000036
33,Female,Low,Unhealthy,23.1,421.0,3.0,12.3,8898,1929,69.0,1.4,3.0,Medium,2.5
67,Male,High,Average,18.6,77.0,2.4,4.4,13229,1533,50.0,2.8,5.4,Low,1.0
59,Male,Medium,Healthy,27.1,451.0,1.8,6.4,4835,1549,76.0,2.3,4.3,Low,0.2999999999999998
25,Male,Low,Average,29.3,270.0,2.4,5.1,7156,1622,75.0,1.5,3.6,Low,0.7000000000000002
67,Male,Medium,Average,31.5,390.0,2.2,7.2,8698,2030,73.0,1.1,3.9,Low,1.7999999999999998
38,Male,Medium,Average,26.2,255.0,2.4,11.3,7739,1616,70.0,1.2,1.8,Medium,2.7
25,Male,Low,Healthy,18.2,306.0,1.5,8.1,2423,664,71.0,1.4,4.3,Low,1.5
46,Female,High,Healthy,29.2,371.0,2.6,2.0,12984,2044,65.0,1.2,5.7,Low,0.9000000000000004
49,Male,Medium,Healthy,17.8,195.0,1.5,8.1,6440,980,53.0,1.4,3.7,Low,2.0
55,Female,Medium,Healthy,23.6,65.0,1.8,9.5,6458,1627,63.0,1.7,3.8,Low,2.0
22,Female,Low,Average,24.1,188.0,3.8,7.3,4878,1171,72.0,1.5,3.9,Medium,1.0999999999999996
39,Male,Medium,Average,25.1,109.0,2.6,4.0,7548,1440,64.0,2.2,4.7,Low,0.20000000000000018
64,Female,Medium,Unhealthy,25.6,448.0,1.2,5.6,9004,1553,74.0,1.5,5.0,Medium,1.0999999999999996
51,Female,Medium,Average,17.5,293.0,2.3,4.0,12191,1532,52.0,2.4,5.5,Low,0.40000000000000036
18,Female,Medium,Average,25.1,286.0,0.8,10.9,6318,1348,73.0,1.2,3.2,Medium,0.7999999999999998
43,Male,Low,Healthy,17.5,360.0,2.5,8.2,1549,636,70.0,1.6,3.4,Medium,1.5
60,Male,Medium,Average,27.9,292.0,1.5,10.6,9665,1796,71.0,1.7,3.8,Medium,2.8
27,Female,Low,Average,22.8,480.0,2.9,6.3,2899,1123,79.0,2.0,3.7,Low,1.9000000000000004
47,Female,Medium,Unhealthy,17.5,0.0,2.6,5.1,6945,878,59.0,2.0,4.9,Low,0.9000000000000004
67,Male,Medium,Healthy,21.7,50.0,1.5,5.2,8246,1484,57.0,1.0,4.4,Low,1.2999999999999998
35,Female,Medium,Average,22.7,94.0,2.8,5.8,10478,1612,60.0,1.9,5.1,Low,0.7000000000000002
34,Male,High,Healthy,29.8,0.0,4.2,5.8,14393,2089,55.0,2.8,5.8,Low,0.09999999999999964
43,Male,High,Average,25.8,216.0,2.3,10.1,7641,1697,70.0,2.3,4.3,Medium,0.1999999999999993
25,Male,Medium,Average,26.4,223.0,3.2,9.3,8716,1269,63.0,1.3,3.3,Medium,1.0
64,Male,Low,Average,29.7,496.0,0.8,7.7,4347,1506,89.0,1.7,4.7,Medium,1.2999999999999998
57,Female,Medium,Healthy,24.6,335.0,2.9,2.9,6279,1536,72.0,1.8,4.6,Low,1.0999999999999996
66,Male,Low,Healthy,28.0,123.0,2.0,7.7,1446,1665,79.0,1.6,3.4,Low,2.8
29,Male,Medium,Average,27.7,274.0,2.3,6.2,7235,1722,67.0,2.1,5.1,Medium,1.5
44,Female,High,Unhealthy,19.9,0.0,3.0,10.5,7090,1512,61.0,2.4,3.9,Low,0.5999999999999996
25,Female,Medium,Average,30.9,221.0,2.3,9.2,4426,1586,83.0,2.2,3.7,Medium,1.2999999999999998
63,Female,Medium,Average,28.7,64.0,3.7,2.0,5494,1580,71.0,1.5,4.7,Low,1.5
18,Female,High,Average,32.4,60.0,2.6,8.0,15045,2217,62.0,2.2,4.3,Low,0.5
36,Female,Medium,Average,24.1,301.0,2.6,4.1,8416,1534,67.0,0.9,3.8,Low,2.4000000000000004
48,Male,Low,Average,24.0,355.0,2.8,7.7,1691,1145,81.0,1.4,3.8,High,1.7000000000000002
33,Male,High,Average,27.4,276.0,2.6,2.0,12309,1708,57.0,1.4,5.2,Low,0.3000000000000007
31,Female,High,Healthy,23.7,134.0,3.4,3.5,13315,1771,55.0,2.3,5.8,Low,0.09999999999999964
65,Male,Medium,Unhealthy,32.3,100.0,2.9,4.8,7734,2042,73.0,1.5,3.8,Low,1.0
22,Female,High,Healthy,25.8,138.0,1.6,5.6,15437,1936,56.0,1.2,4.2,Low,0.7999999999999998
58,Female,Low,Average,23.7,166.0,0.5,8.0,5387,1429,71.0,1.2,3.6,Medium,1.2999999999999998
43,Female,Medium,Average,22.8,69.0,2.6,2.9,8739,1482,63.0,2.6,6.3,Low,0.20000000000000018
45,Female,Low,Average,21.3,358.0,3.7,5.4,6642,1333,67.0,2.2,4.9,Medium,1.0
19,Female,Medium,Average,22.5,169.0,1.5,5.5,8877,1616,61.0,2.3,3.9,Low,0.5
67,Male,Medium,Unhealthy,23.6,314.0,1.7,8.7,6931,1781,69.0,1.5,3.2,Medium,0.9000000000000004
23,Female,Low,Average,23.0,0.0,2.8,6.5,5926,1685,65.0,1.8,4.7,Low,0.5999999999999996
26,Female,Medium,Unhealthy,22.4,96.0,2.9,4.6,5560,1125,68.0,2.9,4.9,Low,0.6999999999999993
50,Male,Low,Healthy,33.4,328.0,3.4,4.3,4801,1439,80.0,2.4,5.1,Low,0.5
58,Male,Low,Average,20.9,331.0,3.8,5.6,3774,1302,72.0,1.8,3.8,High,1.7999999999999998
42,Male,Medium,Healthy,25.6,19.0,2.7,2.9,6283,1535,66.0,2.4,5.5,Low,0.09999999999999964
65,Female,Medium,Healthy,27.4,245.0,1.8,11.1,8418,1694,76.0,1.0,2.8,Medium,1.2000000000000002
30,Male,Medium,Average,27.5,249.0,1.8,7.0,7429,1748,68.0,2.2,5.1,Medium,0.5999999999999996
26,Female,Low,Healthy,24.8,93.0,2.1,4.7,1231,1240,71.0,1.7,4.3,Low,1.0
30,Male,Medium,Unhealthy,24.0,253.0,3.3,4.4,8368,1210,64.0,1.0,3.6,Low,2.5
48,Male,Low,Average,26.8,0.0,2.1,4.0,2451,1209,75.0,3.0,6.2,Low,0.6999999999999993
58,Female,Medium,Healthy,26.1,60.0,3.3,7.9,8244,1418,66.0,2.3,3.8,Low,1.0
28,Male,High,Healthy,24.0,289.0,1.3,2.9,13618,1878,57.0,1.9,4.6,Low,2.0
21,Female,Low,Average,18.8,204.0,2.7,6.6,4645,1502,67.0,1.6,3.7,Medium,1.2999999999999998
51,Female,Medium,Average,23.1,212.0,1.9,8.4,3455,1199,70.0,1.4,4.1,Low,0.7000000000000002
63,Male,Medium,Average,22.3,280.0,2.3,4.5,8214,1064,60.0,1.5,3.8,Medium,1.9000000000000004
21,Female,Medium,Average,25.1,287.0,3.1,9.1,13765,1704,57.0,1.8,3.8,Medium,1.7000000000000002
55,Female,High,Average,26.4,318.0,2.2,4.2,14416,1933,60.0,1.7,5.0,Medium,0.5
36,Female,Medium,Average,32.1,218.0,2.5,6.3,7119,1379,77.0,2.2,3.9,Low,1.5
23,Female,Medium,Healthy,22.9,141.0,3.1,7.3,9746,1839,58.0,2.3,4.5,Low,1.2999999999999998
51,Female,Medium,Average,28.1,116.0,2.4,5.5,6821,1539,68.0,2.4,5.3,Low,0.20000000000000018
35,Female,Low,Healthy,26.2,41.0,2.5,4.0,4648,1502,71.0,1.6,4.1,Low,0.5
30,Female,High,Average,30.2,139.0,3.1,5.6,14155,2165,65.0,1.2,3.0,Low,1.5
58,Male,Medium,Average,27.3,109.0,2.4,7.9,10143,1452,62.0,1.9,4.9,Medium,0.09999999999999964
40,Male,Low,Average,21.0,440.0,1.2,5.2,4992,1736,67.0,1.5,3.5,Low,1.5
36,Male,Medium,Healthy,18.1,42.0,2.0,8.1,7041,1213,57.0,2.0,3.9,Low,1.7000000000000002
62,Male,Medium,Average,26.2,355.0,1.0,6.4,4995,1441,77.0,1.0,3.5,Medium,1.5
28,Male,Low,Healthy,22.9,159.0,2.3,5.5,2396,1018,68.0,1.0,3.3,Low,1.9000000000000004
18,Male,Medium,Average,21.1,169.0,2.9,5.2,8592,1439,65.0,1.5,5.1,Low,0.9000000000000004
41,Female,Medium,Unhealthy,19.9,260.0,2.6,7.6,7896,995,59.0,1.2,3.3,Low,0.9000000000000004
24,Male,Medium,Average,25.6,0.0,3.6,9.8,8054,1630,62.0,1.5,3.0,Low,1.5
42,Female,Low,Unhealthy,31.0,80.0,3.5,7.3,4381,2004,76.0,1.3,4.1,Low,1.2000000000000002
38,Male,High,Unhealthy,23.4,13.0,2.7,4.6,11543,1864,53.0,2.6,5.4,Low,0.5
32,Male,Low,Average,27.4,142.0,0.6,9.7,3843,1412,80.0,1.9,4.1,High,0.7000000000000002
29,Male,Medium,Healthy,19.8,397.0,1.9,11.3,5124,1303,74.0,1.8,2.7,Medium,2.4000000000000004
24,Female,Low,Average,27.9,112.0,3.2,6.6,3082,1754,75.0,1.8,3.8,Medium,0.7999999999999998
32,Female,Low,Unhealthy,20.6,0.0,2.8,4.8,4587,1520,61.0,1.8,5.5,Low,0.7000000000000002
38,Male,Low,Average,25.1,149.0,3.0,8.4,5048,1782,68.0,1.8,3.3,High,1.2999999999999998
36,Male,Low,Healthy,23.6,321.0,2.9,6.2,2788,1104,77.0,1.1,2.5,Low,1.9000000000000004
46,Male,Low,Unhealthy,28.6,444.0,4.4,8.1,4749,1770,87.0,2.1,3.8,High,1.2000000000000002
42,Female,Medium,Average,20.8,165.0,2.9,7.2,6771,1034,61.0,1.8,4.4,Low,1.4000000000000004
50,Female,Medium,Average,26.6,122.0,1.5,3.6,6241,1486,69.0,2.4,4.1,Low,0.9000000000000004
66,Female,Medium,Average,21.6,197.0,3.4,6.8,11820,1317,61.0,2.1,4.0,Low,0.9000000000000004
49,Female,Low,Unhealthy,23.0,262.0,2.2,8.3,3377,1054,69.0,1.7,5.0,Low,0.1999999999999993
66,Female,High,Unhealthy,17.5,30.0,3.6,7.3,9575,1306,50.0,2.6,4.6,Low,0.3000000000000007
52,Male,Low,Unhealthy,33.4,163.0,3.7,10.1,3342,1665,87.0,1.0,3.0,Medium,1.9000000000000004
61,Male,Medium,Average,27.2,192.0,3.0,7.8,7467,1716,71.0,1.0,3.1,Medium,2.2
55,Female,Low,Average,21.9,206.0,1.5,6.4,5369,1068,64.0,2.4,4.8,Medium,0.7999999999999998
43,Female,Low,Average,20.5,178.0,2.1,7.5,3461,1260,69.0,1.2,3.8,Medium,1.5999999999999996
28,Female,Medium,Unhealthy,23.0,59.0,3.6,5.8,8756,1414,56.0,1.2,3.5,Low,0.9000000000000004
52,Female,Medium,Average,27.9,250.0,4.1,7.9,10125,1741,71.0,2.2,4.6,Low,1.5
25,Male,Medium,Average,17.5,193.0,2.5,7.9,6833,888,53.0,1.6,3.2,Medium,1.2999999999999998
63,Female,Medium,Average,24.4,192.0,2.3,3.9,8581,1767,62.0,2.1,4.6,Low,1.0
31,Female,High,Average,32.1,37.0,1.6,8.9,13811,2185,64.0,2.1,4.0,Medium,0.9000000000000004
27,Male,Medium,Healthy,20.5,296.0,1.6,12.6,8450,1470,59.0,0.9,1.9,Low,3.5999999999999996
19,Female,Medium,Average,25.3,57.0,2.7,8.4,8201,1337,64.0,1.2,2.9,Medium,0.9000000000000004
63,Female,Low,Healthy,33.8,442.0,3.1,2.0,4219,1993,89.0,1.4,5.8,Low,0.5
26,Male,Low,Healthy,27.5,23.0,1.3,5.9,3571,1526,70.0,1.5,3.9,Medium,1.4000000000000004
20,Male,Medium,Healthy,25.5,314.0,3.2,3.8,8050,1497,69.0,2.6,5.8,Low,0.40000000000000036
38,Male,Medium,Average,27.0,0.0,3.6,6.3,7454,1923,68.0,1.7,3.9,Low,0.40000000000000036
43,Female,Medium,Average,23.4,0.0,3.0,8.7,12662,1758,55.0,2.4,4.1,Low,0.7999999999999998
25,Male,Low,Average,30.2,116.0,3.8,5.2,4907,1796,80.0,2.3,3.8,Medium,0.5999999999999996
65,Female,High,Unhealthy,23.4,0.0,2.8,11.7,14006,1337,50.0,2.0,4.5,Low,0.20000000000000018
19,Female,High,Unhealthy,17.5,309.0,2.8,2.0,12986,1610,50.0,1.4,4.8,Low,0.09999999999999964
23,Male,Medium,Unhealthy,23.4,196.0,2.8,6.4,9957,1657,66.0,1.7,3.1,Medium,2.3
45,Female,High,Average,21.1,410.0,3.6,7.9,11554,1764,62.0,2.3,5.0,Medium,0.09999999999999964
46,Other,High,Unhealthy,23.9,174.0,2.9,4.0,10149,1482,61.0,2.0,3.8,Low,0.1999999999999993
43,Male,High,Average,24.0,236.0,2.1,4.3,9924,1454,61.0,1.7,4.4,Low,1.2000000000000002
42,Male,Medium,Unhealthy,29.8,159.0,2.8,8.9,10594,2236,70.0,0.8,3.4,Medium,2.7
29,Female,Medium,Healthy,27.8,68.0,2.8,11.8,10491,2001,62.0,1.2,2.0,Medium,2.4000000000000004
22,Female,Low,Healthy,26.1,138.0,2.3,12.1,4239,1188,75.0,1.7,3.2,Medium,0.5999999999999996
51,Male,Medium,Healthy,25.0,19.0,3.3,6.1,6879,1528,68.0,1.3,4.6,Low,0.7999999999999998
65,Male,Medium,Unhealthy,20.8,258.0,2.6,10.4,6901,1520,65.0,1.3,2.9,Medium,1.0
54,Male,Medium,Average,17.5,153.0,3.1,6.8,12084,1393,50.0,1.8,5.7,Low,0.5999999999999996
32,Other,Low,Average,25.5,184.0,2.9,9.3,3863,1319,75.0,1.4,3.6,Medium,2.3
61,Male,High,Average,28.2,623.0,1.9,6.5,15029,1877,72.0,0.9,3.4,Medium,2.3
53,Female,Medium,Unhealthy,24.6,139.0,1.7,4.2,7120,1527,70.0,1.8,4.3,Low,0.7000000000000002
32,Female,Low,Unhealthy,22.9,247.0,1.9,11.0,4135,1514,71.0,1.5,3.2,High,1.4000000000000004
60,Male,Medium,Average,26.9,191.0,2.4,11.7,8755,1496,62.0,1.8,3.4,Medium,1.0
65,Female,High,Average,24.7,373.0,3.8,5.9,19418,1584,51.0,1.7,4.1,Low,1.5999999999999996
40,Male,High,Average,31.7,235.0,2.5,9.3,13739,2053,65.0,2.1,4.0,Medium,1.5
23,Female,Medium,Average,29.9,159.0,2.8,6.6,9033,1946,73.0,1.8,4.5,Low,0.09999999999999964
63,Male,Low,Unhealthy,28.8,543.0,3.2,12.5,3464,1712,86.0,1.9,2.8,High,2.0
67,Female,Low,Average,28.0,71.0,2.2,3.3,4279,1368,76.0,1.3,5.2,Low,0.20000000000000018
61,Female,Low,Average,19.8,170.0,2.2,6.6,4512,1224,63.0,1.0,4.8,Low,1.4000000000000004
60,Male,Low,Healthy,27.7,337.0,3.3,3.4,3693,1404,80.0,1.5,4.5,Low,0.09999999999999964
62,Male,Medium,Healthy,26.5,77.0,3.0,3.0,8473,1811,58.0,2.2,6.0,Low,0.40000000000000036
38,Male,Medium,Healthy,27.4,314.0,2.0,6.7,6581,1606,73.0,2.1,4.6,Low,1.2999999999999998
40,Male,Low,Average,27.0,128.0,2.2,5.9,4754,1707,68.0,2.0,4.3,Low,2.2
60,Female,High,Average,26.8,350.0,2.6,4.5,14166,1920,68.0,1.7,5.2,Low,0.09999999999999964
33,Female,Medium,Unhealthy,35.8,346.0,2.8,9.1,6895,2165,85.0,1.5,3.4,Medium,1.2000000000000002
64,Male,Medium,Average,24.7,186.0,3.5,10.2,7765,1457,67.0,1.3,3.4,Medium,1.4000000000000004
32,Female,Medium,Average,28.7,49.0,2.9,8.3,10614,1717,60.0,1.7,4.3,Low,0.0
42,Female,Medium,Healthy,23.1,141.0,1.7,2.3,7790,1409,63.0,1.8,5.6,Low,0.09999999999999964
53,Female,Medium,Unhealthy,28.2,197.0,1.9,7.8,8855,1887,71.0,1.8,4.2,Low,1.4000000000000004
28,Male,Medium,Average,28.8,333.0,2.7,7.8,8849,2298,70.0,1.9,3.1,Medium,0.7000000000000002
68,Male,Medium,Average,26.5,248.0,2.6,4.9,9159,1943,66.0,1.2,4.4,Low,0.7999999999999998
32,Male,Medium,Average,31.7,280.0,1.8,7.9,5790,2120,83.0,1.9,4.5,Medium,0.5999999999999996
21,Female,High,Healthy,21.5,252.0,3.3,5.7,10894,1489,56.0,2.3,5.4,Low,0.5
38,Male,High,Healthy,23.1,326.0,0.7,4.9,11755,1517,60.0,2.2,5.1,Low,0.20000000000000018
30,Male,Medium,Average,25.8,169.0,2.8,4.0,9213,1217,63.0,2.4,5.4,Low,0.40000000000000036
39,Male,Low,Average,28.5,224.0,1.3,9.1,4392,1481,78.0,1.3,4.5,Medium,0.2999999999999998
36,Female,High,Average,25.7,204.0,3.2,10.2,14635,1594,60.0,1.7,3.2,Medium,1.4000000000000004
51,Male,Medium,Average,30.1,134.0,2.3,6.6,7758,1969,76.0,1.6,3.8,Low,0.20000000000000018
65,Male,Low,Average,26.2,380.0,3.6,7.3,4316,1591,78.0,1.7,3.7,High,1.5999999999999996
69,Female,Low,Average,24.7,85.0,1.0,6.8,3744,1448,66.0,1.0,2.9,Medium,2.0999999999999996
63,Male,Low,Average,27.2,252.0,3.2,8.2,4268,1303,76.0,1.7,4.6,Medium,1.0999999999999996
44,Male,Low,Healthy,24.9,363.0,2.0,4.9,1664,1614,79.0,1.2,4.7,Low,0.40000000000000036
46,Female,Medium,Unhealthy,23.6,425.0,2.8,8.4,7973,1348,73.0,1.7,3.7,High,1.2000000000000002
64,Male,Low,Average,24.7,0.0,2.8,7.4,1000,1394,72.0,1.8,4.1,Low,1.5
45,Male,High,Unhealthy,25.1,199.0,1.4,3.7,10088,1633,62.0,1.7,4.6,Low,0.09999999999999964
52,Female,Medium,Unhealthy,23.8,171.0,3.3,3.8,6057,1761,65.0,2.4,5.3,Low,0.7999999999999998
33,Male,Low,Healthy,23.4,0.0,2.6,8.3,2797,1062,68.0,1.7,4.0,Low,0.09999999999999964
53,Female,Low,Average,25.8,414.0,2.6,6.9,5749,1266,73.0,1.3,3.8,Medium,1.4000000000000004
47,Female,Medium,Average,34.0,129.0,3.2,10.4,6929,1765,85.0,1.8,3.1,Low,2.0999999999999996
35,Female,High,Healthy,25.6,4.0,2.1,8.1,12029,2085,55.0,2.5,5.3,Low,0.20000000000000018
66,Male,Low,Unhealthy,35.7,0.0,3.0,4.5,3597,1991,83.0,2.1,4.7,Low,0.5
30,Male,Medium,Unhealthy,26.7,353.0,2.4,7.8,5974,1658,71.0,1.6,3.8,Medium,1.2999999999999998
21,Female,Medium,Healthy,29.0,0.0,4.0,4.6,9083,1597,66.0,1.5,4.1,Low,2.3
43,Female,Low,Unhealthy,27.4,0.0,2.9,10.1,3558,1888,70.0,1.8,3.8,Medium,1.2999999999999998
42,Male,Medium,Healthy,27.5,230.0,2.7,7.6,6681,2081,74.0,1.1,2.9,Medium,2.4000000000000004
47,Female,High,Unhealthy,27.1,72.0,3.0,7.3,12293,1473,60.0,2.6,5.9,Low,0.1999999999999993
28,Male,Low,Average,20.6,240.0,2.4,4.6,7526,1241,66.0,1.9,3.6,Medium,2.5
24,Male,High,Unhealthy,26.5,470.0,3.5,8.5,16324,2113,62.0,1.6,4.4,Medium,1.5999999999999996
61,Male,Low,Average,24.3,444.0,3.2,6.7,1000,1146,82.0,1.7,3.0,Medium,2.4000000000000004
27,Female,Medium,Average,22.1,248.0,1.6,9.3,4591,1401,66.0,1.1,2.4,High,2.0
30,Male,Medium,Average,26.3,0.0,2.8,6.8,7418,1950,66.0,1.8,4.1,Low,0.7000000000000002
48,Male,Low,Unhealthy,26.9,295.0,2.2,12.2,2271,1089,81.0,1.2,1.8,High,3.7
24,Female,Medium,Average,26.1,272.0,2.3,6.1,7736,1412,69.0,1.6,3.4,Low,1.4000000000000004
66,Male,Low,Unhealthy,22.6,145.0,0.6,8.3,2882,1094,70.0,1.4,3.8,Medium,0.5999999999999996
59,Female,Medium,Average,24.0,484.0,3.9,6.0,6717,1948,72.0,2.0,4.9,Low,0.1999999999999993
59,Male,Medium,Unhealthy,28.7,126.0,2.6,7.7,7653,2043,71.0,1.2,3.7,Low,1.7000000000000002
53,Female,High,Average,29.3,0.0,3.6,8.7,10951,1958,63.0,2.4,4.6,Medium,0.7000000000000002
37,Male,Medium,Healthy,20.4,317.0,1.4,4.7,5228,1212,69.0,1.7,4.3,Low,0.7999999999999998
21,Male,Medium,Average,18.9,0.0,2.6,5.2,5291,1244,57.0,1.5,3.5,Low,1.2000000000000002
24,Male,Medium,Average,22.1,211.0,2.8,8.4,7189,1627,64.0,2.4,4.6,Medium,0.09999999999999964
18,Male,High,Unhealthy,29.2,400.0,2.6,7.4,9250,1779,78.0,1.8,5.0,Medium,1.0999999999999996
61,Male,Low,Average,29.9,274.0,2.7,9.9,7285,1841,81.0,1.2,3.4,Medium,1.4000000000000004
62,Female,Medium,Average,21.3,162.0,1.4,7.7,9866,1392,58.0,1.3,3.4,Low,0.7000000000000002
59,Male,Medium,Healthy,26.2,147.0,2.8,11.7,9439,1408,69.0,1.0,1.4,Medium,2.9000000000000004
30,Female,High,Healthy,26.7,17.0,2.0,11.7,11455,1655,62.0,1.6,3.1,Medium,1.2999999999999998
39,Female,Medium,Unhealthy,30.7,316.0,2.5,11.2,5167,1667,75.0,1.0,3.0,Medium,2.5
38,Female,Medium,Average,29.0,529.0,2.2,5.4,11676,2004,68.0,1.1,2.6,Medium,1.2000000000000002
39,Female,Medium,Average,21.4,281.0,2.3,10.7,10686,1551,58.0,1.6,3.8,Medium,0.7999999999999998
45,Male,Medium,Healthy,24.2,164.0,3.4,9.4,9344,1305,61.0,1.3,3.0,Low,1.2999999999999998
26,Female,High,Healthy,25.1,175.0,2.4,9.2,13636,1802,55.0,2.9,5.5,Low,0.40000000000000036
26,Female,Medium,Average,28.7,102.0,2.4,6.2,9011,1745,69.0,1.7,4.8,Low,2.2
32,Male,Low,Average,26.6,217.0,1.6,7.8,6396,1601,77.0,1.1,3.2,Medium,2.2
27,Male,Low,Healthy,17.5,301.0,2.6,5.9,4964,1329,62.0,1.3,5.4,Low,0.0
59,Female,High,Average,17.5,0.0,2.8,5.1,11700,1678,50.0,1.7,4.9,Low,0.1999999999999993
25,Female,Low,Average,25.7,0.0,2.5,3.8,4701,1213,64.0,2.4,4.1,Low,0.9000000000000004
41,Female,Low,Average,26.0,444.0,3.0,5.0,2704,1232,86.0,1.3,4.0,Medium,1.5999999999999996
33,Male,Low,Average,26.1,208.0,2.1,6.9,3293,1417,74.0,1.8,4.0,Medium,1.2000000000000002
66,Female,Medium,Average,21.2,216.0,2.5,6.8,11020,1266,57.0,1.4,4.2,Low,1.0999999999999996
43,Female,High,Average,27.7,275.0,3.6,9.2,13057,1643,64.0,2.2,4.2,Medium,0.5999999999999996
44,Male,Low,Average,27.9,171.0,2.3,7.1,1636,1475,79.0,2.2,5.2,Low,0.7999999999999998
54,Female,Low,Unhealthy,20.0,496.0,3.0,5.8,8328,1068,65.0,1.1,3.1,Medium,2.5
21,Male,Medium,Healthy,19.1,273.0,3.0,8.2,10175,1170,65.0,0.9,3.1,Low,2.3
67,Female,High,Healthy,25.0,132.0,1.9,9.9,13809,1785,57.0,1.3,4.6,Low,0.40000000000000036
41,Female,High,Healthy,32.2,146.0,3.1,7.5,13978,2509,67.0,1.8,5.1,Medium,0.9000000000000004
36,Female,Medium,Average,31.8,178.0,2.0,9.2,3746,1701,79.0,1.5,3.8,Low,1.4000000000000004
53,Female,Low,Healthy,27.3,83.0,2.8,7.2,3410,1527,76.0,1.2,4.0,Medium,0.9000000000000004
56,Female,Medium,Average,22.1,453.0,2.0,6.4,6511,1135,70.0,1.0,3.6,Medium,2.0
27,Female,High,Unhealthy,28.5,218.0,2.7,8.7,14293,1787,62.0,1.9,5.0,Medium,0.7000000000000002
42,Male,High,Healthy,23.2,24.0,2.6,7.6,18883,1456,50.0,2.9,5.3,Low,0.1999999999999993
35,Female,Medium,Average,21.9,260.0,2.6,9.5,8880,1253,65.0,2.1,3.9,Low,1.5999999999999996
36,Male,Medium,Average,17.5,415.0,2.7,10.9,12060,1510,58.0,2.4,3.7,High,0.7999999999999998
53,Male,High,Healthy,25.4,359.0,2.1,6.7,9811,1547,67.0,1.4,4.4,Low,0.40000000000000036
27,Female,Medium,Healthy,22.5,86.0,1.6,8.6,4915,1351,66.0,1.1,3.5,Low,1.7999999999999998
50,Female,Low,Average,25.4,33.0,2.6,9.7,5863,1549,64.0,2.1,3.7,High,0.7999999999999998
22,Male,High,Unhealthy,25.7,0.0,3.0,8.3,15401,2232,53.0,1.5,3.7,Low,1.0
64,Male,Medium,Healthy,17.5,255.0,2.9,7.4,7946,1314,61.0,1.7,3.7,Medium,1.2999999999999998
66,Male,High,Average,29.4,114.0,2.1,7.6,14585,2005,53.0,1.3,2.9,Low,2.2
52,Male,Medium,Average,27.1,397.0,2.6,8.3,9375,1889,72.0,1.2,4.9,Medium,1.0
61,Female,Low,Healthy,23.9,41.0,1.8,5.5,4379,1430,65.0,1.9,5.2,Low,0.0
51,Male,Low,Healthy,27.3,80.0,2.2,2.8,3143,1043,76.0,1.8,4.5,Low,0.2999999999999998
50,Male,High,Healthy,21.1,292.0,2.8,6.8,20990,1654,50.0,2.2,6.2,Low,0.0
38,Male,Medium,Unhealthy,25.3,319.0,1.0,6.6,8188,1547,69.0,1.8,4.0,Low,1.9000000000000004
34,Other,Low,Average,28.2,403.0,3.9,11.1,3700,1440,85.0,1.2,1.6,High,4.2
39,Male,High,Healthy,17.5,270.0,1.4,7.7,12963,1368,54.0,1.2,3.6,Medium,1.2000000000000002
65,Male,Medium,Average,23.2,252.0,4.0,8.4,8681,1021,65.0,1.6,4.1,Medium,2.3
32,Female,Medium,Unhealthy,24.2,0.0,1.8,5.5,3941,1357,69.0,2.6,5.4,Low,0.5999999999999996
52,Female,Low,Average,30.8,68.0,2.2,4.9,3618,1927,75.0,1.9,5.1,Low,0.40000000000000036
45,Male,Medium,Unhealthy,20.5,6.0,2.1,3.8,5833,1263,52.0,1.6,4.6,Low,0.5999999999999996
24,Male,High,Average,22.5,0.0,2.0,8.8,14802,1757,50.0,2.7,5.8,Low,0.40000000000000036
49,Male,Low,Unhealthy,17.5,326.0,2.2,7.8,3954,825,70.0,2.6,4.6,Medium,0.09999999999999964
28,Female,High,Healthy,31.0,414.0,2.6,10.7,12008,1789,72.0,2.3,3.6,Medium,1.0999999999999996
27,Female,Low,Healthy,24.0,283.0,1.8,8.4,5411,1442,75.0,1.6,3.3,Medium,1.9000000000000004
26,Male,Medium,Unhealthy,23.2,257.0,3.2,7.6,7858,1474,70.0,1.9,4.0,Medium,1.2000000000000002
31,Male,Medium,Unhealthy,24.8,212.0,3.6,2.0,7246,1201,68.0,1.8,5.3,Low,0.5
30,Male,High,Average,27.5,208.0,0.9,11.8,12913,2079,61.0,2.2,3.5,Medium,1.2999999999999998
19,Female,Medium,Average,35.6,432.0,3.1,2.0,9013,2039,82.0,2.3,5.8,Low,0.2999999999999998
52,Male,High,Healthy,26.8,112.0,2.7,7.6,11661,1632,59.0,2.1,3.8,Low,1.4000000000000004
24,Male,Low,Healthy,23.1,366.0,2.0,5.0,4105,1470,70.0,1.4,4.2,Low,2.2
38,Male,Low,Healthy,22.8,384.0,2.6,4.9,3243,1130,73.0,2.0,3.4,Medium,1.7000000000000002
35,Female,Low,Average,23.4,297.0,3.2,7.7,3035,1338,73.0,1.9,3.8,Medium,2.2
20,Female,Medium,Average,19.0,258.0,4.6,5.5,8945,1274,58.0,1.0,3.7,Low,1.4000000000000004
59,Male,Medium,Healthy,25.2,252.0,4.3,9.6,6129,1399,70.0,1.5,3.6,Medium,1.5
56,Male,High,Unhealthy,28.1,0.0,1.3,6.7,15562,1767,56.0,2.6,5.2,Low,0.40000000000000036
58,Male,Medium,Healthy,22.5,0.0,2.3,8.0,8619,1730,58.0,1.2,3.9,Low,0.7000000000000002
66,Female,Low,Average,21.8,317.0,2.6,8.4,5990,1128,70.0,1.5,4.5,Medium,1.7999999999999998
28,Male,High,Unhealthy,31.1,34.0,3.6,7.6,8723,1731,72.0,2.0,4.4,Medium,1.5
56,Female,Low,Healthy,19.3,0.0,2.4,7.5,5528,1453,62.0,1.6,4.7,Low,1.5999999999999996
41,Female,High,Healthy,17.5,0.0,1.9,7.4,13092,1378,50.0,2.0,4.4,Low,1.0999999999999996
63,Female,Low,Average,20.4,128.0,2.5,10.7,1318,1136,66.0,1.9,3.0,Medium,2.0
36,Male,Low,Average,18.8,256.0,2.2,9.1,3011,1363,67.0,1.3,2.6,Low,1.0999999999999996
21,Female,Medium,Average,26.5,268.0,3.3,5.3,9023,1983,65.0,1.3,4.2,Low,1.4000000000000004
43,Female,Low,Average,23.6,327.0,4.4,4.2,3871,1225,76.0,1.9,4.7,Low,1.7999999999999998
55,Male,Low,Unhealthy,24.1,141.0,3.2,5.0,6021,1676,63.0,1.6,3.8,Low,0.9000000000000004
59,Male,Medium,Healthy,29.6,216.0,3.3,8.1,7323,1452,74.0,1.5,3.9,Low,1.0
49,Male,Low,Average,22.2,326.0,3.5,4.2,3949,916,72.0,1.9,4.0,Low,0.9000000000000004
56,Male,Low,Healthy,28.1,269.0,2.9,5.4,3722,1562,80.0,3.0,6.3,Low,0.8000000000000007
62,Male,Low,Average,31.0,112.0,2.2,3.6,2467,1631,81.0,1.3,4.7,Low,1.0999999999999996
63,Female,Medium,Healthy,23.2,244.0,2.3,9.3,7942,1607,65.0,2.0,3.0,Medium,1.2000000000000002
53,Male,Medium,Average,27.9,0.0,3.4,8.7,7561,1805,63.0,2.2,3.9,Low,0.09999999999999964
57,Female,Low,Unhealthy,24.0,200.0,2.7,9.2,4131,1503,76.0,2.4,3.6,Medium,0.09999999999999964
54,Male,Medium,Healthy,28.7,107.0,1.7,5.8,8118,2080,69.0,1.8,4.6,Low,1.0
50,Other,Medium,Average,18.7,427.0,3.5,2.6,8003,1647,62.0,1.7,4.4,Low,2.5
53,Male,Medium,Average,18.4,53.0,1.9,4.9,8192,1423,56.0,1.1,4.6,Low,0.9000000000000004
20,Female,Medium,Healthy,23.4,217.0,1.6,3.6,10199,1573,65.0,2.0,4.5,Low,0.5
26,Male,Low,Average,21.4,135.0,1.8,3.6,2533,1130,68.0,1.7,5.7,Low,1.5
25,Male,Medium,Average,22.9,116.0,2.7,9.8,6552,1404,68.0,1.5,2.6,Medium,2.4000000000000004
50,Female,High,Unhealthy,24.1,256.0,3.3,6.4,18250,1820,52.0,2.2,4.2,Low,0.7000000000000002
56,Female,Low,Average,21.7,0.0,1.9,4.5,7036,1239,62.0,2.4,5.1,Low,1.0
21,Male,High,Average,23.6,294.0,3.1,8.5,15466,1765,58.0,2.0,4.4,Low,2.2
30,Female,Medium,Average,21.9,187.0,2.4,3.4,11747,1211,58.0,1.2,4.2,Low,2.4000000000000004
66,Female,Medium,Unhealthy,21.3,192.0,2.8,7.6,10919,1483,62.0,1.3,3.7,Low,1.0
19,Male,Low,Unhealthy,18.5,245.0,2.4,9.7,6441,1190,62.0,1.8,3.6,Medium,1.4000000000000004
22,Female,High,Unhealthy,25.3,349.0,2.7,4.2,10554,1465,70.0,1.9,5.3,Medium,0.20000000000000018
61,Female,Low,Average,22.7,239.0,2.8,9.1,5002,1229,67.0,1.1,3.5,High,1.2999999999999998
44,Male,Medium,Average,28.9,350.0,4.4,7.6,7833,1527,76.0,1.2,3.2,Medium,1.2000000000000002
49,Male,Medium,Unhealthy,19.2,206.0,2.8,5.9,5323,858,61.0,1.6,4.7,Low,0.5999999999999996
38,Female,Medium,Average,22.8,44.0,2.2,4.0,10672,1863,54.0,2.4,5.2,Low,1.2000000000000002
25,Male,Low,Average,32.3,186.0,2.6,7.6,5791,1532,82.0,1.5,3.4,Medium,1.2000000000000002
55,Male,Low,Average,21.2,372.0,1.7,8.2,3782,1234,78.0,1.1,3.6,High,1.2000000000000002
25,Male,High,Unhealthy,24.1,138.0,1.7,6.2,12146,1886,57.0,1.5,4.0,Low,1.2000000000000002
67,Female,Medium,Average,20.1,37.0,3.5,4.5,8116,1613,54.0,1.2,4.0,Low,2.0
20,Male,High,Average,19.6,292.0,2.7,8.9,8556,1109,61.0,1.6,3.7,Low,0.7000000000000002
61,Male,Medium,Unhealthy,31.2,250.0,3.4,10.0,5305,2027,77.0,1.6,4.3,Low,1.7000000000000002
39,Male,High,Average,25.5,165.0,1.7,11.0,15846,2023,56.0,1.2,4.5,Medium,0.5
23,Female,Medium,Average,18.2,172.0,2.7,5.4,7629,1567,60.0,2.0,4.1,Low,1.2000000000000002
19,Other,Medium,Average,26.4,200.0,1.8,3.5,6888,1717,70.0,0.9,4.1,Low,1.7999999999999998
40,Female,Medium,Healthy,29.6,296.0,1.4,8.0,6344,1548,74.0,1.3,3.6,Low,0.2999999999999998
61,Female,Medium,Average,29.6,139.0,1.6,6.0,12877,1584,67.0,1.8,4.3,Low,0.2999999999999998
19,Male,Medium,Average,27.7,304.0,2.2,9.5,5852,1747,75.0,2.4,3.9,Medium,0.5999999999999996
55,Female,High,Average,20.5,119.0,2.8,4.4,8516,1447,56.0,2.3,5.3,Low,0.5999999999999996
34,Male,Low,Unhealthy,26.3,449.0,3.9,4.6,3136,1281,85.0,1.6,3.4,Medium,2.3
52,Male,Medium,Average,27.7,453.0,1.7,7.2,9035,1783,81.0,1.1,4.7,Medium,1.2999999999999998
51,Male,Medium,Unhealthy,17.8,71.0,1.7,7.4,8216,947,55.0,2.5,5.4,Low,0.20000000000000018
40,Male,Low,Average,20.5,16.0,1.3,8.7,2873,1211,66.0,1.5,3.7,Medium,0.9000000000000004
47,Female,Medium,Average,28.6,346.0,3.0,6.8,8384,1497,79.0,1.2,4.1,Medium,1.5999999999999996
69,Male,High,Healthy,28.5,238.0,2.6,2.2,17327,2360,57.0,1.2,5.9,Low,0.5999999999999996
25,Female,Medium,Healthy,18.8,282.0,1.7,14.0,8408,1696,63.0,1.7,3.0,Medium,2.5999999999999996
39,Female,High,Average,28.2,101.0,1.8,7.1,14461,2046,57.0,1.7,5.2,Low,0.5
61,Female,Medium,Healthy,25.4,180.0,2.4,14.0,8314,1680,68.0,1.6,3.0,Low,2.8
53,Male,Medium,Unhealthy,28.1,148.0,2.4,6.7,6508,1782,69.0,1.4,4.1,Medium,2.5
22,Female,Medium,Healthy,22.5,245.0,1.7,4.4,8898,1536,62.0,1.7,4.9,Low,1.4000000000000004
30,Male,Low,Unhealthy,27.6,13.0,2.6,6.2,5562,1383,65.0,2.3,4.0,Low,1.2000000000000002
46,Male,Medium,Average,28.4,185.0,1.4,9.8,10704,2130,68.0,2.4,5.6,Medium,0.40000000000000036
48,Other,Low,Average,23.6,11.0,2.5,8.5,4644,1455,67.0,2.2,4.8,Medium,0.1999999999999993
64,Male,High,Healthy,25.1,122.0,2.4,7.8,14044,1928,53.0,1.9,4.5,Low,0.7000000000000002
59,Female,Low,Healthy,31.6,276.0,3.5,7.3,4180,1940,82.0,2.6,4.5,Low,0.5
47,Male,Medium,Average,24.5,288.0,2.2,6.6,7031,1753,69.0,1.5,4.6,Low,1.2999999999999998
33,Female,Medium,Average,21.3,314.0,2.5,10.0,6621,1420,63.0,1.0,3.4,Medium,1.7999999999999998
29,Male,Low,Average,22.1,0.0,0.9,9.3,2794,1044,69.0,1.2,3.9,Medium,1.2000000000000002
34,Male,Low,Unhealthy,25.5,389.0,4.1,4.6,3245,1488,75.0,2.1,3.9,Medium,1.2999999999999998
33,Male,High,Average,28.0,103.0,1.0,3.3,19779,2186,53.0,2.4,5.3,Low,0.9000000000000004
29,Male,Medium,Healthy,19.7,114.0,2.4,3.9,6486,1069,58.0,1.4,5.1,Low,0.3000000000000007
25,Male,Low,Average,32.4,240.0,0.5,6.1,6290,2161,80.0,1.1,4.2,Low,1.2999999999999998
37,Female,Medium,Unhealthy,26.2,149.0,1.8,7.6,7589,1583,67.0,1.3,4.2,Medium,0.09999999999999964
20,Female,Low,Healthy,26.9,254.0,3.9,6.9,5562,1613,76.0,1.4,3.9,Low,0.40000000000000036
33,Female,Low,Average,24.6,282.0,3.4,8.6,2382,1179,72.0,1.2,3.3,Medium,1.0999999999999996
47,Male,High,Healthy,25.1,85.0,3.3,7.0,13946,1801,57.0,1.9,3.8,Low,0.5999999999999996
62,Female,Medium,Healthy,24.4,172.0,2.3,11.0,4767,1596,67.0,1.5,3.0,Medium,1.7000000000000002
40,Female,Low,Average,29.1,176.0,3.8,8.3,4033,2025,75.0,1.6,3.5,Medium,1.7000000000000002
45,Female,High,Average,25.0,343.0,2.7,7.0,16360,1612,59.0,2.0,3.5,Medium,1.4000000000000004
57,Female,Low,Average,23.3,123.0,4.6,7.9,3993,698,70.0,1.3,5.4,Medium,0.5
22,Female,Medium,Healthy,25.8,46.0,3.4,8.2,7283,1495,68.0,2.3,4.1,Low,0.7000000000000002
57,Female,Medium,Average,29.9,0.0,2.9,4.1,6855,1801,70.0,2.4,5.4,Low,0.0
61,Male,Medium,Average,21.7,94.0,3.6,9.7,6853,1686,59.0,1.7,3.6,Medium,1.7000000000000002
47,Female,Medium,Average,23.7,303.0,3.1,7.4,8455,1835,68.0,1.4,3.0,Medium,0.5999999999999996
38,Female,Medium,Average,23.6,391.0,3.5,7.1,10872,1664,64.0,2.1,4.3,Medium,1.9000000000000004
23,Male,Low,Average,23.7,0.0,1.8,4.6,3522,1364,68.0,1.7,5.5,Low,0.40000000000000036
39,Female,High,Average,30.6,247.0,3.1,6.7,11554,2017,69.0,1.7,4.8,Low,0.09999999999999964
35,Male,Low,Healthy,21.7,478.0,2.9,4.6,2900,1240,77.0,1.1,3.1,Medium,1.4000000000000004
25,Male,Medium,Average,25.7,127.0,2.2,7.2,5041,1347,69.0,2.0,4.9,Low,1.4000000000000004
56,Female,Medium,Average,21.9,215.0,2.0,8.3,9455,1331,66.0,1.8,4.2,Low,1.5
49,Female,Medium,Unhealthy,26.7,0.0,3.8,9.2,5212,1770,71.0,2.2,4.3,Low,0.7000000000000002
29,Male,Low,Healthy,29.8,0.0,2.0,6.3,5028,1664,75.0,2.4,4.8,Low,0.5
55,Female,Medium,Unhealthy,22.4,44.0,1.1,10.2,5838,1430,60.0,1.7,3.8,Medium,2.0999999999999996
69,Female,High,Unhealthy,27.3,32.0,1.8,8.4,14907,2124,59.0,1.8,5.3,Low,0.6999999999999993
51,Female,High,Healthy,21.9,0.0,1.7,10.1,10044,1534,58.0,2.0,4.8,Low,0.40000000000000036
31,Female,Medium,Healthy,25.5,91.0,2.6,11.9,7805,1818,61.0,1.7,3.2,Low,0.7000000000000002
53,Female,Medium,Average,20.2,276.0,3.7,4.9,8717,1343,61.0,2.0,5.3,Low,0.09999999999999964
40,Male,Medium,Healthy,24.7,372.0,3.2,5.5,8792,2097,71.0,2.3,5.2,Low,1.2000000000000002
62,Male,Low,Average,25.4,248.0,0.7,4.0,4453,1523,70.0,1.5,5.9,Low,1.5
19,Female,High,Average,31.6,274.0,2.1,9.3,20542,2213,57.0,2.1,4.5,Medium,1.2999999999999998
58,Female,High,Average,25.9,430.0,2.2,5.6,15178,1867,68.0,1.2,4.8,Low,0.2999999999999998
38,Male,Low,Average,23.5,92.0,2.8,8.4,1922,1287,75.0,2.5,4.8,Medium,0.1999999999999993
19,Female,Medium,Unhealthy,31.2,266.0,3.0,10.2,6579,1962,74.0,1.5,3.6,Medium,0.5
44,Male,Medium,Average,26.7,58.0,2.8,5.4,6976,1573,64.0,1.8,3.8,Low,1.0999999999999996
26,Female,Low,Average,22.4,458.0,1.8,3.3,1000,1309,77.0,1.4,4.3,Medium,1.2999999999999998
18,Male,Medium,Unhealthy,26.9,44.0,2.0,6.4,8201,1597,61.0,2.0,3.8,Low,1.7999999999999998
28,Female,Medium,Healthy,23.8,257.0,1.3,6.0,7299,1683,70.0,2.7,5.3,Low,0.1999999999999993
20,Male,Low,Average,17.5,433.0,2.6,3.8,3544,1099,71.0,1.0,3.7,Medium,2.4000000000000004
69,Male,Medium,Average,28.7,20.0,2.2,2.0,7750,1818,70.0,2.5,5.3,Low,0.40000000000000036
40,Male,High,Average,29.4,289.0,2.9,10.0,11833,1851,68.0,1.4,4.5,Low,0.0
43,Male,Medium,Healthy,32.4,51.0,3.1,10.7,9710,1991,70.0,1.7,3.6,Low,0.9000000000000004
21,Male,Medium,Unhealthy,26.7,549.0,2.2,5.5,8367,1594,72.0,1.0,3.6,Low,1.2000000000000002
35,Female,Medium,Average,24.0,0.0,2.7,6.3,6932,1651,64.0,1.7,4.9,Low,0.5
23,Male,High,Healthy,28.3,0.0,2.3,9.0,15334,1757,59.0,1.0,3.1,Low,1.9000000000000004
52,Male,High,Unhealthy,28.4,31.0,1.6,9.1,15066,1881,55.0,2.2,4.0,Medium,0.20000000000000018
39,Male,Low,Average,31.6,36.0,1.9,11.4,2567,1924,81.0,2.0,3.1,High,0.7999999999999998
60,Female,High,Average,24.8,278.0,0.7,8.6,13481,1816,60.0,1.1,3.2,Low,1.4000000000000004
32,Female,Low,Average,24.3,469.0,2.2,4.4,3738,1609,76.0,2.2,5.7,Medium,0.7999999999999998
39,Female,Low,Average,22.1,373.0,2.0,9.0,3122,1395,75.0,1.2,3.4,Medium,2.0
54,Female,Medium,Average,27.1,235.0,1.6,5.3,5286,1752,79.0,1.7,5.2,Low,0.09999999999999964
69,Male,Medium,Healthy,18.8,201.0,3.2,6.8,6767,1294,65.0,1.2,3.8,Low,1.0999999999999996
59,Male,Medium,Average,28.1,109.0,2.9,9.8,10532,1694,62.0,2.3,4.4,Medium,0.7999999999999998
29,Male,Medium,Average,27.4,258.0,2.9,4.7,6701,1653,73.0,1.8,5.1,Low,0.7000000000000002
64,Female,Low,Unhealthy,27.3,168.0,3.1,6.8,5348,1329,75.0,2.4,4.7,Medium,0.5
66,Other,Low,Average,25.6,228.0,2.5,3.9,3947,1404,74.0,1.7,4.0,Low,0.7999999999999998
59,Female,Medium,Average,31.1,88.0,2.5,4.5,8335,1779,67.0,1.8,4.6,Low,0.09999999999999964
55,Male,Low,Healthy,28.5,19.0,3.2,5.6,2163,1139,74.0,1.9,4.5,Low,0.09999999999999964
35,Male,Low,Unhealthy,22.6,203.0,3.0,11.1,5745,1445,69.0,1.4,4.0,Medium,2.5
62,Male,Low,Average,22.6,200.0,3.3,7.1,7090,1479,71.0,1.7,4.5,Medium,0.5999999999999996
47,Male,High,Unhealthy,27.2,85.0,1.7,9.4,17910,1831,50.0,1.8,3.3,Medium,0.7999999999999998
41,Female,Low,Unhealthy,21.0,283.0,2.7,9.5,2096,1350,76.0,2.2,4.2,High,1.7000000000000002
59,Male,Low,Average,29.3,268.0,2.0,4.3,3919,1157,80.0,1.9,4.8,Low,1.2999999999999998
47,Female,Medium,Average,30.3,481.0,3.0,6.6,5655,1711,81.0,2.4,4.9,Low,0.5
31,Female,High,Unhealthy,21.5,407.0,2.7,4.1,15132,2075,55.0,1.5,4.3,Medium,1.7999999999999998
33,Female,Medium,Average,28.5,0.0,3.3,6.9,10623,1833,63.0,1.5,4.2,Low,0.9000000000000004
24,Female,High,Healthy,31.4,0.0,3.2,9.1,17730,2448,51.0,2.1,4.4,Low,1.0999999999999996
31,Female,High,Average,23.7,422.0,1.5,9.1,17321,1956,61.0,2.2,2.9,Medium,0.7000000000000002
26,Other,Medium,Average,23.9,105.0,2.6,3.3,10300,1683,63.0,1.2,4.6,Low,0.5
32,Female,High,Average,19.4,386.0,3.4,8.1,17328,1772,53.0,2.3,5.7,Low,0.9000000000000004
52,Female,Medium,Healthy,26.7,0.0,2.9,7.6,8661,2077,65.0,2.2,4.1,Low,0.5
19,Male,High,Average,23.9,327.0,1.8,9.2,13149,1738,63.0,2.1,4.2,Medium,0.7000000000000002
44,Male,Medium,Average,18.8,126.0,1.7,3.4,12668,1511,51.0,1.8,5.2,Low,0.7999999999999998
19,Female,Medium,Average,36.5,257.0,3.2,10.7,8798,1939,84.0,1.1,2.9,Medium,2.5
52,Female,Medium,Unhealthy,26.1,651.0,3.0,6.5,7835,1807,75.0,1.4,3.0,High,2.0
35,Female,Medium,Average,25.4,437.0,2.4,11.7,9006,1902,71.0,1.6,2.6,High,1.5999999999999996
31,Male,High,Average,20.6,180.0,3.1,7.2,14814,1760,50.0,2.0,3.2,Low,1.0999999999999996
37,Female,Low,Healthy,26.0,413.0,3.0,10.3,7093,1306,78.0,1.1,2.6,Medium,2.0999999999999996
35,Female,Medium,Average,24.3,0.0,1.3,7.1,7956,1452,62.0,1.6,3.7,Low,0.9000000000000004
27,Male,High,Average,17.5,275.0,2.6,7.7,16297,1537,50.0,2.1,3.0,Medium,1.5
42,Female,Medium,Average,20.7,279.0,3.6,7.3,7761,1174,60.0,1.2,4.4,Medium,0.2999999999999998
19,Female,High,Healthy,28.2,305.0,2.9,6.5,8937,2196,74.0,2.3,4.6,Low,0.5999999999999996
42,Male,High,Healthy,32.8,123.0,0.5,6.4,14004,2282,67.0,1.2,4.5,Low,0.5999999999999996
53,Female,Medium,Average,29.4,328.0,3.3,8.4,8271,1990,76.0,2.3,4.6,Medium,1.4000000000000004
48,Male,High,Average,24.4,0.0,2.1,7.6,10531,1663,61.0,2.6,5.1,Low,0.5999999999999996
31,Male,High,Unhealthy,24.7,152.0,3.4,8.3,18755,1745,50.0,1.7,3.8,Low,1.4000000000000004
18,Other,High,Average,29.4,64.0,4.1,3.2,10430,2044,67.0,1.5,5.3,Low,0.5
63,Male,Low,Average,31.7,299.0,2.3,9.3,2840,2100,86.0,1.0,3.6,High,1.5999999999999996
33,Male,Low,Unhealthy,30.2,406.0,2.0,5.1,2312,1526,80.0,1.8,5.2,Medium,0.20000000000000018
63,Male,Medium,Average,20.7,108.0,1.7,2.9,5927,1158,64.0,1.9,5.7,Low,0.3000000000000007
69,Female,Medium,Average,24.7,36.0,3.1,11.6,8089,1726,58.0,1.4,2.6,Medium,1.0999999999999996
20,Female,Medium,Unhealthy,26.1,217.0,2.0,10.5,9221,1858,66.0,1.5,4.4,Low,1.2999999999999998
52,Female,Low,Average,24.0,27.0,2.2,7.0,3119,1553,71.0,1.5,3.9,Medium,0.9000000000000004
58,Male,Medium,Healthy,26.6,166.0,1.6,9.7,9128,1666,61.0,1.2,3.7,Low,0.40000000000000036
23,Female,Medium,Unhealthy,28.3,150.0,2.2,6.2,9538,1767,67.0,1.6,4.9,Low,1.4000000000000004
42,Male,High,Average,29.0,287.0,1.9,5.8,13013,1444,64.0,1.8,4.6,Low,0.7000000000000002
30,Male,High,Average,31.7,247.0,0.9,5.5,9458,1973,73.0,2.3,5.0,Low,0.0
51,Male,Medium,Unhealthy,23.7,224.0,1.8,5.4,11027,1513,63.0,1.7,4.5,Low,1.5999999999999996
25,Male,Medium,Average,19.5,445.0,3.1,6.4,6658,799,73.0,1.9,3.3,Medium,2.3
38,Female,Medium,Average,26.4,240.0,3.6,5.2,3579,1841,78.0,1.7,3.9,Medium,0.2999999999999998
51,Female,Medium,Average,32.5,137.0,2.4,2.0,7221,1962,75.0,1.2,3.9,Low,1.5999999999999996
21,Male,Medium,Healthy,23.1,155.0,2.5,6.5,9167,1165,58.0,1.3,5.3,Low,0.20000000000000018
32,Female,Low,Average,27.8,47.0,4.1,7.7,2294,1853,75.0,1.0,3.0,Medium,1.9000000000000004
21,Female,Medium,Healthy,25.8,0.0,1.7,6.4,4302,1702,64.0,2.1,5.2,Low,0.40000000000000036
62,Male,Low,Average,25.0,370.0,1.5,8.6,4458,1621,72.0,1.6,3.3,High,3.0999999999999996
49,Male,Medium,Average,17.5,247.0,2.8,3.8,10235,1175,52.0,2.6,5.7,Low,1.4000000000000004
45,Male,Medium,Average,23.4,195.0,1.4,3.9,8293,1505,65.0,1.2,4.3,Low,1.0
30,Female,Low,Average,29.4,373.0,3.2,4.8,2622,1729,85.0,2.1,5.8,Medium,0.0
48,Male,Medium,Unhealthy,24.6,226.0,2.4,5.2,7034,1598,60.0,1.8,4.3,Low,0.09999999999999964
37,Female,Medium,Average,21.4,115.0,3.7,7.5,6169,1279,65.0,1.1,3.7,Low,1.7999999999999998
35,Female,Medium,Average,27.6,328.0,1.3,2.3,10161,1995,64.0,1.6,4.5,Low,0.7000000000000002
46,Female,High,Average,30.4,272.0,1.1,4.8,17083,2305,57.0,2.3,5.6,Low,0.09999999999999964
23,Female,Medium,Healthy,29.3,338.0,3.0,6.9,5208,1753,82.0,2.0,3.9,Low,0.5
49,Male,Low,Average,27.4,164.0,0.9,4.5,3517,1335,74.0,2.4,4.8,Low,0.0
46,Female,Low,Average,19.1,0.0,2.2,7.2,7093,1270,60.0,1.8,4.7,Medium,0.5999999999999996
60,Male,Medium,Average,23.6,275.0,2.0,4.9,10325,1366,63.0,1.2,3.3,Low,1.4000000000000004
19,Male,Medium,Average,32.8,237.0,2.8,6.7,8376,1809,74.0,1.5,4.7,Low,0.40000000000000036
40,Female,Low,Average,29.5,241.0,2.0,5.6,5643,1404,76.0,2.4,4.6,Low,0.09999999999999964
36,Female,High,Average,18.8,0.0,2.9,7.3,18948,2043,50.0,1.7,4.9,Low,0.20000000000000018
48,Female,Low,Healthy,24.8,103.0,1.6,10.6,4141,1759,71.0,1.5,2.4,High,1.5
68,Female,High,Unhealthy,26.5,59.0,1.5,9.2,9929,1521,59.0,2.2,4.0,Low,1.0
22,Female,High,Average,22.0,259.0,2.5,4.3,16579,1608,50.0,1.2,4.2,Low,1.5999999999999996
36,Male,High,Healthy,17.5,265.0,2.6,13.3,16734,1480,50.0,1.9,3.9,Medium,2.0
51,Male,High,Healthy,25.4,193.0,2.7,10.0,10982,1952,60.0,1.4,3.8,Medium,0.1999999999999993
27,Female,Low,Average,21.8,345.0,3.7,5.3,4390,1387,73.0,1.2,3.1,Medium,1.2000000000000002
42,Male,Medium,Average,21.9,423.0,3.5,4.8,6418,1628,67.0,1.4,3.4,Medium,1.7999999999999998
19,Male,Low,Average,23.6,252.0,2.9,7.9,1532,1578,78.0,2.1,4.5,Medium,1.2999999999999998
28,Male,High,Average,24.5,300.0,3.1,8.8,14662,1908,61.0,2.0,4.9,Medium,1.2999999999999998
67,Female,Medium,Average,25.0,118.0,2.7,11.4,10904,1745,63.0,2.1,3.4,Medium,1.0999999999999996
32,Female,High,Unhealthy,24.1,351.0,2.8,5.3,14530,2002,60.0,2.5,5.0,Low,0.7999999999999998
26,Female,Low,Average,18.0,68.0,2.1,5.7,2001,1194,66.0,0.9,3.4,Low,2.4000000000000004
40,Male,Low,Average,26.2,304.0,1.9,8.6,4942,1602,73.0,1.0,2.8,Medium,2.3
36,Female,Medium,Healthy,17.5,457.0,3.4,3.6,6892,1359,57.0,1.6,4.1,Low,1.0
26,Female,Medium,Healthy,23.8,298.0,2.4,10.7,6444,1387,70.0,1.6,3.9,Medium,1.7999999999999998
38,Female,Medium,Healthy,20.8,0.0,1.6,9.4,5568,1194,57.0,2.0,3.7,Medium,0.7999999999999998
26,Male,High,Average,27.9,224.0,3.5,10.0,13364,2383,59.0,2.7,4.9,Low,0.09999999999999964
63,Male,Medium,Average,17.5,173.0,2.8,6.2,7401,1359,61.0,1.2,5.0,Low,1.0
68,Female,Medium,Average,24.4,353.0,1.5,6.3,3615,1760,76.0,1.8,4.5,Low,0.7999999999999998
24,Female,Medium,Average,17.5,254.0,1.0,6.2,9083,1317,54.0,2.1,4.5,Medium,1.0999999999999996
33,Female,Medium,Average,24.5,243.0,3.7,7.4,8780,1512,65.0,1.6,4.3,Low,1.5
33,Male,Low,Unhealthy,25.0,152.0,2.1,5.4,7265,1651,71.0,1.2,4.0,Medium,1.2000000000000002
21,Male,Low,Average,32.7,136.0,2.0,9.5,2646,1558,81.0,1.9,3.8,High,1.5999999999999996
21,Male,Medium,Unhealthy,26.1,135.0,3.3,6.4,9983,1973,68.0,1.9,4.6,Low,1.7000000000000002
56,Male,Low,Average,21.6,286.0,2.2,5.2,5453,1554,75.0,1.5,4.7,Low,1.2999999999999998
57,Female,Medium,Average,30.9,197.0,1.5,5.9,10613,1905,69.0,1.8,3.6,Medium,1.7000000000000002
34,Male,Low,Average,17.8,362.0,3.0,5.8,1058,834,67.0,2.3,4.4,Medium,0.40000000000000036
54,Other,Medium,Average,20.1,242.0,3.3,8.2,6597,1312,64.0,1.4,2.8,Medium,2.0
56,Male,High,Average,17.5,124.0,3.0,7.5,11277,1306,50.0,2.0,5.3,Low,0.6999999999999993
69,Female,Medium,Average,32.2,77.0,2.4,9.1,11057,1888,73.0,1.9,5.0,Low,0.40000000000000036
46,Female,Medium,Healthy,26.3,109.0,1.1,10.7,9611,1394,60.0,2.1,3.3,Low,0.40000000000000036
69,Female,High,Unhealthy,27.6,224.0,1.6,7.7,17391,1783,53.0,1.5,5.0,Low,0.7999999999999998
53,Female,Medium,Average,26.2,144.0,1.9,8.5,5830,1303,69.0,1.1,3.5,Low,2.0999999999999996
55,Male,High,Average,27.3,38.0,2.3,13.1,14397,1732,59.0,1.1,1.7,Medium,2.3
56,Female,Low,Average,25.3,351.0,3.4,8.4,1558,1369,76.0,1.8,3.9,Medium,0.9000000000000004
67,Male,High,Average,26.1,222.0,2.4,5.8,10693,1571,67.0,2.2,4.3,Medium,0.5999999999999996
54,Male,Medium,Average,25.4,241.0,0.8,6.8,8247,1444,66.0,2.1,4.8,Low,1.5
69,Female,Low,Average,22.6,76.0,0.5,2.8,4332,1052,62.0,2.7,6.2,Low,0.09999999999999964
52,Female,High,Average,24.8,43.0,1.9,8.4,15180,1600,50.0,2.5,5.4,Low,1.5999999999999996
24,Female,High,Healthy,26.1,175.0,2.1,5.6,12049,1534,57.0,2.5,5.1,Low,0.40000000000000036
44,Male,Medium,Unhealthy,25.4,0.0,2.8,4.8,8850,1608,58.0,1.7,5.6,Low,0.40000000000000036
45,Male,High,Unhealthy,19.1,316.0,1.3,4.8,14013,1723,59.0,1.7,4.5,Medium,0.7000000000000002
39,Male,Low,Healthy,19.6,94.0,1.4,9.9,6355,1534,61.0,1.5,3.5,Medium,0.5
31,Male,Medium,Average,29.3,159.0,2.9,6.4,7146,1761,75.0,1.3,4.0,Medium,0.9000000000000004
24,Male,Low,Average,23.8,264.0,3.6,8.9,1248,1452,75.0,2.1,4.4,Low,0.7000000000000002
54,Male,Low,Unhealthy,27.3,166.0,0.9,8.0,4925,1405,75.0,1.4,3.5,Medium,0.7000000000000002
39,Male,Medium,Healthy,20.6,24.0,1.9,7.5,8671,1490,54.0,1.7,3.8,Low,1.4000000000000004
22,Female,Medium,Healthy,19.1,425.0,3.4,6.0,6220,1029,72.0,0.9,3.1,Low,2.5
19,Male,Low,Healthy,21.6,0.0,3.2,8.2,3510,1307,64.0,1.0,2.8,Low,2.7
44,Female,Medium,Average,24.1,0.0,1.8,5.9,8387,1376,58.0,1.6,5.2,Low,0.2999999999999998
38,Male,Low,Unhealthy,22.3,331.0,3.4,7.4,3430,1104,69.0,1.8,4.8,Low,0.2999999999999998
32,Female,Low,Healthy,25.7,387.0,3.0,10.3,3700,1756,74.0,2.2,3.6,Medium,0.7000000000000002
38,Male,High,Average,32.4,256.0,1.9,5.9,16652,2456,69.0,1.4,4.8,Low,0.6999999999999993
27,Female,Low,Healthy,26.6,242.0,2.7,7.9,3457,1322,75.0,1.9,4.3,Low,0.9000000000000004
40,Male,Medium,Healthy,17.5,114.0,1.6,8.5,8423,1001,54.0,0.8,2.4,Low,2.9000000000000004
22,Male,Medium,Unhealthy,19.0,143.0,2.3,8.9,5529,1299,66.0,1.7,3.9,Medium,1.7999999999999998
18,Other,Low,Unhealthy,25.9,68.0,2.6,8.9,3840,1492,67.0,1.7,2.4,Medium,2.2
30,Male,Medium,Average,21.9,381.0,4.4,11.6,7109,1509,72.0,1.4,2.5,High,3.3
38,Male,Medium,Average,33.6,88.0,4.5,12.4,9517,1957,71.0,1.7,3.4,Low,1.5
43,Female,High,Average,30.8,275.0,2.2,6.6,17706,2315,60.0,1.1,2.5,Low,1.7000000000000002
67,Male,Low,Healthy,22.0,350.0,3.7,11.2,5322,1367,68.0,1.3,2.8,Medium,2.5
62,Female,High,Healthy,24.5,67.0,1.6,8.1,11794,1949,57.0,2.3,6.0,Low,0.2999999999999998
38,Male,Low,Average,26.0,256.0,2.8,6.6,2255,1706,76.0,2.1,3.8,Medium,1.9000000000000004
35,Female,Low,Unhealthy,28.5,65.0,2.0,8.5,1729,1674,76.0,1.5,3.6,Medium,1.0
54,Male,Low,Average,25.1,173.0,2.1,6.4,4254,1677,70.0,1.9,4.4,Medium,1.2000000000000002
62,Female,Low,Healthy,20.9,131.0,4.6,6.9,2936,1158,69.0,2.7,5.6,Low,0.09999999999999964
49,Female,Medium,Healthy,22.1,95.0,2.2,4.3,5774,1196,66.0,1.8,5.0,Low,1.2000000000000002
53,Male,High,Unhealthy,25.0,223.0,2.0,7.2,19885,2039,50.0,1.9,3.5,Medium,1.7999999999999998
52,Male,Medium,Average,26.7,339.0,1.9,8.8,8672,1641,74.0,1.9,4.4,Medium,0.09999999999999964
66,Other,Medium,Healthy,21.9,37.0,1.4,7.9,8572,1435,63.0,2.4,4.7,Low,0.3000000000000007
28,Male,Medium,Average,27.6,9.0,2.7,11.3,11237,1795,59.0,2.6,5.0,Low,0.09999999999999964
69,Male,High,Unhealthy,28.6,144.0,2.8,8.2,15853,2037,59.0,2.4,4.5,Medium,0.5
43,Male,Low,Healthy,35.1,253.0,2.5,11.0,5355,2129,85.0,1.9,2.8,Medium,2.5
51,Female,Low,Healthy,28.2,0.0,2.0,7.2,3997,1838,73.0,1.9,4.4,Low,1.9000000000000004
69,Female,Medium,Average,22.0,347.0,2.6,9.4,10469,1735,57.0,1.3,4.3,Medium,1.7999999999999998
65,Female,Medium,Healthy,24.6,158.0,2.5,6.8,4343,1421,70.0,1.3,3.4,Low,0.7000000000000002
35,Female,Medium,Unhealthy,25.1,236.0,2.0,2.0,12234,1267,57.0,1.6,4.6,Low,1.0999999999999996
57,Male,Low,Average,24.2,530.0,2.3,6.4,4633,959,78.0,1.4,2.8,Medium,1.2999999999999998
52,Male,Low,Average,34.9,392.0,3.7,3.2,5132,1972,89.0,1.5,4.7,Low,1.5
58,Female,Low,Average,23.8,231.0,4.1,6.0,2074,1408,68.0,0.9,2.4,Medium,3.2
46,Female,High,Unhealthy,27.3,0.0,2.3,5.6,9954,2117,53.0,2.0,4.8,Medium,0.5
69,Female,Low,Average,17.5,0.0,1.9,5.7,3030,915,66.0,2.5,4.9,Low,0.09999999999999964
46,Male,Medium,Healthy,26.7,374.0,2.5,4.4,8039,1553,68.0,1.0,3.1,Low,1.7000000000000002
59,Male,High,Average,22.9,174.0,2.5,5.4,12770,1775,53.0,2.2,6.3,Low,1.5999999999999996
59,Female,Low,Average,24.8,266.0,2.0,6.3,1000,1184,81.0,1.5,3.6,Medium,1.7000000000000002
30,Female,High,Average,25.1,371.0,1.6,7.6,15279,1870,58.0,1.1,4.1,Medium,0.7000000000000002
66,Male,Low,Healthy,27.9,428.0,3.1,8.8,3745,1525,83.0,1.9,4.1,Low,1.2999999999999998
58,Female,Medium,Unhealthy,33.0,132.0,2.7,4.5,9902,2239,73.0,2.0,5.0,Medium,1.0
26,Male,Medium,Healthy,21.6,185.0,1.1,11.2,7255,1369,65.0,0.8,2.4,Medium,2.9000000000000004
58,Female,High,Average,20.3,332.0,4.0,8.9,14474,1763,54.0,1.8,4.3,Low,1.2000000000000002
18,Male,High,Average,25.8,199.0,2.7,5.1,16052,1879,54.0,2.1,4.6,Low,1.4000000000000004
19,Male,High,Healthy,26.9,76.0,1.1,3.9,17451,1894,55.0,2.1,5.0,Low,1.0
65,Female,High,Average,22.8,398.0,3.3,5.8,13877,1438,59.0,1.7,5.2,Low,1.2000000000000002
46,Female,Medium,Average,28.1,214.0,2.2,6.4,8857,1551,69.0,1.6,4.7,Low,0.7000000000000002
50,Male,Low,Healthy,26.9,147.0,2.5,8.7,4049,1378,74.0,0.8,2.1,Medium,2.8
27,Female,Medium,Unhealthy,25.2,226.0,2.1,2.0,7412,1748,66.0,2.2,5.1,Low,0.9000000000000004
67,Male,Medium,Unhealthy,21.4,89.0,2.4,4.6,4155,1088,62.0,1.2,4.7,Low,1.7999999999999998
57,Female,Low,Average,23.1,262.0,2.5,11.5,4308,1284,69.0,2.8,5.9,Medium,0.0
38,Female,Medium,Unhealthy,17.5,170.0,1.2,7.0,6178,916,60.0,1.0,2.9,Low,2.2
45,Female,High,Healthy,25.9,80.0,3.2,7.2,16612,1970,52.0,2.5,5.1,Low,0.5
28,Female,Low,Average,25.1,556.0,2.6,5.6,2697,1420,78.0,1.1,3.5,Medium,2.5999999999999996
51,Male,High,Average,25.8,48.0,2.9,9.0,12295,1852,54.0,2.5,4.9,Low,0.2999999999999998
25,Male,Medium,Unhealthy,27.0,252.0,3.2,2.5,6356,1955,69.0,1.3,3.4,Low,2.5999999999999996
39,Male,Low,Average,26.5,208.0,2.6,5.9,4799,1514,73.0,1.6,5.1,Medium,0.09999999999999964
25,Male,High,Healthy,24.6,46.0,2.8,2.0,13090,1812,60.0,1.7,6.1,Low,2.1999999999999993
66,Female,High,Average,25.2,149.0,1.3,7.0,15705,1775,51.0,1.5,3.9,Low,0.40000000000000036
32,Male,Low,Healthy,19.4,0.0,1.8,5.9,1000,1444,68.0,2.5,5.4,Low,0.5
34,Male,Medium,Healthy,22.7,509.0,2.6,2.9,11988,1783,60.0,1.3,5.2,Low,1.5999999999999996
40,Male,Medium,Average,25.2,159.0,2.6,9.5,5979,1675,71.0,2.0,3.3,Low,2.0999999999999996
41,Other,High,Average,22.1,172.0,2.8,8.7,16306,1975,50.0,2.0,3.8,Low,1.7999999999999998
62,Male,Low,Healthy,28.4,491.0,3.6,9.6,4749,1759,81.0,1.6,2.6,Medium,2.5
36,Female,Low,Healthy,22.4,76.0,2.4,3.2,5067,1550,67.0,2.3,5.5,Low,0.09999999999999964
22,Male,Medium,Average,25.9,394.0,2.8,4.5,6364,1512,74.0,2.1,4.4,Medium,1.5999999999999996
49,Male,Medium,Average,25.5,288.0,2.5,10.0,7322,2020,71.0,1.2,2.6,Medium,1.7999999999999998
61,Female,Medium,Average,28.0,0.0,2.3,9.0,8796,1442,65.0,2.4,4.1,Medium,0.7999999999999998
18,Female,High,Average,28.6,144.0,2.3,10.5,14011,1935,66.0,1.9,3.2,Medium,0.09999999999999964
40,Female,High,Healthy,27.8,265.0,1.9,6.4,11271,2187,62.0,2.6,4.7,Low,0.8000000000000007
54,Female,High,Healthy,17.5,205.0,2.4,6.7,15720,1469,50.0,1.9,3.0,Low,1.9000000000000004
30,Male,High,Average,31.1,108.0,2.4,3.6,12734,1970,62.0,2.2,5.7,Low,1.0
25,Female,Medium,Average,23.1,93.0,1.1,7.5,8976,1603,63.0,1.5,4.5,Medium,0.40000000000000036
40,Male,Low,Unhealthy,25.9,153.0,2.4,13.3,4341,1396,71.0,1.9,3.5,Low,2.0
60,Female,Medium,Average,21.4,494.0,1.8,6.1,7258,1594,72.0,1.0,2.7,Medium,1.9000000000000004
68,Female,Medium,Healthy,22.8,204.0,2.5,4.7,6900,1253,71.0,1.8,4.3,Low,2.5
41,Male,Medium,Average,23.6,0.0,2.3,6.7,10865,1419,51.0,1.3,4.4,Low,0.7999999999999998
52,Male,Low,Average,21.2,264.0,2.0,9.7,4016,1501,71.0,1.5,3.3,Medium,2.0
41,Male,Medium,Average,22.1,6.0,2.7,8.4,10151,1262,60.0,2.3,4.9,Low,0.09999999999999964
34,Female,Low,Average,25.0,36.0,2.8,5.8,4516,1377,64.0,2.1,4.6,Medium,1.7999999999999998
22,Male,High,Average,21.9,29.0,2.5,9.1,14118,2082,50.0,2.6,6.7,Low,1.4000000000000004
37,Female,Medium,Average,27.2,0.0,3.0,2.8,7983,1928,67.0,1.5,6.4,Low,0.40000000000000036
38,Female,Low,Unhealthy,27.7,390.0,2.2,7.5,5014,1414,75.0,0.9,2.5,High,2.9000000000000004
57,Female,Low,Healthy,34.5,278.0,2.8,6.0,2350,1642,90.0,1.6,4.9,Medium,1.0999999999999996
63,Male,Medium,Healthy,26.0,324.0,1.7,4.0,10620,1766,68.0,2.3,5.7,Low,0.0
53,Male,Medium,Healthy,22.5,174.0,1.9,7.0,9021,1386,67.0,1.8,3.9,Medium,1.0
28,Male,Low,Unhealthy,26.2,195.0,3.4,8.9,1379,1411,75.0,1.4,4.2,Medium,1.2000000000000002
69,Female,Medium,Average,26.3,352.0,3.8,7.1,5233,1586,75.0,1.8,4.3,Low,1.4000000000000004
32,Other,Low,Healthy,22.9,445.0,3.1,6.3,4031,1315,70.0,0.9,3.7,Medium,2.5
24,Female,High,Average,19.4,577.0,3.6,7.7,16669,1653,56.0,1.9,2.7,High,1.4000000000000004
68,Female,Medium,Average,24.0,2.0,3.0,9.5,7051,1327,64.0,1.0,4.1,Low,1.5999999999999996
45,Male,Low,Average,27.2,130.0,2.8,8.4,4826,1263,71.0,1.5,2.8,Medium,2.7
68,Female,High,Unhealthy,23.8,211.0,4.0,5.2,19818,1993,50.0,1.5,4.4,Low,0.7999999999999998
60,Female,Low,Healthy,24.2,224.0,1.8,8.7,4034,1215,66.0,1.1,4.6,Medium,0.9000000000000004
22,Male,Medium,Healthy,24.4,494.0,3.1,9.4,5976,1654,75.0,1.7,3.4,Low,0.7999999999999998
22,Female,Medium,Healthy,21.7,351.0,1.8,10.5,8791,1186,69.0,1.4,3.4,Medium,1.9000000000000004
47,Male,Low,Healthy,29.7,261.0,2.0,5.7,4424,1590,74.0,2.0,5.5,Low,1.2000000000000002
49,Female,Low,Unhealthy,20.9,355.0,4.6,6.1,4375,1250,70.0,1.9,4.4,Medium,1.5
25,Female,Low,Unhealthy,26.3,251.0,2.9,9.2,6052,1809,76.0,1.6,4.8,Medium,1.2000000000000002
27,Female,High,Average,26.7,98.0,4.0,9.1,10441,1674,60.0,2.0,4.1,Low,1.0
55,Male,High,Average,21.2,272.0,2.9,5.7,16998,1776,50.0,2.5,5.7,Low,0.20000000000000018
64,Female,Medium,Unhealthy,25.3,210.0,2.8,5.3,6787,1659,72.0,0.8,2.9,Medium,2.8
49,Female,Low,Healthy,21.4,73.0,2.0,5.9,6070,1465,70.0,1.4,4.1,Low,0.2999999999999998
65,Male,High,Healthy,30.6,389.0,3.3,7.2,7633,1908,78.0,1.6,4.0,Low,1.4000000000000004
45,Female,Medium,Average,20.4,191.0,2.5,4.8,12461,1880,55.0,2.2,3.6,Low,1.0
34,Female,Medium,Unhealthy,22.4,31.0,2.6,8.0,7458,1338,57.0,1.5,2.9,Low,2.2
48,Female,Medium,Average,20.1,55.0,2.3,2.7,5579,1574,62.0,1.4,4.8,Low,0.40000000000000036
25,Male,Medium,Average,19.6,280.0,2.4,4.9,9815,1510,58.0,2.5,5.3,Low,0.5999999999999996
57,Female,Medium,Healthy,31.4,357.0,2.5,7.5,9023,1979,77.0,1.4,5.0,Low,0.5999999999999996
42,Female,Medium,Average,27.2,272.0,2.6,4.7,8906,1780,71.0,2.2,4.7,Low,1.0
26,Male,Medium,Unhealthy,25.6,272.0,2.5,6.0,9859,1861,65.0,2.5,4.4,Low,0.9000000000000004
19,Male,High,Average,22.4,78.0,1.3,6.7,14109,1540,56.0,2.2,5.1,Low,0.09999999999999964
32,Female,Medium,Average,28.6,213.0,2.9,12.3,7414,1755,74.0,1.1,2.1,Medium,2.3
67,Female,Medium,Average,21.7,150.0,2.4,3.7,5681,1263,63.0,2.1,4.7,Low,0.40000000000000036
20,Female,Low,Average,28.2,170.0,0.5,7.6,3829,1883,72.0,1.7,3.2,Medium,2.2
66,Male,Medium,Average,21.5,183.0,1.2,4.4,6977,1224,68.0,1.4,4.2,Low,0.20000000000000018
53,Male,Low,Average,22.4,101.0,2.1,4.3,3987,1679,71.0,2.2,5.0,Low,1.5999999999999996
31,Male,High,Healthy,28.5,48.0,3.0,6.6,19212,1915,50.0,1.8,4.7,Low,1.0
58,Female,Low,Unhealthy,27.4,5.0,2.0,10.6,2879,1311,72.0,2.3,3.8,Medium,0.7000000000000002
58,Female,Medium,Unhealthy,20.8,82.0,2.3,9.9,7717,1178,61.0,2.1,3.7,Medium,2.0
42,Female,High,Average,23.2,332.0,3.4,5.9,12693,1999,57.0,2.2,5.3,Low,0.09999999999999964
67,Male,Medium,Healthy,25.6,250.0,2.0,6.3,5194,1218,78.0,1.8,3.9,Low,1.0999999999999996
27,Female,Low,Average,21.6,0.0,1.6,8.5,8367,1479,54.0,1.7,3.1,Medium,1.7999999999999998
38,Male,Medium,Average,30.5,289.0,3.2,7.1,6127,2063,74.0,1.7,4.3,Low,1.5
53,Male,High,Average,17.5,192.0,3.4,5.4,15108,2033,50.0,2.7,5.0,Low,0.1999999999999993
29,Female,Medium,Healthy,21.9,137.0,2.0,8.7,11400,1528,60.0,1.4,3.4,Low,0.20000000000000018
44,Female,Medium,Unhealthy,23.0,163.0,2.9,11.1,5521,1393,59.0,1.7,3.2,Medium,0.9000000000000004
57,Female,Medium,Average,17.5,0.0,2.5,9.6,9752,1031,50.0,1.2,3.5,Medium,0.2999999999999998
19,Male,Medium,Unhealthy,19.4,225.0,2.0,10.4,4921,1090,57.0,2.1,4.2,Medium,1.5
30,Female,Medium,Average,27.5,9.0,3.4,6.7,6395,2067,72.0,1.5,3.1,Low,1.0999999999999996
49,Female,Medium,Average,25.1,147.0,2.0,4.3,9122,1794,61.0,1.7,5.3,Low,0.9000000000000004
48,Female,Medium,Average,31.3,147.0,3.1,2.0,7454,2106,79.0,2.4,5.6,Low,0.6999999999999993
33,Male,Medium,Average,31.2,315.0,2.6,2.0,10909,2125,67.0,1.1,4.4,Low,1.5
49,Female,Low,Unhealthy,26.7,205.0,2.4,6.5,4192,1716,71.0,2.1,4.9,Low,1.0
49,Female,Low,Unhealthy,26.3,305.0,2.1,8.3,4781,1893,74.0,1.7,3.8,High,1.0999999999999996
28,Male,Medium,Average,17.5,183.0,2.3,7.6,5922,1259,60.0,1.4,5.2,Medium,0.09999999999999964
27,Male,Medium,Average,19.4,279.0,2.1,5.2,5688,1059,63.0,1.9,4.5,Medium,0.7999999999999998
34,Male,Medium,Unhealthy,27.5,29.0,1.5,4.0,6610,1692,67.0,2.6,6.4,Low,0.2999999999999998
57,Female,High,Average,26.2,73.0,2.4,4.2,17471,2033,51.0,2.5,5.6,Low,0.8000000000000007
35,Male,Medium,Healthy,21.4,275.0,2.8,8.5,8806,1407,61.0,1.7,2.6,Medium,1.7000000000000002
26,Male,Medium,Average,28.7,441.0,2.0,3.9,5444,1524,84.0,1.8,5.1,Low,1.7999999999999998
42,Male,Medium,Unhealthy,30.9,242.0,3.1,5.1,7176,1859,75.0,1.9,4.2,Low,0.5999999999999996
57,Male,Medium,Average,28.8,33.0,3.2,4.6,7939,1842,72.0,1.9,6.0,Low,0.09999999999999964
31,Male,High,Average,29.0,36.0,1.5,7.4,22800,2754,50.0,2.8,5.3,Low,0.09999999999999964
42,Female,Low,Average,22.8,220.0,1.9,8.5,4012,1407,72.0,1.6,3.0,Medium,3.2
67,Female,Medium,Unhealthy,29.3,253.0,1.4,8.5,8907,1938,74.0,1.2,2.8,Medium,1.4000000000000004
39,Male,Low,Average,25.6,166.0,2.8,5.5,2511,1230,76.0,1.4,4.6,Low,0.7999999999999998
69,Male,Low,Average,27.0,38.0,2.6,6.6,5080,1362,69.0,1.6,4.0,Low,0.20000000000000018
47,Male,Medium,Average,26.5,365.0,1.2,8.8,10760,1559,69.0,1.6,3.5,Medium,2.5
38,Female,Medium,Unhealthy,21.6,279.0,2.7,4.7,9230,1461,64.0,1.1,4.6,Low,1.5
61,Female,High,Unhealthy,24.7,0.0,2.6,5.4,15726,1907,50.0,2.8,5.0,Medium,0.09999999999999964
68,Female,Low,Healthy,23.2,97.0,1.6,7.1,5936,949,68.0,1.6,3.9,Low,0.7999999999999998
63,Male,Medium,Unhealthy,28.6,401.0,2.5,6.9,6402,1602,80.0,1.7,4.2,Low,1.2999999999999998
66,Female,High,Unhealthy,27.9,291.0,1.7,6.6,11383,2037,66.0,1.3,5.1,Medium,0.2999999999999998
38,Female,Low,Average,23.8,0.0,2.6,5.0,4006,1274,65.0,2.7,5.2,Low,0.0
52,Female,Medium,Healthy,30.6,236.0,2.4,4.7,7253,1805,75.0,0.8,2.8,Low,3.0999999999999996
49,Male,High,Average,23.6,448.0,2.7,8.6,5265,1071,77.0,1.1,3.9,Medium,0.5999999999999996
47,Female,Low,Average,31.0,110.0,2.2,7.9,2902,1690,75.0,2.8,4.6,Medium,0.0
56,Female,High,Average,26.7,448.0,3.1,5.9,7609,1721,74.0,1.6,3.7,Low,0.9000000000000004
66,Female,Medium,Healthy,24.9,257.0,1.9,6.9,7358,1425,63.0,1.1,3.0,Medium,2.7
29,Male,Low,Healthy,21.4,401.0,1.7,10.0,5069,1465,66.0,1.1,3.1,Medium,2.4000000000000004
58,Female,Medium,Unhealthy,24.6,223.0,2.7,6.8,8108,1794,70.0,1.5,3.4,Medium,2.0999999999999996
64,Female,Medium,Healthy,24.2,181.0,4.0,7.0,8266,1963,66.0,2.3,5.0,Low,1.0
35,Female,Low,Average,20.0,475.0,1.3,10.8,3766,965,69.0,1.8,2.5,High,1.9000000000000004
38,Female,Medium,Average,24.1,308.0,1.6,9.7,8423,1599,69.0,1.3,3.7,Medium,0.7000000000000002
30,Female,Medium,Average,21.8,164.0,2.7,5.4,13649,1398,52.0,1.8,3.9,Low,0.1999999999999993
38,Male,Medium,Healthy,27.3,263.0,3.4,9.7,7295,1777,73.0,2.0,4.8,Medium,0.5
25,Female,Low,Average,30.2,115.0,2.7,6.6,3980,1766,78.0,2.3,3.9,Low,1.5
63,Male,High,Average,20.1,216.0,2.0,4.4,11406,1075,58.0,2.3,5.5,Low,0.40000000000000036
57,Female,Medium,Unhealthy,31.8,379.0,2.8,10.3,4192,1812,87.0,1.5,1.7,Medium,1.7999999999999998
63,Male,High,Average,24.5,175.0,2.9,5.2,14796,1777,55.0,1.4,4.8,Low,0.9000000000000004
24,Female,High,Healthy,21.1,68.0,2.0,5.7,17395,1513,50.0,1.4,3.9,Low,0.0
40,Female,Medium,Unhealthy,28.0,54.0,3.2,6.0,12640,1847,64.0,1.5,4.4,Low,0.09999999999999964
49,Female,High,Unhealthy,24.7,78.0,1.1,4.6,13222,1878,57.0,2.1,5.7,Low,0.40000000000000036
28,Female,Medium,Healthy,23.4,0.0,2.4,5.5,9871,1399,56.0,1.2,4.0,Low,1.5
39,Female,Low,Average,21.7,20.0,2.0,6.1,6568,1281,61.0,1.8,4.4,Low,1.7999999999999998
39,Male,Medium,Healthy,27.9,376.0,3.5,8.3,5528,1229,83.0,2.0,3.9,Low,2.2
60,Male,Low,Average,23.9,178.0,1.4,6.8,4996,1178,66.0,1.9,4.3,Medium,0.5
42,Male,Low,Average,19.3,208.0,2.1,5.3,6741,1571,57.0,1.6,3.9,Low,0.9000000000000004
39,Male,Medium,Average,27.2,55.0,2.7,8.6,7502,1843,71.0,1.7,3.8,Low,2.0999999999999996
45,Female,Low,Healthy,20.2,112.0,4.4,10.4,2262,1190,68.0,1.7,3.5,Medium,2.0
46,Female,High,Unhealthy,20.4,107.0,4.1,2.9,16355,1752,50.0,2.8,5.8,Low,0.9000000000000004
35,Male,Medium,Average,20.2,0.0,2.8,8.3,10380,1489,53.0,1.2,3.1,Low,2.7
19,Male,Low,Average,17.5,363.0,3.0,3.9,6986,1097,61.0,1.2,5.0,Medium,0.9000000000000004
46,Female,Medium,Average,27.5,197.0,1.7,6.6,6999,1636,75.0,2.5,4.9,Low,0.40000000000000036
38,Female,Medium,Healthy,23.8,230.0,2.5,10.2,11316,1590,58.0,1.2,2.9,Low,1.7999999999999998
32,Male,Medium,Unhealthy,24.1,337.0,3.6,8.6,9262,1520,66.0,1.6,3.9,Medium,0.7000000000000002
69,Female,Low,Average,23.7,325.0,2.6,8.3,6078,1767,67.0,1.9,3.8,Medium,0.09999999999999964
44,Female,Medium,Average,25.9,113.0,4.1,8.9,6700,1351,67.0,2.5,5.2,Medium,0.2999999999999998
67,Male,Medium,Average,22.0,290.0,2.1,7.8,9246,1368,61.0,1.9,4.1,Low,1.0
48,Female,High,Average,30.9,289.0,2.4,6.2,14726,1769,66.0,1.8,3.7,Medium,1.4000000000000004
32,Male,High,Unhealthy,19.1,247.0,2.4,9.4,11643,1622,54.0,2.6,4.1,Medium,0.40000000000000036
68,Female,Medium,Average,26.8,359.0,1.5,5.8,7296,1700,75.0,2.1,4.5,Medium,2.0
40,Male,Medium,Average,27.6,319.0,3.4,6.6,9152,2093,74.0,2.4,5.1,Medium,0.9000000000000004
41,Male,Low,Average,22.0,309.0,2.2,2.9,2312,1064,70.0,1.2,4.4,Low,1.4000000000000004
61,Female,Low,Healthy,20.9,404.0,2.7,5.8,2197,973,75.0,2.0,4.3,Low,2.2
30,Male,High,Average,29.1,204.0,2.0,7.2,10168,1628,63.0,2.5,5.1,Medium,0.40000000000000036
39,Female,Medium,Unhealthy,21.0,208.0,3.9,7.1,6448,1399,64.0,2.2,4.3,Medium,0.0
60,Male,Low,Average,22.6,322.0,3.5,9.3,4429,1237,73.0,1.3,3.6,Medium,2.5
54,Male,Medium,Average,28.5,173.0,2.5,5.9,6986,1764,71.0,2.6,5.4,Low,0.5999999999999996
50,Male,High,Average,25.1,272.0,1.5,6.0,17833,1883,54.0,1.5,3.9,Low,0.7999999999999998
20,Female,Medium,Average,17.8,115.0,3.1,5.6,5111,1382,61.0,2.1,4.7,Low,1.7999999999999998
36,Female,Low,Unhealthy,32.0,0.0,3.4,7.6,4769,2043,77.0,1.4,4.2,Medium,1.5
40,Male,High,Healthy,22.9,289.0,1.8,10.9,12899,1678,55.0,1.2,3.1,Low,1.5
46,Female,Medium,Average,23.4,0.0,2.4,2.0,7790,1692,64.0,2.2,5.4,Low,0.0
47,Female,Medium,Average,26.0,95.0,2.6,5.8,9368,1648,63.0,2.9,6.0,Low,0.8000000000000007
56,Female,Low,Average,27.5,323.0,3.4,6.1,1000,1405,78.0,2.6,5.1,Medium,0.40000000000000036
61,Female,High,Unhealthy,32.8,324.0,2.4,2.0,7586,1510,76.0,2.5,5.4,Low,0.09999999999999964
64,Female,High,Healthy,18.4,376.0,3.3,6.7,13812,1573,50.0,1.6,4.8,Low,1.0
42,Female,Medium,Healthy,28.3,0.0,1.9,6.1,7555,1721,66.0,1.8,4.3,Low,2.0
54,Male,Low,Average,28.0,244.0,1.7,5.9,1857,1650,78.0,1.0,3.8,Medium,1.5999999999999996
64,Male,Medium,Average,24.5,161.0,4.0,4.2,12010,1848,55.0,1.5,4.9,Low,0.1999999999999993
25,Male,Low,Average,28.1,348.0,1.5,6.8,2262,1345,77.0,2.0,5.2,Low,0.5999999999999996
59,Male,Low,Unhealthy,28.7,421.0,1.9,4.1,3201,1524,82.0,1.2,3.4,Medium,2.2
33,Female,Medium,Average,19.5,3.0,3.1,4.9,10299,1291,57.0,2.0,5.0,Low,0.7999999999999998
25,Male,Low,Healthy,32.0,202.0,2.1,6.5,2987,1928,83.0,1.7,3.5,Medium,2.0999999999999996
18,Male,High,Healthy,18.8,324.0,2.1,9.6,11396,1710,55.0,2.0,4.9,Low,0.5999999999999996
61,Female,Low,Healthy,20.5,149.0,2.3,8.0,4583,1368,62.0,2.1,4.1,Low,0.7999999999999998
22,Male,Medium,Average,24.0,461.0,0.8,8.5,6513,1857,69.0,1.1,2.6,Medium,2.9000000000000004
20,Male,Low,Unhealthy,32.7,139.0,3.4,11.9,4592,1923,79.0,1.3,3.1,Medium,1.0999999999999996
18,Male,Medium,Average,23.8,154.0,2.6,8.1,9026,1356,62.0,1.1,3.5,Medium,0.5
21,Female,Low,Healthy,24.9,39.0,1.9,4.4,4568,1150,70.0,2.3,6.3,Low,0.09999999999999964
57,Male,Medium,Unhealthy,30.7,223.0,1.1,5.6,10357,1765,69.0,1.8,4.7,Medium,1.2000000000000002
52,Male,Medium,Healthy,23.8,0.0,1.4,4.9,7228,1388,66.0,1.7,5.0,Low,0.0
49,Female,High,Average,20.3,162.0,1.2,6.7,12487,1378,50.0,1.8,4.6,Medium,0.1999999999999993
59,Female,Medium,Healthy,23.3,390.0,2.7,6.0,7828,1488,65.0,0.9,3.1,Medium,3.0999999999999996
51,Female,Low,Healthy,30.5,0.0,2.7,4.6,1000,1528,81.0,1.8,4.5,Low,0.0
42,Male,Medium,Average,32.7,367.0,3.1,9.5,7340,2416,78.0,2.0,3.1,Medium,2.0999999999999996
27,Male,Low,Average,28.0,387.0,3.0,7.4,4573,1758,77.0,1.6,4.1,Medium,1.7000000000000002
38,Male,Medium,Average,22.4,0.0,3.7,4.5,6207,1422,58.0,2.1,5.6,Low,0.0
63,Male,High,Healthy,25.2,459.0,3.5,7.3,18035,2193,51.0,1.0,3.7,Low,1.2000000000000002
56,Male,High,Average,21.6,264.0,3.3,5.5,13376,1453,54.0,2.5,5.2,Low,0.0
44,Female,High,Healthy,38.0,81.0,3.1,4.0,12477,2582,74.0,2.1,5.9,Low,0.5
19,Female,Medium,Average,29.1,423.0,2.2,8.6,8933,1812,74.0,2.0,3.0,Medium,1.2999999999999998
58,Male,Medium,Average,28.4,159.0,2.3,8.6,4889,1640,72.0,1.3,3.9,Medium,1.0
65,Female,Medium,Average,22.5,153.0,3.9,9.2,3606,1040,68.0,1.6,4.0,Low,1.5
30,Male,High,Average,31.3,272.0,2.1,7.5,13379,2005,71.0,1.4,4.3,Medium,1.0
26,Male,Low,Average,29.4,141.0,2.0,6.2,3969,1546,74.0,1.9,4.6,Medium,1.0
69,Female,Medium,Unhealthy,32.5,0.0,2.2,13.0,7807,1841,75.0,1.6,3.1,Low,2.0
53,Male,Low,Average,32.3,219.0,2.1,4.8,3566,2186,86.0,2.4,5.7,Low,1.0
39,Male,Low,Average,19.1,152.0,2.1,8.8,3397,1515,66.0,1.1,3.2,Medium,1.0
59,Male,Medium,Average,20.6,84.0,2.7,7.0,9350,1631,56.0,1.6,4.1,Low,0.9000000000000004
43,Female,Medium,Average,21.0,386.0,2.7,7.9,11567,1531,59.0,1.9,3.5,Medium,2.4000000000000004
29,Female,Medium,Average,21.2,558.0,3.2,7.8,13174,1469,64.0,2.0,4.4,Medium,2.0999999999999996
34,Male,Medium,Average,26.3,62.0,4.3,4.3,10188,1515,61.0,2.0,4.8,Medium,0.5
31,Female,Medium,Average,22.7,229.0,2.2,3.6,3424,1340,78.0,1.8,4.2,Low,1.2000000000000002
31,Female,Low,Average,33.3,140.0,2.4,3.8,5576,2142,77.0,1.8,4.6,Low,0.5
51,Female,Medium,Healthy,32.6,543.0,1.0,5.9,10076,2188,81.0,1.1,2.7,Low,2.0999999999999996
37,Female,High,Average,25.0,273.0,1.5,7.6,13697,1818,62.0,1.2,3.8,Low,0.7000000000000002
28,Male,Medium,Unhealthy,32.8,339.0,2.4,5.3,9854,2167,71.0,1.7,4.5,Low,0.7000000000000002
33,Male,Medium,Unhealthy,31.0,377.0,2.9,3.4,8720,1895,77.0,1.4,3.7,Low,1.4000000000000004
48,Female,High,Average,17.5,172.0,3.0,3.2,14759,1262,50.0,1.9,5.5,Low,0.8000000000000007
23,Female,Medium,Healthy,24.1,427.0,3.5,8.2,6891,1414,75.0,1.5,3.9,Low,1.7999999999999998
36,Female,Low,Average,22.4,316.0,3.9,5.1,1240,1230,75.0,2.0,4.4,Low,0.5999999999999996
54,Female,High,Healthy,25.8,73.0,2.3,10.0,8367,1541,69.0,2.0,3.3,Low,1.2000000000000002
21,Female,High,Unhealthy,25.4,91.0,1.9,5.7,16750,1711,50.0,1.2,4.4,Low,0.09999999999999964
64,Female,Medium,Average,25.3,141.0,3.0,2.6,5948,1525,65.0,1.4,5.1,Low,0.7999999999999998
21,Female,Medium,Average,27.1,373.0,3.2,6.9,4940,1613,76.0,1.0,2.8,Medium,2.9000000000000004
37,Female,Medium,Unhealthy,20.1,421.0,2.6,4.9,4900,1127,68.0,1.8,5.2,Medium,0.09999999999999964
27,Male,Medium,Unhealthy,26.6,522.0,2.4,9.0,7047,1607,74.0,1.0,2.5,High,2.2
41,Male,Medium,Average,23.2,93.0,2.1,7.8,11031,1095,51.0,2.4,4.8,Low,0.5999999999999996
52,Female,High,Average,25.8,221.0,2.5,5.4,13564,1980,63.0,1.7,4.8,Low,0.7000000000000002
43,Female,High,Average,28.8,139.0,3.1,4.5,9706,1885,68.0,2.2,4.3,Low,1.0999999999999996
54,Female,Medium,Average,20.1,172.0,2.0,4.3,10963,1726,57.0,2.7,5.2,Low,0.1999999999999993
55,Female,High,Healthy,23.9,339.0,1.9,5.5,14979,1751,55.0,1.5,3.7,Low,0.20000000000000018
38,Male,Low,Healthy,24.5,193.0,3.0,10.4,3480,1510,74.0,1.4,3.2,Medium,2.2
57,Male,Low,Healthy,22.9,397.0,1.8,6.6,4728,1569,79.0,2.5,4.4,Low,0.7999999999999998
56,Female,Medium,Unhealthy,28.6,122.0,2.6,9.4,8023,1755,71.0,2.5,4.6,Low,0.09999999999999964
38,Male,Medium,Healthy,22.1,311.0,2.6,3.3,6565,1436,67.0,1.2,4.5,Low,0.7000000000000002
27,Male,Low,Average,22.8,133.0,2.5,2.2,3179,1295,70.0,2.9,6.3,Low,0.3000000000000007
55,Male,Medium,Healthy,22.2,0.0,2.0,4.6,5526,1011,67.0,1.3,4.8,Low,0.5999999999999996
63,Male,Low,Unhealthy,29.4,46.0,3.9,8.6,3295,1679,72.0,1.0,3.2,Medium,1.5999999999999996
21,Female,Medium,Average,23.0,218.0,2.8,6.3,9860,1356,61.0,2.1,5.3,Low,0.5999999999999996
62,Male,High,Average,26.8,488.0,2.1,9.2,16708,1836,61.0,1.5,3.9,Medium,2.5
37,Female,Medium,Average,32.9,131.0,2.8,10.2,7648,2055,76.0,2.1,4.1,Low,1.4000000000000004
34,Male,Medium,Unhealthy,24.7,174.0,4.0,4.6,7670,1800,64.0,1.4,4.9,Low,1.2000000000000002
24,Female,High,Healthy,29.4,273.0,2.6,9.1,10899,2062,63.0,1.6,3.8,Low,1.4000000000000004
21,Male,Medium,Unhealthy,31.7,110.0,3.7,10.5,8791,2053,72.0,1.9,3.3,Low,2.0
46,Female,High,Average,29.1,127.0,1.6,9.6,9850,1916,74.0,2.0,4.1,Low,1.5
31,Female,Medium,Healthy,24.9,210.0,1.8,3.0,9663,1805,65.0,1.5,4.1,Low,1.5999999999999996
20,Male,High,Healthy,27.6,134.0,0.8,2.4,15256,2327,54.0,2.1,4.4,Low,1.2999999999999998
41,Female,High,Average,19.9,0.0,4.1,5.9,13204,1407,50.0,1.8,4.2,Low,0.5
54,Female,Medium,Healthy,21.9,102.0,1.1,6.0,8870,1341,59.0,1.5,3.2,Low,2.0
33,Male,Medium,Unhealthy,22.6,292.0,2.6,9.1,7317,1568,71.0,1.6,3.4,Medium,2.0999999999999996
21,Female,Medium,Average,21.7,400.0,3.3,8.0,8429,1402,69.0,1.1,1.6,Medium,2.8
41,Female,Medium,Average,21.7,388.0,2.8,4.3,10333,1550,63.0,2.0,4.6,Low,0.9000000000000004
51,Male,Medium,Average,20.8,64.0,3.5,7.9,8978,1290,58.0,1.3,4.3,Medium,0.9000000000000004
35,Female,Medium,Unhealthy,25.6,94.0,2.9,7.9,8786,1908,66.0,1.5,4.4,Low,1.0
48,Female,Medium,Average,27.7,106.0,2.4,2.0,9029,1635,70.0,1.8,5.2,Low,0.5999999999999996
36,Male,Low,Average,19.5,173.0,2.7,8.3,4517,1421,65.0,1.5,4.3,Medium,0.0
66,Female,Low,Average,21.8,69.0,3.4,9.9,3458,637,67.0,1.4,3.7,Medium,2.3
63,Male,Low,Unhealthy,30.5,317.0,3.8,4.9,1888,1902,82.0,1.7,3.3,Medium,2.3
36,Male,Low,Unhealthy,24.2,57.0,2.3,9.0,3216,1783,68.0,1.0,2.8,Medium,2.8
39,Female,Low,Healthy,29.8,50.0,1.6,5.5,3205,1440,75.0,1.9,4.6,Low,2.2
41,Other,Medium,Average,24.4,278.0,1.8,3.6,9110,1486,66.0,1.6,3.5,Low,1.2999999999999998
62,Male,High,Unhealthy,21.1,308.0,4.1,5.5,13804,1704,60.0,2.1,4.5,Low,0.9000000000000004
29,Male,Medium,Healthy,23.8,166.0,3.7,6.5,6374,1495,62.0,2.2,4.3,Low,0.20000000000000018
47,Female,Medium,Unhealthy,21.1,330.0,1.6,3.7,7670,1558,65.0,1.6,4.8,Low,1.2999999999999998
55,Female,Medium,Average,22.7,319.0,3.8,10.4,7358,1528,72.0,2.3,4.4,Medium,0.5
48,Female,High,Healthy,25.8,484.0,1.9,3.2,11243,1905,65.0,1.2,5.1,Low,0.5
53,Female,High,Average,27.0,309.0,3.0,5.6,18401,2773,54.0,1.6,4.3,Low,0.2999999999999998
65,Other,Low,Unhealthy,24.9,209.0,4.2,10.4,2812,1625,71.0,1.9,3.3,Medium,1.7999999999999998
62,Female,Low,Average,22.7,409.0,2.0,3.2,1506,1491,82.0,1.5,5.4,Medium,0.1999999999999993
53,Female,Medium,Average,22.4,413.0,1.7,9.1,8174,1227,71.0,1.5,3.7,Medium,1.4000000000000004
47,Female,Medium,Unhealthy,25.5,178.0,2.1,7.5,9036,1476,66.0,2.2,4.3,Medium,0.1999999999999993
66,Female,Medium,Healthy,22.8,96.0,4.6,3.9,6696,1508,55.0,2.8,5.8,Low,0.1999999999999993
50,Male,High,Average,30.5,123.0,2.7,6.1,14420,1851,60.0,2.8,4.4,Low,0.09999999999999964
35,Male,Medium,Average,29.8,262.0,1.7,6.5,5817,1599,80.0,2.1,4.5,Low,1.5
69,Female,High,Healthy,29.7,27.0,1.9,8.5,13311,2065,60.0,1.9,3.5,Low,0.5
66,Male,Low,Healthy,23.0,131.0,1.1,5.4,5627,1238,66.0,1.3,4.7,Low,0.5999999999999996
45,Male,Low,Average,21.2,379.0,2.9,8.6,3649,1160,78.0,1.2,2.6,Medium,2.5
64,Female,Medium,Healthy,25.3,300.0,1.5,7.1,6711,1360,72.0,1.6,3.5,Low,3.0999999999999996
62,Male,Medium,Average,22.6,0.0,3.1,4.8,8395,1560,58.0,2.0,4.3,Low,0.7999999999999998
50,Female,Low,Average,20.3,523.0,2.4,6.4,3245,1124,79.0,2.1,5.0,Medium,1.2999999999999998
34,Female,Medium,Average,24.8,376.0,3.5,7.3,6268,1515,75.0,2.4,4.3,Medium,0.40000000000000036
23,Female,Low,Average,23.4,112.0,3.2,7.2,2276,1401,70.0,2.4,4.6,Low,1.0
21,Female,Low,Healthy,27.8,0.0,2.6,6.9,4640,1612,69.0,2.0,3.7,Low,1.7000000000000002
37,Male,High,Healthy,27.7,12.0,1.9,12.2,16301,1970,51.0,1.6,2.6,Medium,0.7999999999999998
65,Male,High,Average,29.4,276.0,2.8,8.4,14000,1853,63.0,1.8,4.2,Medium,0.7999999999999998
64,Male,Medium,Unhealthy,20.0,496.0,2.8,8.8,7603,1393,65.0,1.2,3.6,Medium,2.0999999999999996
32,Female,Medium,Average,22.1,0.0,2.6,8.3,5164,1487,66.0,1.9,5.3,Medium,0.6999999999999993
23,Female,Medium,Average,20.1,155.0,2.8,7.5,8151,1030,57.0,2.1,4.0,Medium,0.5
64,Female,High,Average,23.3,71.0,2.7,11.5,14051,1322,51.0,2.0,4.3,Low,0.40000000000000036
31,Female,Low,Unhealthy,29.3,220.0,3.6,6.8,4621,1502,75.0,1.6,2.0,Medium,2.5999999999999996
56,Male,Medium,Healthy,31.3,118.0,1.7,12.2,7184,1595,71.0,0.8,1.7,Low,2.8
26,Male,Medium,Average,27.2,69.0,2.6,8.6,11708,1353,57.0,1.3,3.0,Medium,1.2999999999999998
43,Female,Low,Healthy,23.4,278.0,1.9,6.3,2373,1311,74.0,2.4,4.7,Low,0.2999999999999998
33,Male,Low,Average,29.6,122.0,2.7,5.2,3285,1379,78.0,2.4,5.8,Medium,0.9000000000000004
22,Male,Medium,Unhealthy,26.8,144.0,1.6,5.8,9716,1495,65.0,2.3,4.8,Low,1.2000000000000002
69,Female,Medium,Average,21.3,276.0,1.7,8.0,6730,1201,65.0,1.0,2.7,High,2.7
27,Male,Medium,Healthy,32.4,446.0,4.1,11.5,8222,1820,82.0,1.1,4.1,Low,1.7999999999999998
67,Female,High,Healthy,26.0,517.0,2.3,8.5,12402,1743,71.0,2.1,4.2,Medium,1.7999999999999998
20,Male,Medium,Unhealthy,25.1,268.0,1.6,6.0,7217,1263,69.0,1.3,4.6,Low,0.2999999999999998
30,Male,Medium,Average,21.6,186.0,2.4,6.2,5411,1493,66.0,1.8,4.6,Low,1.5999999999999996
60,Male,High,Unhealthy,29.7,397.0,3.3,6.6,16282,2192,69.0,1.6,4.7,Low,1.0999999999999996
66,Female,High,Average,27.1,375.0,3.5,3.6,16348,2091,59.0,1.4,4.1,Low,1.0999999999999996
47,Male,Medium,Unhealthy,27.5,332.0,1.3,5.9,9559,1669,69.0,1.3,3.3,Low,1.5
62,Female,Medium,Unhealthy,23.0,0.0,1.9,5.7,7141,1650,57.0,1.8,4.4,Low,0.0
23,Female,Medium,Average,28.3,381.0,2.7,13.9,8664,1859,75.0,1.1,1.8,Medium,3.2
34,Female,Medium,Average,28.6,253.0,2.5,9.3,11990,1947,62.0,2.0,3.7,Medium,1.5999999999999996
62,Male,Low,Average,22.3,65.0,1.2,4.3,4435,1492,64.0,1.9,4.5,Low,0.5999999999999996
68,Male,Medium,Healthy,19.3,99.0,1.3,3.1,5687,858,58.0,2.7,5.2,Low,0.0
36,Female,Low,Healthy,27.3,287.0,1.6,3.7,2718,1512,75.0,1.9,5.3,Low,1.2000000000000002
59,Female,Low,Average,18.7,0.0,1.1,10.5,2648,907,68.0,1.8,3.8,High,0.2999999999999998
52,Other,Medium,Healthy,25.6,181.0,2.1,3.6,10641,1560,63.0,1.5,3.4,Low,2.3
63,Male,High,Healthy,23.2,101.0,3.5,11.0,15182,1927,50.0,2.5,4.1,Low,0.5
68,Male,Low,Unhealthy,23.4,131.0,3.4,6.4,5954,1662,69.0,2.6,4.7,Low,0.20000000000000018
22,Male,Medium,Average,29.4,0.0,2.5,4.1,9133,1836,67.0,2.0,4.6,Low,1.2999999999999998
46,Male,Medium,Average,22.9,357.0,2.4,10.2,8348,1414,70.0,2.1,4.5,Medium,0.40000000000000036
54,Male,Low,Healthy,29.0,0.0,1.2,8.4,6275,1949,72.0,1.6,6.0,Low,0.1999999999999993
37,Female,Low,Healthy,33.2,225.0,3.4,9.3,3656,1609,86.0,1.4,4.2,Medium,1.7999999999999998
66,Male,Medium,Average,20.7,72.0,2.6,6.3,10723,1803,54.0,1.2,3.6,Low,0.5
27,Male,Low,Average,36.0,203.0,2.8,10.7,2900,1906,90.0,1.9,4.0,Medium,1.0
22,Female,Medium,Average,25.3,0.0,2.0,8.5,9583,1541,61.0,1.9,4.0,Medium,1.5999999999999996
53,Male,Medium,Average,25.2,282.0,2.5,4.4,11356,1721,61.0,2.3,4.7,Low,0.7999999999999998
23,Male,Low,Healthy,28.2,36.0,2.7,8.3,2173,1314,79.0,1.3,3.8,Low,1.7999999999999998
43,Male,Low,Average,25.2,347.0,3.5,8.9,3372,1320,80.0,1.4,3.4,Medium,0.7000000000000002
21,Male,Medium,Average,18.2,292.0,1.6,11.2,8332,1274,66.0,1.2,2.8,High,1.2999999999999998
56,Female,High,Average,29.5,420.0,3.0,8.5,11181,1900,71.0,2.2,4.7,Medium,0.40000000000000036
56,Male,Low,Healthy,17.5,228.0,3.6,9.8,3605,521,66.0,1.4,3.1,Medium,1.2999999999999998
67,Female,Medium,Healthy,23.3,322.0,4.5,8.5,11164,2106,63.0,1.0,3.4,Low,2.7
52,Male,Medium,Average,29.8,206.0,3.3,3.6,5937,2043,70.0,2.0,5.3,Low,0.5
18,Female,High,Average,23.6,111.0,2.8,9.1,13278,1478,58.0,2.5,5.7,Medium,1.4000000000000004
41,Female,Low,Unhealthy,22.2,359.0,2.7,7.3,4409,1162,73.0,1.1,3.2,Medium,1.5999999999999996
53,Male,Medium,Healthy,28.5,15.0,3.7,12.0,8930,1747,64.0,1.8,4.9,Low,0.9000000000000004
23,Male,High,Healthy,21.6,194.0,2.3,3.4,11405,1669,55.0,1.4,4.5,Low,0.3000000000000007
63,Female,Medium,Unhealthy,26.1,326.0,4.3,8.8,7420,1382,73.0,1.8,4.8,Medium,1.2999999999999998
61,Male,Medium,Average,24.3,57.0,2.4,10.8,8607,2027,60.0,2.0,4.1,Low,0.7000000000000002
37,Female,Medium,Average,27.5,206.0,1.8,6.7,10542,2157,66.0,1.3,3.6,Low,1.4000000000000004
41,Female,Medium,Unhealthy,26.9,423.0,2.7,7.5,8516,1564,73.0,1.1,3.4,Medium,2.3
42,Female,Medium,Unhealthy,23.6,120.0,1.8,5.8,10134,1796,64.0,1.4,4.0,Low,1.4000000000000004
53,Female,High,Average,23.8,139.0,2.2,9.5,12286,1756,59.0,1.9,4.8,Low,1.0
38,Male,Medium,Unhealthy,26.9,0.0,2.3,5.8,5559,1396,70.0,2.4,4.7,Low,0.5
41,Female,High,Unhealthy,23.9,261.0,1.7,3.7,16102,1875,56.0,2.7,5.4,Low,0.5
61,Male,High,Unhealthy,27.6,204.0,2.0,11.3,12677,2071,63.0,1.9,4.7,Low,0.40000000000000036
59,Female,Medium,Average,27.3,207.0,3.6,2.0,4760,1400,70.0,2.5,6.7,Low,1.4000000000000004
47,Male,Medium,Unhealthy,28.5,461.0,2.1,4.3,8360,1742,75.0,1.4,5.0,Low,1.0999999999999996
39,Female,Medium,Average,25.2,0.0,3.1,12.6,7358,1716,67.0,1.3,2.7,Low,1.5
45,Female,Low,Average,21.4,547.0,2.5,7.3,3557,846,73.0,0.9,2.0,High,3.0
24,Male,Low,Healthy,23.2,376.0,2.5,5.4,1434,986,79.0,1.4,4.1,Low,2.5
52,Female,Medium,Average,26.4,151.0,3.1,3.8,4982,1527,71.0,1.2,4.5,Low,1.5
45,Male,Low,Average,32.3,258.0,1.0,5.9,3178,1778,84.0,0.9,3.0,Medium,2.0999999999999996
31,Male,Medium,Average,23.1,97.0,2.9,7.7,6144,1381,64.0,1.2,3.1,Medium,1.4000000000000004
27,Male,Medium,Unhealthy,28.2,247.0,2.9,8.2,6861,1844,74.0,1.4,3.1,Medium,1.9000000000000004
33,Female,Medium,Average,23.7,522.0,3.2,7.8,9665,1551,66.0,1.4,3.8,Low,0.9000000000000004
33,Male,Low,Average,25.4,103.0,2.2,2.5,2403,1570,75.0,1.6,5.3,Low,0.0
48,Male,Low,Healthy,31.1,165.0,2.5,7.3,2641,1725,80.0,1.5,4.5,Low,0.5999999999999996
59,Female,Low,Healthy,28.1,86.0,0.5,7.8,3209,1309,76.0,1.9,3.4,Medium,2.3
42,Male,Low,Average,20.0,110.0,2.0,7.9,2554,1134,68.0,1.2,4.8,Medium,1.0
30,Male,High,Average,22.7,139.0,2.6,7.1,13353,1653,55.0,1.3,4.6,Medium,1.7999999999999998
23,Male,Medium,Healthy,30.0,35.0,3.7,3.9,10055,1767,65.0,1.8,5.3,Low,0.0
61,Male,Low,Healthy,25.6,160.0,4.0,4.7,3568,1119,69.0,1.4,4.3,Medium,1.4000000000000004
26,Male,Low,Average,20.4,208.0,2.2,10.0,4387,959,65.0,1.2,2.4,Medium,2.5
62,Male,Medium,Average,21.7,139.0,3.2,5.1,3357,1049,67.0,1.9,5.1,Low,1.2000000000000002
53,Other,Medium,Average,27.8,0.0,2.4,5.2,8163,1928,60.0,1.2,4.2,Low,1.0999999999999996
60,Female,Low,Healthy,29.0,176.0,1.2,6.3,6213,1633,72.0,1.7,3.9,Low,0.40000000000000036
37,Male,High,Average,25.1,192.0,3.0,4.0,14294,2071,60.0,1.3,4.2,Low,0.7000000000000002
35,Male,High,Average,34.9,484.0,4.0,8.6,14384,2115,71.0,2.0,4.0,Low,1.2999999999999998
60,Male,Low,Average,28.3,204.0,2.2,3.8,4428,1450,78.0,2.1,5.2,Medium,1.5
38,Female,Medium,Healthy,24.0,340.0,1.8,9.7,11136,1532,62.0,1.5,2.0,Low,2.0999999999999996
21,Male,Medium,Unhealthy,21.7,136.0,2.6,3.6,10707,1455,55.0,1.1,4.3,Low,1.4000000000000004
67,Male,Medium,Healthy,21.1,394.0,2.4,6.3,5956,1341,68.0,1.5,3.8,Low,1.7000000000000002
50,Female,High,Average,26.3,58.0,4.6,7.9,17607,2144,52.0,1.9,4.4,Low,0.0
44,Male,Low,Average,23.0,275.0,3.3,9.0,6064,1643,67.0,2.1,3.8,Low,1.2000000000000002
23,Female,Medium,Healthy,30.9,304.0,0.5,5.2,8052,2271,80.0,2.0,4.1,Low,2.2
32,Female,Medium,Average,27.5,524.0,2.4,10.5,9051,1524,75.0,1.1,1.5,High,2.2
35,Male,High,Unhealthy,20.3,112.0,4.0,7.5,5598,1258,59.0,2.2,4.4,Low,1.0
28,Male,Low,Average,30.0,373.0,3.2,2.5,2926,1745,88.0,2.2,4.8,Low,0.9000000000000004
37,Female,Medium,Average,22.7,207.0,2.8,7.5,6709,1627,69.0,1.1,2.4,Medium,1.9000000000000004
41,Female,Low,Average,29.5,475.0,2.1,7.0,5566,1901,82.0,1.1,4.2,Medium,1.4000000000000004
32,Female,Low,Healthy,26.9,178.0,3.9,3.6,3915,1585,75.0,1.7,4.5,Low,0.7999999999999998
65,Female,Medium,Unhealthy,25.2,203.0,2.7,5.0,8842,1763,66.0,2.4,5.5,Low,0.1999999999999993
24,Female,Low,Average,22.2,199.0,1.9,7.2,4134,1027,69.0,1.6,2.5,Low,2.3
38,Female,Medium,Healthy,24.6,9.0,2.5,8.2,12936,1605,55.0,2.0,4.6,Low,1.4000000000000004
59,Female,Low,Average,25.8,314.0,3.6,4.5,5494,1314,77.0,1.4,4.2,Low,0.0
43,Male,Low,Healthy,29.1,290.0,1.3,4.5,3973,1139,82.0,1.7,5.2,Low,0.9000000000000004
61,Male,Medium,Average,21.5,184.0,2.7,7.3,7471,1186,63.0,1.5,3.3,Low,1.9000000000000004
31,Female,Low,Healthy,23.9,464.0,2.6,4.9,2955,1106,79.0,1.3,4.2,Low,1.4000000000000004
54,Female,High,Unhealthy,25.2,134.0,1.3,6.5,11080,1516,63.0,1.6,4.2,Low,2.0
38,Male,Medium,Average,27.7,0.0,3.1,11.4,5606,1742,71.0,1.2,2.8,Medium,0.7000000000000002
35,Female,Medium,Unhealthy,21.4,485.0,2.7,6.9,9964,1315,65.0,1.7,3.9,Medium,2.3
22,Female,High,Average,19.7,351.0,3.2,9.6,11314,1606,50.0,1.3,3.8,Medium,1.2000000000000002
20,Other,Low,Average,27.7,293.0,3.4,3.9,4963,1270,78.0,2.1,4.0,Low,0.7999999999999998
40,Female,Medium,Unhealthy,18.9,149.0,2.5,5.1,6992,1093,63.0,1.1,3.8,Low,1.0999999999999996
43,Male,High,Average,30.1,251.0,2.1,5.0,11746,1896,67.0,1.3,2.8,Medium,2.5999999999999996
54,Male,Low,Average,24.4,10.0,1.4,4.2,3504,1597,65.0,1.4,3.5,Low,0.7000000000000002
41,Male,High,Healthy,18.8,166.0,2.0,2.6,19375,1727,50.0,1.3,3.9,Low,2.0999999999999996
66,Male,Low,Unhealthy,23.1,64.0,2.5,7.5,8556,1555,64.0,2.7,5.1,Medium,0.3000000000000007
36,Female,Low,Healthy,26.5,239.0,1.7,8.0,3450,1243,73.0,1.5,3.3,Low,1.5999999999999996
68,Female,Medium,Average,22.9,338.0,3.0,4.6,7083,1598,70.0,1.2,3.4,Low,1.9000000000000004
42,Female,Low,Average,25.1,42.0,1.8,5.1,5432,1460,66.0,1.2,2.7,Medium,2.3
38,Female,Medium,Healthy,28.0,308.0,1.1,7.2,8305,1381,73.0,2.0,4.4,Low,0.9000000000000004
29,Male,High,Healthy,24.2,229.0,2.0,7.1,12040,1831,64.0,2.3,5.1,Low,0.40000000000000036
58,Male,High,Unhealthy,21.3,302.0,2.6,9.6,15472,1742,54.0,1.1,3.5,Medium,1.2999999999999998
50,Male,Medium,Average,23.8,163.0,1.5,9.8,9535,1502,60.0,1.6,2.7,Medium,1.4000000000000004
21,Female,Medium,Average,31.7,95.0,2.0,6.8,7575,1673,79.0,1.5,4.4,Low,1.5
59,Male,Low,Healthy,17.5,0.0,2.1,4.5,6572,1369,59.0,2.0,6.6,Low,0.5
24,Male,Medium,Average,29.4,0.0,2.7,10.8,6358,1869,69.0,1.9,3.2,Low,1.5
39,Male,Medium,Average,26.0,124.0,3.0,7.7,6919,1365,67.0,2.5,4.9,Low,0.7999999999999998
50,Female,Medium,Average,28.7,0.0,2.1,9.5,7074,1728,67.0,2.3,4.8,Low,1.2999999999999998
34,Male,Medium,Average,22.8,432.0,1.7,6.1,11398,1454,64.0,1.9,4.5,Medium,1.5999999999999996
41,Female,Medium,Unhealthy,17.9,187.0,2.6,9.6,4046,801,66.0,1.6,5.9,Low,0.3000000000000007
45,Female,High,Healthy,21.2,318.0,3.8,10.2,13911,1545,58.0,2.3,4.0,Low,0.5999999999999996
60,Male,Medium,Unhealthy,19.4,200.0,3.4,3.6,11626,1266,52.0,1.8,3.9,Low,0.7999999999999998
58,Female,Low,Average,19.7,730.0,1.5,7.2,4533,928,76.0,1.3,3.6,High,1.5
56,Female,Medium,Average,27.4,639.0,2.4,9.7,3697,1469,87.0,1.0,2.1,High,3.7
66,Female,High,Average,28.1,64.0,1.8,8.3,13291,1906,53.0,1.1,3.9,Low,1.0999999999999996
51,Male,Medium,Average,23.3,0.0,3.0,8.8,7189,1638,65.0,1.7,4.4,Low,0.2999999999999998
23,Male,Low,Healthy,24.7,409.0,2.7,7.8,4054,1493,70.0,1.4,3.9,Medium,0.7000000000000002
63,Female,Low,Healthy,23.0,0.0,2.5,8.5,2426,1728,73.0,2.3,4.6,Low,1.0
23,Male,Medium,Healthy,24.2,152.0,2.0,8.1,4937,1458,76.0,2.0,3.4,Medium,1.2000000000000002
51,Male,Medium,Average,21.1,381.0,1.3,10.0,8593,1216,65.0,2.0,3.4,Medium,1.2999999999999998
18,Female,High,Healthy,26.6,257.0,2.3,5.2,10268,1907,68.0,2.4,5.7,Low,0.5
27,Female,Medium,Unhealthy,29.3,0.0,2.4,7.9,5948,1729,68.0,1.3,3.7,Low,2.0
38,Male,Low,Average,21.7,225.0,1.3,10.0,6036,1334,72.0,1.0,3.0,Medium,1.5999999999999996
19,Female,Medium,Average,25.5,230.0,2.8,5.3,5565,1418,64.0,1.7,4.7,Low,0.20000000000000018
39,Male,Medium,Unhealthy,26.0,138.0,1.9,8.3,6208,1922,72.0,1.3,3.0,High,1.7000000000000002
65,Male,Medium,Average,18.2,328.0,2.8,10.5,8772,935,57.0,1.9,3.5,Medium,1.4000000000000004
19,Female,Low,Healthy,17.8,371.0,2.7,6.7,4632,1238,65.0,1.2,3.7,Medium,2.5
27,Female,Medium,Healthy,25.6,176.0,2.3,7.2,9331,1679,66.0,2.3,4.4,Low,1.2000000000000002
51,Male,Medium,Unhealthy,28.2,427.0,2.2,7.9,9608,1885,73.0,2.0,3.6,Medium,2.0999999999999996
33,Male,Medium,Healthy,22.3,176.0,2.2,5.8,8667,1385,63.0,1.0,3.5,Low,1.5999999999999996
65,Female,High,Healthy,31.7,126.0,1.8,12.5,15824,2520,63.0,1.3,4.4,Medium,0.2999999999999998
68,Female,Medium,Average,27.9,403.0,2.8,4.7,7048,1853,80.0,1.6,4.4,Low,2.0
56,Female,Medium,Healthy,21.4,398.0,1.8,7.2,5764,1146,65.0,1.2,4.5,Low,0.5999999999999996
39,Male,Medium,Unhealthy,25.1,106.0,1.9,7.3,10715,1907,62.0,2.0,5.2,Low,0.3000000000000007
29,Male,Low,Unhealthy,34.9,85.0,2.9,2.0,5320,2017,81.0,1.7,5.3,Low,0.7999999999999998
41,Female,Medium,Average,20.0,464.0,2.3,4.9,7437,1180,66.0,2.2,5.6,Low,0.0
64,Male,Medium,Unhealthy,27.1,184.0,2.5,3.6,6671,1283,67.0,1.9,6.1,Medium,0.0
55,Female,Medium,Average,27.8,162.0,2.1,2.8,6191,1492,69.0,1.6,5.7,Low,0.8000000000000007
27,Male,High,Average,30.1,398.0,3.8,9.4,14681,2197,61.0,1.6,4.4,Medium,1.0999999999999996
52,Female,Low,Healthy,23.5,521.0,1.1,4.1,2994,1587,78.0,1.5,4.7,Low,0.5999999999999996
68,Male,Low,Unhealthy,29.5,210.0,3.9,9.4,3383,1448,81.0,2.0,4.3,High,1.5999999999999996
66,Female,High,Unhealthy,33.9,562.0,2.7,3.5,11749,2433,77.0,2.8,5.6,Low,0.09999999999999964
49,Male,High,Unhealthy,25.3,116.0,2.1,8.1,7507,1335,60.0,2.0,3.3,Medium,1.5
24,Male,Medium,Average,28.1,157.0,2.3,9.3,8780,2052,68.0,1.4,2.7,Medium,1.5999999999999996
38,Female,High,Average,22.6,300.0,3.5,8.4,15970,2132,57.0,1.6,4.5,Low,1.5
37,Female,Low,Healthy,25.1,77.0,0.7,3.9,3003,1555,69.0,1.7,6.1,Low,0.9000000000000004
43,Male,Low,Healthy,24.3,299.0,3.6,9.8,7909,1619,64.0,2.0,3.6,Medium,1.9000000000000004
21,Female,High,Healthy,28.2,122.0,2.7,8.4,14849,2182,54.0,2.0,4.1,Low,0.5999999999999996
63,Male,High,Healthy,29.8,0.0,3.3,2.0,14501,2002,56.0,2.6,6.4,Low,0.8000000000000007
69,Male,Low,Average,24.6,0.0,1.1,7.3,4580,1147,67.0,1.6,3.9,Medium,0.7000000000000002
39,Male,Low,Average,31.1,151.0,2.3,14.0,3110,1531,79.0,1.0,3.6,High,1.4000000000000004
32,Male,Low,Average,31.1,262.0,0.6,9.8,2533,2114,84.0,1.1,2.4,High,2.3
57,Male,Low,Average,28.4,0.0,3.5,5.8,2857,1301,75.0,1.2,3.4,Medium,1.0999999999999996
38,Male,Medium,Average,22.9,226.0,1.7,8.4,6909,1613,69.0,1.5,3.6,Medium,1.7000000000000002
32,Male,Medium,Average,22.6,227.0,1.7,6.0,9121,1472,62.0,1.8,4.7,Low,1.0999999999999996
39,Male,Medium,Unhealthy,21.8,174.0,1.0,9.5,7244,1308,65.0,1.4,4.0,Medium,0.2999999999999998
45,Female,High,Healthy,20.2,236.0,2.6,10.0,10215,1437,59.0,1.6,3.5,Low,1.5999999999999996
44,Female,Medium,Average,20.7,347.0,2.7,8.6,6575,1777,63.0,1.5,4.9,Low,1.5
57,Female,Low,Unhealthy,25.1,217.0,1.1,9.5,3313,1482,72.0,1.8,3.9,Medium,0.2999999999999998
43,Female,Medium,Average,29.6,164.0,3.8,9.8,8914,1772,71.0,1.6,3.0,Low,1.4000000000000004
66,Male,Low,Healthy,30.7,35.0,3.3,8.8,5098,1837,76.0,1.8,2.4,Medium,1.0999999999999996
19,Female,Low,Average,30.8,62.0,2.9,8.2,1899,1841,78.0,2.1,4.8,Medium,1.2000000000000002
42,Female,Medium,Average,25.6,199.0,2.7,5.3,7509,1736,70.0,2.1,4.2,Low,2.0
20,Female,Medium,Healthy,20.4,115.0,2.2,5.3,5440,1260,62.0,1.6,4.7,Low,1.0
25,Female,Medium,Average,20.8,420.0,3.1,8.1,8648,809,68.0,1.2,3.5,High,1.7000000000000002
61,Male,Low,Average,17.5,376.0,3.0,8.5,2969,704,75.0,1.8,2.1,Medium,2.7
50,Female,Medium,Unhealthy,20.7,320.0,2.4,7.0,6931,1679,67.0,1.2,3.2,Medium,2.2
59,Female,Low,Average,25.3,317.0,2.7,5.8,3674,1221,75.0,1.7,5.0,Low,0.5999999999999996
69,Male,Medium,Healthy,22.8,219.0,1.2,6.7,8571,1716,61.0,2.7,6.0,Low,0.1999999999999993
52,Male,Medium,Average,24.3,395.0,2.1,6.9,8110,1294,70.0,1.9,4.3,Low,2.0999999999999996
23,Female,Medium,Average,27.0,155.0,1.5,7.7,8786,1508,64.0,1.4,3.5,Low,1.7000000000000002
56,Female,Low,Average,23.8,517.0,1.5,6.4,5078,1529,75.0,1.9,4.3,Medium,1.2000000000000002
69,Female,Low,Average,20.5,58.0,2.9,9.9,3800,1487,62.0,1.9,3.3,Medium,1.5
40,Female,Low,Average,24.8,30.0,1.5,6.7,2446,1467,74.0,1.9,4.0,Low,0.7000000000000002
42,Male,Low,Unhealthy,21.4,0.0,3.1,5.4,1598,1205,66.0,2.0,4.4,Medium,0.5999999999999996
67,Male,Low,Healthy,23.9,16.0,3.3,6.8,2855,1037,69.0,1.5,3.9,Low,1.2000000000000002
60,Male,Medium,Unhealthy,30.4,0.0,2.5,4.2,8449,1432,63.0,1.9,4.5,Low,1.5999999999999996
36,Male,Medium,Unhealthy,23.9,232.0,2.0,12.0,5233,1317,69.0,1.8,2.8,Medium,2.4000000000000004
22,Male,Medium,Average,32.1,328.0,3.3,8.6,10147,2041,73.0,2.0,4.0,Low,1.7999999999999998
68,Male,Medium,Healthy,30.7,205.0,2.9,7.0,5898,1760,74.0,2.0,3.9,Low,1.5999999999999996
28,Female,Low,Unhealthy,22.7,0.0,3.5,10.5,3830,1730,65.0,1.1,3.1,Medium,2.0999999999999996
29,Female,High,Average,20.6,129.0,1.6,6.5,18428,1458,50.0,2.7,6.6,Low,0.9000000000000004
27,Male,Low,Healthy,24.8,326.0,2.3,6.9,3726,1328,72.0,1.3,4.6,Medium,1.0
25,Male,Medium,Average,29.6,148.0,2.3,5.2,5815,2046,69.0,2.2,4.2,Low,1.0
41,Male,High,Average,23.0,80.0,2.7,4.6,6469,1538,66.0,1.8,5.0,Low,0.40000000000000036
45,Female,Medium,Healthy,28.6,0.0,3.0,7.5,8812,1563,66.0,1.2,4.4,Low,1.0
58,Male,Low,Average,29.8,136.0,2.6,9.7,4465,1225,69.0,2.5,4.1,Medium,0.5999999999999996
53,Male,Medium,Average,21.9,94.0,3.6,4.8,9152,1382,62.0,2.3,5.9,Low,1.5999999999999996
54,Female,Low,Unhealthy,22.3,187.0,2.2,6.4,4169,1079,70.0,2.2,5.1,Medium,0.3000000000000007
38,Female,Medium,Average,27.9,271.0,1.7,6.5,6927,1583,73.0,2.4,4.8,Low,0.40000000000000036
25,Male,Medium,Average,25.6,157.0,2.0,8.9,6427,1994,70.0,1.4,3.3,Medium,1.5999999999999996
26,Male,Medium,Average,22.3,227.0,1.9,5.9,8083,1235,63.0,1.1,3.4,Low,2.5999999999999996
64,Male,Low,Average,23.6,270.0,2.1,8.9,5484,1269,69.0,1.7,4.2,Medium,0.40000000000000036
32,Female,High,Average,24.7,15.0,2.3,8.8,5121,1622,67.0,2.0,3.7,Medium,0.9000000000000004
65,Female,Medium,Average,18.7,482.0,2.3,5.3,9877,1388,62.0,1.3,4.8,Medium,1.5
63,Male,Low,Unhealthy,28.1,88.0,2.7,6.3,3564,1847,72.0,2.3,4.8,Low,0.5
57,Female,Medium,Average,23.1,277.0,2.1,7.2,7665,1625,68.0,2.4,4.8,Medium,0.7999999999999998
35,Male,Medium,Average,17.5,29.0,3.3,5.9,9390,1112,50.0,2.5,4.9,Low,0.40000000000000036
59,Male,Medium,Healthy,24.9,216.0,0.9,4.8,7658,1654,66.0,1.8,4.3,Medium,1.5
37,Male,Low,Unhealthy,22.0,222.0,0.7,10.7,4338,1296,71.0,2.1,3.2,Medium,1.7000000000000002
23,Female,Low,Average,31.8,448.0,3.3,2.5,1549,1299,93.0,1.2,3.7,Medium,1.4000000000000004
29,Male,Medium,Unhealthy,22.7,165.0,3.2,7.6,7445,1865,67.0,2.0,4.9,Low,0.2999999999999998
19,Male,Low,Average,20.6,394.0,3.5,10.4,4759,1008,65.0,1.4,2.5,High,2.0999999999999996
24,Male,Low,Healthy,27.0,243.0,3.0,5.0,3412,1464,76.0,2.4,4.6,Low,1.2000000000000002
33,Male,High,Unhealthy,22.4,477.0,2.5,7.1,13005,1545,58.0,1.2,4.7,Medium,1.0999999999999996
20,Female,Medium,Average,21.9,0.0,2.3,9.3,8328,1451,55.0,1.6,4.3,Medium,1.2000000000000002
20,Male,Medium,Healthy,20.8,0.0,2.6,6.9,11043,1597,52.0,1.4,3.9,Low,1.5999999999999996
44,Female,Medium,Unhealthy,19.2,191.0,1.4,3.1,8879,1220,56.0,2.1,4.0,Low,1.5999999999999996
67,Female,Medium,Average,31.9,353.0,4.5,9.4,10703,2239,66.0,1.2,3.7,Medium,2.0999999999999996
60,Female,High,Average,27.3,416.0,1.7,5.0,13708,1777,66.0,1.8,4.7,Low,0.5999999999999996
57,Female,Low,Unhealthy,23.9,310.0,2.4,11.5,1000,1128,78.0,1.1,3.0,High,2.5
55,Male,Low,Average,25.0,156.0,3.7,4.6,3357,1040,76.0,2.6,5.3,Low,0.5999999999999996
50,Female,Low,Healthy,27.0,281.0,2.2,8.1,2784,1507,78.0,1.2,3.7,Medium,0.5999999999999996
45,Female,Medium,Average,28.9,577.0,2.2,4.8,7873,2063,73.0,1.7,3.6,Low,2.8
54,Male,Medium,Average,23.0,135.0,2.9,7.1,6659,1198,64.0,1.3,3.0,Medium,2.0999999999999996
49,Other,Low,Average,24.2,360.0,3.8,11.1,4323,1111,79.0,1.0,1.9,High,3.7
65,Female,Medium,Average,25.6,335.0,1.8,10.6,8739,1907,70.0,1.0,3.0,Medium,1.5999999999999996
60,Female,High,Healthy,25.0,108.0,2.7,5.1,14106,1780,56.0,1.3,3.4,Low,1.0
54,Female,Medium,Healthy,27.9,316.0,4.7,7.1,5073,1403,73.0,2.3,3.9,Low,1.2000000000000002
21,Female,Low,Average,26.9,323.0,3.0,4.1,5340,1611,77.0,2.3,4.4,Medium,0.2999999999999998
47,Male,Low,Average,19.0,310.0,3.3,3.5,4929,1213,65.0,1.6,4.1,Medium,1.7000000000000002
23,Male,Low,Average,19.6,193.0,1.9,5.3,3713,1317,67.0,2.7,5.2,Medium,0.2999999999999998
63,Male,Medium,Unhealthy,23.5,384.0,3.7,11.2,4377,1283,75.0,2.1,4.2,Medium,1.0
36,Male,Medium,Average,32.3,59.0,1.9,2.8,8604,1687,70.0,1.9,4.5,Low,0.9000000000000004
49,Female,High,Average,21.6,201.0,1.8,8.4,12416,1521,57.0,1.4,2.5,High,2.4000000000000004
26,Male,Medium,Healthy,24.2,216.0,3.7,8.2,6900,1482,73.0,1.4,3.0,Medium,2.2
29,Male,Medium,Healthy,22.9,375.0,2.0,5.1,7843,1684,71.0,2.8,6.0,Low,0.6999999999999993
28,Female,High,Average,22.8,55.0,2.5,8.6,18365,1572,50.0,1.8,5.0,Low,0.7000000000000002
63,Female,Medium,Average,25.7,236.0,3.8,8.6,8293,1541,75.0,1.8,4.2,Low,0.5999999999999996
33,Male,Low,Average,30.6,126.0,1.8,6.9,3834,1742,84.0,1.4,3.5,Medium,1.0
18,Male,Medium,Average,26.8,216.0,2.3,6.6,6957,1927,75.0,1.5,3.7,Low,2.5
62,Male,Medium,Average,21.8,258.0,2.0,6.4,8062,1278,61.0,1.1,4.1,Low,0.7999999999999998
38,Female,Medium,Healthy,36.0,8.0,2.2,4.9,7997,1957,72.0,1.4,4.3,Low,1.0
47,Male,Low,Average,25.3,389.0,2.5,7.4,4904,1594,71.0,2.1,4.2,High,0.09999999999999964
30,Female,Low,Average,22.7,264.0,3.6,5.7,3202,807,75.0,1.3,4.0,Medium,1.7000000000000002
51,Male,Low,Average,30.6,71.0,3.8,7.4,2781,1527,81.0,2.1,4.7,Medium,0.40000000000000036
21,Male,Low,Average,23.1,148.0,2.6,5.5,3335,1406,72.0,1.7,4.9,Low,0.5
45,Female,High,Average,31.7,424.0,1.9,5.4,13738,2205,67.0,1.9,4.5,Medium,2.0
48,Male,Medium,Average,30.7,55.0,2.5,10.2,7980,1526,70.0,1.3,2.7,Medium,1.5
44,Male,Medium,Average,25.8,82.0,2.5,3.6,6018,1275,67.0,2.0,6.2,Low,0.40000000000000036
22,Female,Medium,Average,30.2,293.0,1.7,11.4,7829,2091,77.0,1.6,3.8,Low,1.4000000000000004
42,Female,High,Average,32.6,311.0,1.2,8.9,16050,2253,65.0,2.0,3.7,Medium,0.9000000000000004
20,Male,Medium,Healthy,20.5,254.0,2.5,3.1,10544,1403,58.0,2.0,3.8,Low,1.0999999999999996
42,Female,High,Healthy,20.8,153.0,3.7,8.6,13525,1483,55.0,1.9,4.1,Low,0.0
51,Female,High,Average,27.0,437.0,3.4,7.6,13670,1686,62.0,1.2,3.9,Medium,0.7000000000000002
43,Female,Low,Average,25.1,273.0,2.7,10.0,5300,1633,73.0,0.9,2.6,High,2.3
22,Male,Low,Average,24.3,82.0,3.0,7.5,3956,1702,69.0,2.0,4.1,Medium,1.7000000000000002
52,Male,Low,Healthy,25.6,220.0,2.1,9.4,1000,1443,74.0,0.9,3.5,Medium,1.9000000000000004
45,Male,Medium,Average,27.4,204.0,3.4,7.7,9328,1496,67.0,2.0,4.0,Medium,1.9000000000000004
46,Male,Medium,Healthy,27.7,147.0,2.7,7.0,9932,1946,67.0,1.4,4.1,Low,0.7999999999999998
26,Male,Low,Average,29.4,235.0,2.3,8.9,3507,1512,74.0,1.6,2.8,High,1.7999999999999998
69,Female,Medium,Average,32.3,60.0,2.7,6.6,5685,1737,79.0,2.3,4.5,Low,1.0999999999999996
55,Female,Low,Average,24.9,331.0,1.9,10.6,6282,1523,72.0,1.3,3.6,High,2.0999999999999996
67,Female,High,Average,22.9,199.0,2.3,6.2,13562,1638,61.0,2.0,3.9,Low,1.5
23,Male,Low,Average,27.5,0.0,2.5,8.4,3484,1421,76.0,1.8,4.0,Medium,1.2999999999999998
36,Female,Medium,Average,20.4,165.0,2.1,5.2,8897,1513,64.0,1.9,3.5,Medium,0.0
61,Female,Medium,Healthy,22.3,107.0,3.7,3.1,13472,1676,51.0,1.5,5.9,Low,0.09999999999999964
28,Female,Medium,Average,29.0,0.0,2.2,7.9,8968,1426,68.0,1.4,4.1,Low,0.5
19,Male,Low,Healthy,24.5,176.0,4.2,2.5,4267,1600,71.0,1.8,5.6,Low,0.5999999999999996
64,Male,High,Average,20.2,355.0,2.6,12.4,14209,1818,59.0,2.0,3.5,Medium,1.9000000000000004
61,Male,Medium,Unhealthy,19.0,183.0,2.3,6.1,11308,1522,58.0,1.3,4.1,Low,1.2999999999999998
61,Male,High,Average,25.2,306.0,2.1,6.8,15581,2015,63.0,2.5,5.3,Low,0.0
26,Female,High,Average,29.6,201.0,2.8,6.2,16591,2099,58.0,1.3,3.7,Low,0.5999999999999996
38,Male,Medium,Average,29.5,131.0,3.2,7.4,8607,1580,66.0,1.9,4.6,Low,1.7999999999999998
41,Male,High,Average,25.4,90.0,0.5,7.9,15607,1929,51.0,1.1,4.0,Low,1.5
51,Female,High,Average,33.0,7.0,2.5,4.9,13164,2486,66.0,1.4,4.6,Low,0.7999999999999998
39,Female,High,Healthy,24.6,338.0,0.9,2.0,14507,1864,55.0,1.7,6.5,Low,0.6999999999999993
20,Male,High,Unhealthy,24.4,309.0,3.3,4.2,11941,2029,63.0,2.4,5.2,Low,0.40000000000000036
29,Female,High,Healthy,17.5,158.0,3.3,5.8,12475,1715,50.0,2.1,4.7,Low,0.20000000000000018
47,Male,Low,Average,28.4,270.0,2.7,7.5,2944,1445,80.0,1.9,4.4,Medium,1.9000000000000004
43,Male,High,Unhealthy,31.3,64.0,1.4,8.9,14391,2054,64.0,1.6,2.9,Low,2.7
65,Female,Medium,Unhealthy,21.7,221.0,2.1,2.9,7264,1350,68.0,0.9,3.5,Low,2.0
38,Female,Low,Unhealthy,26.8,0.0,2.0,4.8,2313,1237,72.0,1.8,4.7,Low,0.5
45,Male,Medium,Average,29.2,213.0,2.1,5.9,8455,1909,68.0,1.6,4.6,Low,0.40000000000000036
43,Female,Medium,Average,25.0,180.0,3.2,10.8,9550,1823,63.0,2.4,4.5,Medium,0.20000000000000018
50,Male,Medium,Healthy,17.5,0.0,3.5,13.8,5369,719,54.0,1.0,2.1,Medium,1.2999999999999998
38,Female,Low,Average,26.0,442.0,3.0,3.6,4913,1853,79.0,1.1,3.5,Medium,0.7000000000000002
52,Male,Low,Unhealthy,28.0,151.0,2.2,9.7,2327,1387,78.0,1.1,2.6,Low,2.3
69,Male,Medium,Average,21.2,161.0,1.9,7.2,10711,1429,53.0,1.1,3.3,Low,2.3
51,Female,Medium,Healthy,24.0,280.0,2.6,8.4,9134,1626,64.0,1.4,4.9,Medium,0.5999999999999996
58,Female,Medium,Healthy,20.4,192.0,2.7,3.7,5369,1067,69.0,1.3,5.1,Low,0.5
68,Male,Medium,Average,17.5,254.0,2.3,10.4,9705,1145,56.0,1.8,4.7,Medium,1.5999999999999996
64,Male,Medium,Healthy,29.1,28.0,2.0,2.0,6773,1559,68.0,1.3,4.6,Low,0.7000000000000002
35,Male,Low,Average,25.0,178.0,3.0,3.7,2551,1351,73.0,2.4,6.0,Low,0.6999999999999993
28,Male,Low,Average,31.4,0.0,3.1,6.3,5082,1656,75.0,1.6,4.0,Medium,1.2999999999999998
40,Female,Medium,Average,28.4,164.0,1.5,5.5,10413,1911,72.0,2.7,6.7,Low,0.3000000000000007
65,Female,Medium,Healthy,23.6,416.0,2.2,7.1,8952,1274,65.0,1.3,4.0,Low,1.5
39,Male,Low,Unhealthy,24.7,0.0,3.1,5.3,3442,1461,73.0,2.0,2.9,Medium,2.2
34,Male,Medium,Average,27.3,147.0,3.3,6.1,8339,1473,67.0,2.0,4.4,Low,0.40000000000000036
22,Female,High,Average,28.9,0.0,2.6,6.5,12253,2137,65.0,2.6,4.3,Low,0.2999999999999998
61,Male,High,Average,26.3,201.0,2.8,6.4,13476,2016,56.0,2.0,5.1,Medium,0.9000000000000004
28,Female,Medium,Average,29.4,269.0,2.7,7.4,8816,1394,77.0,1.3,3.4,Low,1.2000000000000002
47,Male,Low,Unhealthy,23.8,257.0,3.3,9.2,1860,1432,81.0,0.9,2.4,High,3.5
32,Female,Low,Unhealthy,21.0,109.0,1.6,5.1,4669,714,70.0,1.3,4.3,Low,0.5999999999999996
44,Female,Low,Healthy,24.7,0.0,2.7,10.4,1881,1075,71.0,1.6,3.4,Low,1.0
52,Female,Low,Healthy,25.8,13.0,1.8,7.1,2089,1580,73.0,1.9,4.6,Low,0.6999999999999993
37,Male,Medium,Healthy,19.7,331.0,1.7,6.1,6311,1549,62.0,1.2,3.8,Low,1.5
33,Female,Low,Unhealthy,26.8,186.0,2.8,4.8,2513,1582,79.0,2.5,5.2,Medium,0.09999999999999964
51,Female,High,Average,23.4,224.0,1.8,7.2,13113,1608,57.0,2.7,5.6,Low,0.40000000000000036
19,Male,Medium,Average,24.3,45.0,3.1,13.4,6817,1372,66.0,1.7,2.2,Medium,1.4000000000000004
52,Male,Medium,Average,23.6,393.0,2.9,3.6,8462,1819,69.0,1.9,4.1,Low,0.9000000000000004
57,Male,High,Average,31.1,92.0,2.7,8.7,14523,2040,58.0,1.7,4.4,Low,0.9000000000000004
45,Male,Medium,Healthy,30.0,265.0,4.1,7.4,6028,1369,73.0,1.6,3.0,Low,2.3
64,Male,High,Unhealthy,20.1,0.0,1.9,8.0,8867,1174,58.0,2.6,4.4,Low,0.5
56,Female,Low,Healthy,22.9,173.0,3.2,4.0,3695,1317,71.0,1.6,4.5,Low,1.5
23,Male,Low,Unhealthy,28.4,387.0,3.4,8.1,5650,1488,77.0,1.9,3.7,Medium,1.7999999999999998
26,Female,Medium,Healthy,27.4,57.0,3.2,7.7,7868,2162,68.0,2.6,5.4,Low,0.09999999999999964
37,Male,Medium,Average,24.8,312.0,2.0,3.3,7304,1402,74.0,2.1,3.2,Low,2.0
18,Male,Low,Healthy,20.4,37.0,2.3,7.3,6595,1158,63.0,2.4,3.6,Medium,1.0999999999999996
25,Female,Medium,Average,22.3,64.0,2.0,6.4,9505,1298,59.0,1.7,5.1,Medium,0.3000000000000007
40,Female,Low,Average,22.9,198.0,2.3,6.1,1408,1377,75.0,1.6,4.0,Low,2.2
21,Male,Medium,Average,31.8,155.0,2.2,9.7,8446,2090,72.0,1.6,3.4,Medium,2.4000000000000004
64,Female,Medium,Average,20.9,371.0,2.2,4.4,7414,1414,66.0,1.7,4.9,Low,0.40000000000000036
55,Female,High,Average,24.6,84.0,2.6,8.2,14063,1854,53.0,2.9,4.3,Low,0.40000000000000036
32,Male,Medium,Average,29.1,0.0,1.9,6.9,7552,1516,67.0,2.1,5.6,Low,0.40000000000000036
38,Female,High,Healthy,19.2,146.0,2.5,5.5,10367,1071,52.0,1.4,4.0,Low,0.5
52,Female,Low,Healthy,30.8,390.0,3.2,3.9,6202,1488,83.0,1.7,5.4,Low,0.5
63,Male,Medium,Average,24.3,78.0,2.9,9.0,8533,1570,61.0,1.6,3.7,Medium,0.5999999999999996
69,Female,Medium,Unhealthy,22.1,352.0,3.6,5.6,6281,1817,69.0,1.1,3.3,Low,2.3
31,Female,High,Unhealthy,18.6,160.0,1.5,9.3,16628,1481,50.0,1.0,2.7,Medium,1.7000000000000002
53,Male,Medium,Average,27.8,463.0,1.9,4.3,7837,1908,80.0,1.9,4.1,Low,2.5999999999999996
29,Male,High,Unhealthy,24.3,536.0,2.2,12.0,16975,1999,59.0,1.4,3.2,Medium,1.5999999999999996
34,Male,Low,Unhealthy,25.7,354.0,3.7,13.6,3843,1445,76.0,1.5,1.7,High,2.3
56,Male,High,Average,21.4,0.0,2.7,8.4,9571,1404,58.0,1.9,4.9,Low,0.09999999999999964
52,Male,Low,Average,23.1,209.0,3.4,5.9,5711,1293,64.0,2.2,5.0,Low,0.7000000000000002
30,Female,Low,Healthy,24.6,335.0,2.6,5.6,5549,1573,77.0,2.2,4.9,Medium,1.2999999999999998
32,Female,Medium,Average,22.3,275.0,3.2,10.0,5341,1500,69.0,1.6,3.8,Low,0.5999999999999996
35,Female,Medium,Average,18.9,91.0,3.8,7.4,10786,1291,55.0,2.0,3.5,Medium,2.2
68,Female,Low,Average,35.9,0.0,1.7,3.6,5538,1928,80.0,2.4,5.5,Low,0.2999999999999998
50,Male,Low,Healthy,19.5,339.0,3.8,7.2,3048,980,72.0,1.2,3.0,Medium,1.5999999999999996
44,Female,High,Average,17.9,99.0,2.2,6.5,7391,1366,59.0,1.6,3.4,Low,0.7999999999999998
44,Male,Medium,Unhealthy,25.4,590.0,1.5,10.6,7577,1410,78.0,0.9,2.5,High,3.5999999999999996
51,Female,Medium,Average,25.7,171.0,2.5,7.7,8618,1506,62.0,1.5,2.9,Medium,0.5999999999999996
55,Male,High,Average,26.6,283.0,1.7,5.9,14416,2171,61.0,1.4,4.6,Low,2.3
31,Female,Medium,Unhealthy,24.4,157.0,2.0,11.3,6063,1264,67.0,1.8,3.6,Medium,1.2000000000000002
53,Female,Medium,Healthy,21.2,400.0,3.4,5.2,8647,1226,69.0,1.7,4.0,Low,0.9000000000000004
25,Male,High,Average,31.0,139.0,2.4,5.0,19049,2362,53.0,2.9,6.2,Low,0.8000000000000007
52,Male,High,Unhealthy,28.7,195.0,1.7,5.8,15318,2296,63.0,1.2,3.6,Medium,0.40000000000000036
47,Male,Medium,Average,25.2,164.0,3.1,8.3,6518,1538,64.0,2.3,3.9,Low,0.5
31,Male,Medium,Average,25.6,48.0,2.5,10.1,7286,1789,65.0,1.6,3.0,Medium,1.0
37,Female,Medium,Healthy,23.6,251.0,1.5,7.0,5375,1354,71.0,0.9,3.5,Low,2.2
42,Male,Medium,Unhealthy,28.3,346.0,1.8,3.5,7859,2013,77.0,1.8,5.4,Low,0.2999999999999998
57,Male,Low,Average,24.2,69.0,3.3,7.2,4831,1319,69.0,1.8,4.1,Low,1.5999999999999996
41,Male,Medium,Healthy,23.9,467.0,3.3,11.4,6288,1700,73.0,1.7,2.2,Medium,2.4000000000000004
31,Other,High,Average,31.0,405.0,1.9,10.5,17587,2223,61.0,1.0,2.2,Medium,2.8
43,Male,Medium,Average,28.7,280.0,2.3,4.3,6878,1493,69.0,1.7,4.5,Low,0.20000000000000018
55,Female,High,Average,25.3,0.0,3.1,5.9,13730,1925,56.0,2.0,4.3,Low,0.9000000000000004
40,Female,High,Average,18.5,105.0,2.4,14.0,16836,1475,50.0,1.6,3.2,Medium,0.7000000000000002
39,Male,Medium,Average,26.4,65.0,3.2,8.0,7373,1380,67.0,1.7,4.2,Low,0.2999999999999998
65,Other,High,Average,27.8,84.0,2.4,10.8,15882,2418,58.0,2.3,4.4,Medium,0.2999999999999998
36,Female,Low,Unhealthy,17.5,436.0,2.9,11.0,4858,1153,76.0,1.8,3.3,High,1.9000000000000004
63,Female,Medium,Unhealthy,26.0,177.0,2.2,4.2,6652,1502,69.0,2.2,4.8,Low,0.0
68,Male,Medium,Healthy,23.3,101.0,1.9,8.8,6705,1373,61.0,1.6,3.8,Low,1.2000000000000002
20,Female,Medium,Average,24.1,87.0,3.4,7.5,10444,1928,60.0,1.8,5.4,Low,0.09999999999999964
59,Female,Low,Average,21.4,120.0,1.3,11.4,5979,1630,58.0,1.3,2.7,High,1.7999999999999998
36,Other,Low,Healthy,24.4,279.0,2.0,11.9,4938,1308,71.0,1.2,2.6,Medium,0.7999999999999998
26,Male,Low,Average,30.6,0.0,2.4,4.9,2698,1690,77.0,1.2,4.4,Low,0.2999999999999998
45,Female,Medium,Average,23.2,214.0,3.2,14.0,9736,1475,62.0,2.0,3.4,Low,1.9000000000000004
37,Male,High,Healthy,28.9,263.0,1.8,7.4,13165,2125,68.0,1.3,4.3,Low,0.7999999999999998
24,Male,Low,Healthy,28.0,0.0,1.4,2.0,3044,1135,71.0,1.5,5.8,Low,0.5999999999999996
31,Female,Medium,Healthy,25.0,192.0,2.9,9.5,7552,1345,71.0,1.9,4.6,Low,1.2000000000000002
26,Male,Low,Average,26.4,416.0,4.0,2.0,5629,1753,80.0,1.8,5.2,Medium,1.7999999999999998
36,Female,Medium,Average,25.0,380.0,0.9,6.6,6394,1361,70.0,1.9,3.9,Low,1.7999999999999998
69,Male,High,Healthy,17.5,411.0,3.2,8.2,12551,1451,50.0,1.1,3.0,Medium,1.5999999999999996
31,Female,Low,Unhealthy,19.3,152.0,4.9,7.4,3817,975,67.0,2.4,5.3,Low,0.2999999999999998
55,Male,Low,Healthy,26.7,150.0,3.0,8.5,5009,1504,75.0,2.7,4.6,Low,0.0
53,Male,Low,Average,17.5,214.0,1.9,10.1,4855,944,61.0,1.2,3.4,Medium,1.9000000000000004
57,Female,Medium,Healthy,22.9,325.0,2.4,4.5,3500,1208,73.0,1.4,4.4,Low,1.5
34,Female,High,Unhealthy,24.8,108.0,1.5,6.5,12932,1400,59.0,2.8,5.2,Medium,0.3000000000000007
47,Female,Medium,Healthy,21.7,140.0,3.1,4.9,8247,1391,62.0,2.3,4.0,Low,0.5
26,Female,Medium,Unhealthy,22.2,12.0,3.3,4.7,6259,1244,63.0,1.2,5.0,Low,1.7000000000000002
50,Male,Medium,Healthy,26.1,252.0,3.6,11.8,6439,1577,78.0,1.5,3.6,Medium,2.4000000000000004
69,Male,Low,Healthy,29.0,340.0,2.2,3.8,4936,1752,78.0,1.5,5.3,Medium,0.9000000000000004
42,Female,Low,Average,21.2,349.0,1.9,4.9,5024,1385,70.0,2.0,4.6,Medium,0.40000000000000036
31,Male,Low,Average,22.7,0.0,3.7,12.5,3734,1170,64.0,2.2,4.3,Medium,0.5999999999999996
28,Male,Medium,Unhealthy,22.1,142.0,3.6,6.7,8803,1328,64.0,1.8,5.2,Low,1.0
52,Female,High,Average,17.5,386.0,1.7,6.8,15389,1460,55.0,1.2,3.8,Medium,0.9000000000000004
58,Male,Medium,Average,25.6,234.0,2.2,8.0,5806,1731,72.0,1.7,2.7,Medium,3.2
31,Male,Low,Average,28.7,205.0,3.1,4.0,2374,1427,81.0,2.2,6.6,Low,1.1999999999999993
47,Female,Medium,Average,29.1,201.0,2.3,4.7,7213,1606,77.0,1.9,4.5,Low,1.5999999999999996
58,Female,Low,Average,21.5,281.0,2.5,5.5,2960,973,70.0,2.0,4.0,Medium,2.3
21,Female,Low,Healthy,20.0,242.0,1.3,9.6,3104,1225,70.0,1.1,3.7,High,0.7999999999999998
21,Female,Medium,Average,25.1,113.0,1.6,8.7,7809,1509,60.0,1.9,4.6,Low,0.0
45,Male,Medium,Average,28.3,332.0,2.4,5.4,7816,1526,74.0,1.2,5.0,Low,0.20000000000000018
25,Female,High,Average,25.6,19.0,1.9,6.7,6318,1373,66.0,2.3,4.0,Low,0.09999999999999964
19,Female,Medium,Unhealthy,26.2,398.0,1.6,8.9,8191,1771,75.0,0.9,2.2,High,3.2
58,Male,Low,Unhealthy,29.6,65.0,2.2,2.0,3622,1653,75.0,2.7,5.1,Low,0.09999999999999964
63,Male,Low,Unhealthy,22.0,282.0,1.8,7.8,4338,1139,69.0,2.5,4.9,Medium,0.2999999999999998
39,Female,Low,Healthy,24.1,175.0,2.5,8.9,3038,1441,77.0,2.0,3.3,Medium,0.9000000000000004
58,Female,Low,Healthy,31.5,128.0,3.3,4.7,3046,1903,80.0,1.3,3.8,Low,0.7999999999999998
33,Female,Low,Healthy,24.2,403.0,2.3,8.6,3414,1477,78.0,1.6,4.1,Medium,0.7999999999999998
46,Female,Medium,Unhealthy,19.9,311.0,2.2,7.0,10137,1441,64.0,2.6,4.7,Medium,0.5
66,Female,Low,Healthy,22.3,191.0,3.4,11.5,3374,1585,68.0,1.3,3.0,Medium,1.9000000000000004
47,Female,Medium,Average,26.4,346.0,3.1,8.5,9954,1730,66.0,2.0,3.8,Low,1.5999999999999996
29,Male,Medium,Healthy,21.4,79.0,0.5,3.3,7323,1564,63.0,2.0,5.2,Low,0.2999999999999998
52,Female,Medium,Average,26.1,0.0,2.1,7.2,6977,1714,68.0,2.3,3.9,Low,0.7999999999999998
63,Female,Medium,Average,17.5,407.0,1.8,5.7,7711,1503,55.0,1.2,3.7,Medium,2.0
67,Female,Low,Unhealthy,26.2,291.0,3.3,9.8,3161,1773,74.0,1.2,3.2,Medium,1.2999999999999998
38,Female,High,Average,25.6,436.0,2.1,9.3,16207,2167,60.0,1.2,3.2,Medium,0.7999999999999998
38,Female,Low,Average,27.1,110.0,1.4,7.4,3031,1602,71.0,1.8,4.1,Medium,1.5
22,Male,High,Average,22.3,182.0,2.7,6.3,16589,1967,50.0,1.4,3.7,Low,1.4000000000000004
54,Female,Medium,Unhealthy,31.1,315.0,3.3,9.8,4405,1473,82.0,1.2,3.9,Medium,0.7999999999999998
20,Female,Medium,Healthy,25.0,444.0,2.9,6.3,6919,1461,71.0,1.6,4.4,Low,0.7000000000000002
61,Female,Low,Unhealthy,26.7,476.0,2.9,8.1,2788,944,88.0,1.0,2.6,High,2.8
50,Male,Low,Healthy,23.7,449.0,2.9,5.8,2720,1373,76.0,1.0,3.6,Medium,1.5999999999999996
26,Female,Medium,Average,18.8,300.0,3.4,3.4,9966,1544,58.0,1.2,5.2,Low,0.7000000000000002
26,Female,High,Average,28.9,148.0,2.4,8.9,11805,2247,66.0,1.1,3.2,Medium,1.0
21,Male,Medium,Average,28.6,233.0,1.5,3.9,4068,1549,74.0,2.4,6.3,Low,0.3000000000000007
52,Female,Medium,Average,27.8,298.0,2.3,6.3,9129,1801,70.0,1.5,3.3,Low,2.4000000000000004
34,Female,Low,Healthy,24.3,220.0,1.2,7.9,6004,1452,68.0,1.8,4.0,Low,1.7999999999999998
51,Female,Medium,Average,27.4,62.0,1.7,5.3,8899,2087,68.0,2.3,5.0,Low,0.5999999999999996
41,Male,Low,Average,28.6,130.0,3.8,10.9,2994,1616,77.0,1.6,3.4,High,2.0
49,Female,Low,Healthy,31.5,330.0,1.6,11.9,4257,2116,81.0,1.4,1.3,Medium,2.2
18,Male,Medium,Average,29.0,163.0,1.6,5.0,6393,1954,74.0,1.8,4.2,Low,2.3
25,Other,Medium,Average,25.3,203.0,3.0,5.1,6056,1657,73.0,2.2,5.1,Low,0.0
40,Male,Low,Healthy,25.6,66.0,1.2,9.9,3914,1219,71.0,1.2,2.8,Medium,2.8
64,Female,Medium,Unhealthy,26.0,174.0,2.7,8.2,7594,1621,68.0,1.8,4.8,Medium,0.40000000000000036
57,Male,Low,Unhealthy,27.8,131.0,2.1,8.9,6507,1669,72.0,1.6,3.2,Medium,1.4000000000000004
29,Female,Medium,Average,24.6,41.0,2.3,4.7,9919,1843,66.0,2.1,4.1,Low,0.5
63,Female,Low,Average,33.4,184.0,1.4,8.3,7347,2000,81.0,1.5,3.3,Medium,1.5999999999999996
64,Other,Medium,Average,18.0,292.0,2.1,7.1,7052,1299,60.0,1.1,3.3,Medium,1.2999999999999998
32,Male,Medium,Average,26.7,368.0,3.0,8.1,8297,2006,78.0,1.6,3.6,Low,2.4000000000000004
58,Female,Medium,Healthy,21.8,0.0,4.1,9.9,9633,1320,50.0,1.7,4.2,Low,1.4000000000000004
36,Male,Medium,Average,17.5,440.0,2.8,6.6,8244,788,65.0,1.1,3.7,Medium,2.0999999999999996
43,Male,Low,Healthy,24.2,243.0,2.2,5.3,3584,1236,84.0,1.2,4.0,Low,0.5999999999999996
69,Female,Medium,Average,19.2,30.0,1.6,4.4,12687,1813,50.0,1.4,4.5,Low,0.5999999999999996
46,Male,Medium,Unhealthy,24.4,139.0,2.4,11.4,10396,1637,64.0,1.6,3.6,Medium,1.5
39,Female,Medium,Unhealthy,25.1,0.0,2.2,6.9,3796,1368,72.0,1.1,4.3,Low,1.5
57,Female,Medium,Unhealthy,29.5,0.0,2.7,3.6,10714,1800,63.0,2.2,6.0,Low,0.1999999999999993
38,Female,Medium,Unhealthy,19.0,458.0,2.5,10.5,11200,1396,61.0,1.3,3.7,Medium,1.5999999999999996
68,Other,Medium,Healthy,28.6,95.0,2.9,2.7,10390,1731,70.0,2.9,6.3,Low,0.5
55,Male,Medium,Average,25.4,280.0,2.2,3.1,9501,1551,64.0,2.3,5.8,Medium,0.5999999999999996
37,Female,Medium,Average,29.1,183.0,3.9,6.2,11101,2108,68.0,1.2,4.4,Low,1.0999999999999996
46,Female,Medium,Unhealthy,23.3,202.0,3.0,5.6,9765,2073,65.0,2.2,4.1,Low,0.5
68,Female,Low,Unhealthy,19.7,255.0,1.9,7.8,4868,1011,64.0,1.9,3.9,Medium,1.9000000000000004
21,Male,Medium,Average,20.1,0.0,3.3,2.2,8268,1228,57.0,2.4,5.0,Low,0.5999999999999996
24,Female,Medium,Average,19.8,397.0,1.6,7.8,5856,1112,69.0,1.6,3.1,Low,2.0
45,Male,Low,Average,26.9,185.0,1.8,10.2,1940,1740,76.0,2.5,4.5,Medium,0.40000000000000036
45,Male,High,Average,30.9,124.0,1.9,4.5,16318,2349,64.0,2.3,5.2,Low,0.2999999999999998
21,Female,Medium,Unhealthy,22.7,270.0,3.6,6.1,9510,1463,64.0,1.8,4.2,Medium,1.0999999999999996
39,Female,Medium,Unhealthy,27.5,91.0,2.4,5.0,7914,1591,65.0,1.6,3.7,Low,1.2000000000000002
29,Female,Low,Healthy,18.9,231.0,2.0,7.8,2715,1366,64.0,1.1,3.6,Medium,1.0
62,Female,Medium,Average,25.7,175.0,2.6,4.3,5739,1522,70.0,2.0,4.2,Low,0.7999999999999998
20,Female,Medium,Healthy,27.7,306.0,2.9,4.0,7275,1668,72.0,1.6,5.2,Low,0.09999999999999964
39,Male,Low,Unhealthy,19.2,167.0,3.8,6.6,5052,729,65.0,1.3,3.9,Low,1.0999999999999996
19,Male,High,Average,27.9,254.0,3.5,7.4,13926,1950,60.0,1.9,3.5,Medium,1.5
41,Female,Medium,Average,17.5,159.0,0.8,5.9,8575,1239,60.0,2.0,5.1,Low,0.9000000000000004
51,Male,Medium,Average,30.3,0.0,3.2,8.7,10251,1945,61.0,1.7,4.2,Low,0.5999999999999996
44,Male,Medium,Healthy,26.4,229.0,3.4,7.6,7872,1822,67.0,1.5,5.2,Low,2.0
58,Female,Low,Unhealthy,27.9,119.0,3.5,4.1,4553,1130,70.0,2.3,4.7,Low,0.5
18,Male,High,Average,23.3,251.0,3.0,2.0,16465,1584,54.0,1.2,5.4,Low,1.0999999999999996
25,Male,High,Healthy,18.1,71.0,1.6,8.3,17306,1989,50.0,1.1,2.6,Low,2.3
40,Female,Medium,Average,27.1,19.0,3.1,6.4,8108,1434,76.0,2.5,5.4,Low,0.5999999999999996
55,Male,Low,Average,24.7,377.0,1.6,4.2,3279,1213,80.0,2.7,5.6,Medium,0.40000000000000036
23,Male,Low,Average,25.1,326.0,1.7,11.1,4306,1677,71.0,1.1,1.3,High,3.5
42,Female,Medium,Unhealthy,28.0,265.0,2.2,10.2,8587,1755,70.0,1.2,4.1,Medium,0.7000000000000002
35,Female,Low,Average,32.7,321.0,2.7,7.6,5300,2165,81.0,1.4,2.9,Medium,3.0
34,Male,Medium,Average,25.6,198.0,1.9,2.0,11396,1620,62.0,1.8,5.6,Low,0.7000000000000002
29,Female,Medium,Average,22.2,18.0,2.8,9.9,9849,1396,59.0,1.5,3.4,Low,2.0999999999999996
23,Male,Low,Average,24.2,244.0,1.4,4.7,1000,1402,79.0,2.9,6.4,Low,0.5999999999999996
43,Female,Medium,Average,26.7,350.0,2.5,5.6,10783,1798,63.0,2.3,4.9,Medium,1.2000000000000002
44,Male,Low,Average,29.1,288.0,2.3,9.2,6200,1908,76.0,1.7,2.6,Medium,2.9000000000000004
25,Female,High,Unhealthy,19.1,208.0,3.3,12.1,11238,1275,52.0,1.3,3.6,High,0.40000000000000036
36,Female,Medium,Unhealthy,25.0,284.0,3.4,10.9,7198,1577,70.0,1.4,3.1,High,2.0
59,Female,Medium,Healthy,31.4,166.0,2.4,7.4,10878,1990,68.0,2.0,4.2,Low,1.0999999999999996
46,Male,High,Average,28.7,402.0,1.3,4.2,12237,1668,68.0,2.7,5.4,Low,0.09999999999999964
62,Female,Medium,Unhealthy,27.0,5.0,3.4,2.9,6497,1525,65.0,2.1,5.8,Low,0.09999999999999964
52,Female,Low,Average,21.8,535.0,3.9,7.8,5181,1547,74.0,1.0,1.9,High,2.2
57,Female,Medium,Average,21.8,278.0,3.2,3.4,7442,1501,65.0,1.0,4.6,Low,1.5999999999999996
31,Female,Low,Healthy,25.1,347.0,2.7,6.9,6142,1589,71.0,2.0,4.3,Medium,0.7000000000000002
37,Female,High,Average,32.1,139.0,2.8,6.1,12984,2407,67.0,1.4,4.1,Low,0.20000000000000018
66,Male,Low,Average,26.6,3.0,2.2,4.9,4747,1348,70.0,2.3,5.1,Low,0.5
30,Male,Low,Average,27.5,174.0,2.9,7.3,4808,1658,80.0,1.1,4.7,Low,0.5999999999999996
66,Male,Low,Average,21.1,5.0,2.4,9.3,6442,1311,61.0,2.5,4.2,Low,0.40000000000000036
63,Female,High,Unhealthy,24.3,226.0,2.2,11.0,20635,2009,50.0,2.5,4.7,Low,0.8000000000000007
66,Female,Low,Average,34.7,222.0,1.8,7.1,4616,2009,81.0,1.3,3.7,Medium,1.0
25,Male,High,Average,24.7,154.0,3.2,4.2,8275,1534,63.0,2.5,5.8,Low,0.1999999999999993
60,Female,Medium,Average,29.5,274.0,3.1,9.7,9753,1764,71.0,1.4,2.1,Medium,2.2
37,Male,Medium,Average,28.9,260.0,4.2,7.2,7478,1428,72.0,2.1,4.8,Low,0.7000000000000002
50,Male,Low,Healthy,19.1,144.0,2.6,3.8,1463,1057,65.0,1.8,4.4,Low,0.7000000000000002
43,Male,Low,Average,26.2,359.0,2.4,8.6,5036,1633,76.0,0.9,2.8,High,1.7999999999999998
56,Male,Low,Average,25.6,284.0,2.9,10.5,4659,1478,71.0,0.9,3.3,Medium,1.7999999999999998
38,Female,Medium,Unhealthy,26.3,436.0,2.3,8.0,6388,1555,79.0,1.9,3.7,Medium,2.4000000000000004
66,Male,Medium,Unhealthy,22.0,190.0,1.8,10.6,5628,1622,64.0,1.4,4.1,Medium,0.40000000000000036
59,Female,Medium,Average,20.5,151.0,2.6,5.8,10791,1780,54.0,2.7,6.0,Low,0.40000000000000036
60,Male,Medium,Average,23.1,168.0,2.9,5.2,9012,1729,62.0,1.3,3.8,Medium,1.5
58,Female,Medium,Unhealthy,24.6,376.0,2.9,9.1,6418,1553,68.0,1.6,3.2,Medium,1.2999999999999998
26,Male,Low,Unhealthy,29.7,177.0,2.9,6.1,4993,1704,75.0,2.7,5.3,Low,0.2999999999999998
41,Male,High,Unhealthy,32.3,186.0,3.4,10.0,12739,1913,63.0,1.1,3.4,High,1.7999999999999998
54,Male,Medium,Average,30.6,494.0,2.9,7.4,9089,1512,77.0,1.5,3.5,Medium,2.2
66,Male,Low,Healthy,28.4,0.0,2.7,10.0,4471,1873,69.0,1.4,3.9,Medium,1.5999999999999996
58,Male,Medium,Unhealthy,21.0,253.0,1.5,8.6,2871,1187,69.0,2.0,4.2,Medium,0.5
34,Female,High,Average,23.4,190.0,2.7,4.7,14324,2421,55.0,2.1,5.3,Medium,0.40000000000000036
41,Female,High,Average,25.8,162.0,2.4,2.0,13500,1713,57.0,1.5,5.0,Low,0.5
38,Female,Low,Average,22.5,56.0,1.6,9.0,2889,1325,70.0,1.7,3.2,Medium,1.4000000000000004
68,Female,Medium,Average,27.3,100.0,2.9,8.4,5471,1788,68.0,1.6,4.1,Medium,0.7999999999999998
56,Male,Low,Average,27.9,138.0,2.9,4.5,3673,1411,74.0,1.7,4.5,Medium,0.1999999999999993
56,Other,Low,Average,29.1,327.0,2.9,10.5,4977,1615,81.0,1.6,3.0,High,2.4000000000000004
30,Female,Low,Average,21.4,0.0,2.6,5.2,3782,1139,68.0,1.7,4.2,Low,2.2
28,Female,High,Average,28.7,19.0,2.3,2.2,14265,2085,55.0,2.3,5.8,Low,0.7000000000000002
63,Female,High,Unhealthy,22.2,282.0,3.9,9.4,14981,1720,53.0,2.0,4.0,Medium,1.5
36,Male,Medium,Average,21.2,294.0,2.6,10.2,7072,935,59.0,2.3,5.0,Low,1.4000000000000004
28,Male,Low,Average,27.1,0.0,0.5,5.2,2505,1477,73.0,1.6,4.9,Low,0.09999999999999964
30,Male,Medium,Average,29.9,331.0,0.6,8.9,12426,2066,68.0,1.7,4.5,Medium,1.5999999999999996
63,Male,High,Unhealthy,27.0,197.0,3.5,7.8,13766,1892,64.0,2.0,3.3,Medium,0.40000000000000036
62,Male,Medium,Average,25.1,312.0,1.0,6.7,7580,1887,69.0,1.9,4.6,Low,0.7999999999999998
18,Male,Low,Unhealthy,26.2,72.0,2.1,8.5,6120,1624,68.0,1.4,3.4,Medium,1.5
57,Female,Low,Average,25.5,0.0,1.5,5.7,6830,1552,64.0,1.3,4.4,Low,0.9000000000000004
61,Female,High,Healthy,20.5,153.0,2.3,4.2,18337,1940,50.0,2.2,5.6,Low,0.1999999999999993
36,Female,Medium,Healthy,20.0,160.0,2.8,8.0,7219,1742,62.0,1.3,4.3,Low,0.7999999999999998
29,Female,Medium,Average,24.7,151.0,2.0,7.7,8694,1554,65.0,0.9,3.4,Medium,2.2
25,Male,Medium,Average,25.3,141.0,1.8,2.0,9169,1842,70.0,2.3,5.8,Low,0.09999999999999964
25,Male,Medium,Average,25.0,453.0,3.1,4.0,12473,2116,60.0,1.6,3.9,Low,1.2000000000000002
62,Female,High,Average,27.7,0.0,4.6,5.3,15260,1949,50.0,2.4,5.2,Low,0.9000000000000004
29,Male,Medium,Average,24.1,73.0,2.9,8.3,8929,1327,64.0,1.5,3.2,Medium,1.2000000000000002
50,Male,Low,Unhealthy,24.4,203.0,3.2,6.2,2117,1574,73.0,0.9,3.7,Medium,1.7999999999999998
62,Male,Low,Average,32.3,306.0,3.9,11.8,6031,1799,83.0,1.0,2.8,High,1.7000000000000002
56,Male,High,Average,34.4,361.0,1.3,7.3,15341,2161,69.0,2.2,4.2,Low,0.0
45,Female,Medium,Healthy,26.4,272.0,2.9,6.8,10147,1676,69.0,1.4,3.4,Low,2.5
25,Male,Low,Average,21.4,0.0,2.5,7.1,5082,1245,65.0,1.2,3.5,Low,1.0999999999999996
42,Male,High,Average,19.2,372.0,2.2,6.5,15907,1424,50.0,1.1,4.1,Medium,1.2000000000000002
44,Male,Low,Unhealthy,21.0,362.0,3.1,7.4,4208,1151,68.0,2.5,5.1,Medium,0.1999999999999993
63,Male,High,Unhealthy,21.5,295.0,2.2,10.3,14627,1266,55.0,2.5,5.0,Medium,0.2999999999999998
40,Female,Low,Healthy,26.6,76.0,3.6,8.0,5374,1683,71.0,2.5,5.2,Low,0.09999999999999964
47,Female,High,Average,22.9,151.0,2.5,7.1,11184,1599,62.0,1.4,3.6,Medium,0.2999999999999998
62,Female,High,Average,25.7,140.0,2.3,9.9,10848,1948,60.0,2.2,3.3,Medium,0.7000000000000002
64,Male,Low,Unhealthy,30.1,46.0,3.0,5.7,4122,1651,75.0,2.2,4.8,Low,1.5999999999999996
40,Female,Medium,Healthy,24.6,238.0,2.8,2.0,8298,1202,70.0,2.4,6.6,Low,0.6999999999999993
66,Female,Low,Average,33.3,523.0,3.0,8.1,5086,1932,87.0,1.2,3.3,Medium,2.5999999999999996
64,Female,Low,Unhealthy,20.3,125.0,2.4,8.1,3666,1029,66.0,1.2,3.4,Low,0.7999999999999998
37,Female,Medium,Unhealthy,24.4,394.0,3.6,5.4,6444,1691,72.0,1.3,4.6,Medium,1.5999999999999996
35,Female,Medium,Average,22.8,67.0,3.3,6.3,9203,1465,61.0,1.8,4.6,Low,1.0999999999999996
35,Female,Medium,Healthy,28.7,0.0,2.5,10.1,10693,2265,64.0,1.4,3.5,Low,2.2
19,Female,Medium,Average,17.5,348.0,3.2,8.1,8730,1045,55.0,1.7,4.2,Medium,1.2999999999999998
21,Male,Low,Unhealthy,19.2,167.0,2.3,10.7,1819,1082,70.0,1.5,2.5,High,2.9000000000000004
47,Female,Low,Average,24.6,390.0,3.0,7.7,4413,1526,80.0,1.1,2.6,Medium,3.5
50,Male,Medium,Unhealthy,31.2,420.0,3.2,6.6,4137,1659,80.0,1.1,3.3,Low,2.0
53,Male,Medium,Average,25.9,158.0,2.7,8.8,7917,1345,68.0,1.2,4.7,Low,0.9000000000000004
35,Other,Medium,Average,19.6,401.0,1.8,7.9,3980,1099,72.0,1.3,3.3,Medium,2.5
54,Female,Medium,Average,20.2,68.0,1.5,8.1,7139,931,55.0,1.8,3.7,Low,2.5999999999999996
36,Male,High,Average,31.7,66.0,2.7,6.4,15533,2066,58.0,2.6,5.8,Low,1.1999999999999993
64,Male,Medium,Average,22.5,360.0,1.9,5.6,7429,1386,66.0,1.7,4.4,Low,0.40000000000000036
45,Male,Low,Average,21.2,0.0,3.3,5.7,5723,1489,62.0,2.0,4.5,Low,0.09999999999999964
37,Female,Medium,Healthy,29.0,387.0,3.6,8.6,5752,1599,76.0,1.2,2.7,Medium,1.2000000000000002
66,Female,Medium,Average,30.1,397.0,2.5,2.0,9801,1803,75.0,2.3,5.2,Low,0.40000000000000036
50,Female,Medium,Average,21.2,135.0,1.8,5.2,9378,1324,61.0,1.8,4.9,Low,0.40000000000000036
29,Male,Medium,Average,18.9,351.0,2.1,3.0,10547,1550,58.0,1.2,4.7,Low,0.40000000000000036
68,Female,Low,Unhealthy,25.5,31.0,2.3,5.8,5064,1180,65.0,2.4,5.3,Low,0.20000000000000018
32,Male,Medium,Average,26.3,99.0,2.9,5.5,8939,1503,64.0,2.3,5.1,Low,1.0999999999999996
58,Female,Low,Average,26.5,234.0,1.5,7.4,2510,1127,78.0,1.5,3.3,Low,1.2000000000000002
56,Female,Medium,Average,30.9,256.0,1.7,7.5,9626,2047,77.0,1.8,4.3,Medium,0.7000000000000002
19,Female,Medium,Average,18.1,42.0,2.2,12.3,7707,1516,57.0,2.1,3.4,Medium,1.0999999999999996
46,Male,Medium,Healthy,28.4,479.0,2.5,7.9,9612,1919,80.0,1.1,3.3,Medium,1.0
58,Male,Medium,Unhealthy,20.6,0.0,3.1,8.6,12460,1657,53.0,2.1,3.6,Low,1.5999999999999996
27,Male,Low,Healthy,28.4,208.0,2.7,3.4,5810,1547,78.0,2.6,5.7,Low,0.5
19,Female,High,Average,23.1,229.0,2.2,6.2,14855,1846,53.0,1.7,3.5,Medium,1.2000000000000002
68,Male,Medium,Average,21.7,0.0,2.7,4.3,8146,1260,61.0,2.0,4.6,Low,0.40000000000000036
28,Male,Medium,Healthy,22.6,398.0,2.6,8.5,7164,1301,69.0,1.5,3.1,Medium,2.2
30,Male,Low,Healthy,19.2,88.0,2.3,7.1,1000,992,75.0,2.1,4.6,Low,1.2000000000000002
27,Female,Low,Healthy,25.2,214.0,2.6,6.1,4069,1431,72.0,2.0,4.5,Low,0.2999999999999998
31,Male,Medium,Average,21.9,249.0,0.8,9.4,6972,1732,71.0,2.0,3.6,Medium,1.0
35,Female,Medium,Unhealthy,28.1,0.0,3.2,6.3,8643,1924,70.0,1.8,3.9,Low,1.5
68,Female,Low,Unhealthy,27.6,39.0,2.9,10.3,3225,1532,72.0,1.6,4.1,Medium,1.5999999999999996
26,Female,Medium,Healthy,31.8,434.0,3.7,10.3,8442,2269,80.0,2.2,4.8,Low,1.2999999999999998
56,Male,Medium,Average,26.5,190.0,1.9,5.4,10492,2225,60.0,2.8,5.8,Low,0.5999999999999996
45,Male,Medium,Unhealthy,27.1,0.0,3.0,9.8,8313,1691,70.0,1.2,2.5,Medium,0.40000000000000036
20,Male,Medium,Healthy,30.6,154.0,1.0,7.3,5827,1839,69.0,1.5,4.2,Low,1.5999999999999996
37,Male,High,Unhealthy,22.5,195.0,1.1,6.0,11507,1337,53.0,2.0,4.1,Low,0.5999999999999996
23,Male,Low,Average,19.0,232.0,2.3,8.0,5036,1184,64.0,2.1,4.5,Medium,1.0
44,Female,Medium,Average,25.8,0.0,2.0,3.0,9506,1534,58.0,1.8,4.5,Low,0.09999999999999964
19,Male,Low,Average,19.3,195.0,3.3,5.7,2692,695,65.0,2.0,4.0,Medium,0.7999999999999998
46,Female,Medium,Healthy,34.8,75.0,3.4,8.0,7942,2255,75.0,1.5,3.6,Low,1.7000000000000002
55,Male,Medium,Average,30.8,233.0,3.5,6.3,9809,1953,74.0,1.1,3.9,Low,1.5
20,Female,Low,Average,33.7,275.0,3.0,9.7,6581,1774,84.0,2.3,2.7,Medium,1.4000000000000004
33,Female,Medium,Average,25.2,259.0,3.0,6.0,8352,1228,69.0,1.9,3.7,Low,1.5
47,Female,High,Average,27.2,410.0,1.5,7.3,13402,1774,67.0,1.6,4.8,Low,0.2999999999999998
19,Female,Medium,Average,28.5,29.0,3.5,3.2,8286,1734,70.0,1.8,5.0,Low,0.5999999999999996
58,Male,Medium,Average,17.5,311.0,2.9,7.8,8289,1292,57.0,1.4,4.6,Low,1.0999999999999996
29,Female,Medium,Healthy,21.8,180.0,2.1,2.2,8999,1578,60.0,2.3,5.5,Low,1.2000000000000002
52,Male,High,Average,19.2,0.0,4.0,2.0,9735,1088,54.0,2.5,6.7,Low,1.5999999999999996
60,Male,Low,Average,30.9,171.0,1.7,5.9,6391,1461,78.0,2.1,4.4,Medium,1.2000000000000002
18,Male,Low,Unhealthy,32.3,385.0,2.6,10.1,6005,2058,83.0,1.6,3.4,Medium,2.4000000000000004
32,Male,Medium,Healthy,30.2,233.0,2.5,2.4,7791,1949,76.0,2.6,5.5,Low,0.1999999999999993
43,Male,Low,Average,28.8,0.0,4.2,11.1,5769,1692,69.0,1.4,3.7,Medium,0.40000000000000036
54,Male,Medium,Healthy,18.7,330.0,3.9,9.9,13890,1472,54.0,1.2,2.8,Medium,2.2
38,Female,Medium,Healthy,23.4,236.0,1.2,5.5,4630,1562,66.0,1.9,5.0,Low,0.9000000000000004
66,Male,High,Average,22.7,114.0,2.9,11.7,12467,1801,57.0,2.2,4.3,Medium,0.9000000000000004
42,Male,High,Healthy,20.1,0.0,3.2,6.4,17122,1780,50.0,1.8,4.4,Low,0.0
40,Female,High,Healthy,24.6,351.0,2.7,2.5,15063,1745,60.0,2.4,6.1,Low,0.0
41,Female,Medium,Average,22.3,80.0,1.8,7.3,6975,1504,63.0,2.0,4.3,Low,0.7000000000000002
55,Female,Medium,Healthy,26.9,275.0,1.7,7.1,5167,1862,72.0,2.0,4.4,Low,2.0
45,Female,Medium,Average,24.1,55.0,2.2,12.6,10022,1810,62.0,2.1,3.5,Medium,1.4000000000000004
38,Male,Low,Average,22.9,529.0,2.4,4.6,3699,918,76.0,1.1,3.8,Medium,2.4000000000000004
60,Other,Medium,Healthy,24.1,433.0,2.7,4.8,5684,1522,72.0,1.2,3.1,Low,2.5999999999999996
35,Female,Medium,Healthy,33.1,511.0,2.0,5.7,6635,2027,86.0,1.3,4.6,Low,1.5999999999999996
53,Female,Medium,Healthy,23.3,528.0,3.9,13.6,7149,1677,73.0,1.5,2.1,Medium,2.0999999999999996
52,Female,Medium,Average,20.8,104.0,2.9,4.1,7400,1583,62.0,1.2,4.8,Low,0.5999999999999996
62,Male,Medium,Unhealthy,27.3,67.0,3.2,10.3,5910,1700,70.0,1.4,2.8,Medium,1.5
26,Female,Medium,Healthy,24.4,503.0,2.4,3.1,5935,1209,76.0,2.3,5.8,Low,1.0
55,Male,Medium,Average,19.3,178.0,1.7,8.1,12739,1451,52.0,2.5,4.4,Medium,0.1999999999999993
47,Female,Low,Average,33.9,324.0,3.2,7.2,4494,1716,83.0,1.5,4.8,Medium,1.2000000000000002
61,Male,Medium,Average,23.6,106.0,1.7,5.3,7177,1233,62.0,2.1,6.5,Low,1.0
51,Female,High,Unhealthy,23.5,109.0,0.9,8.8,15133,2059,50.0,2.1,4.7,Low,0.7999999999999998
49,Male,High,Unhealthy,25.6,324.0,3.0,5.0,14481,1766,58.0,2.5,5.4,Low,0.7000000000000002
20,Male,Low,Healthy,31.9,0.0,1.9,3.0,2640,2098,88.0,2.4,5.9,Low,0.09999999999999964
20,Female,Medium,Average,18.3,317.0,2.2,6.2,4169,1004,68.0,1.7,3.1,Medium,3.2
45,Female,High,Average,26.1,278.0,3.1,4.7,12407,1658,61.0,2.6,5.0,Low,0.40000000000000036
61,Female,Low,Unhealthy,33.3,120.0,1.8,7.6,3726,1934,84.0,1.2,3.6,Low,1.7999999999999998
32,Male,Low,Unhealthy,25.5,203.0,1.2,6.3,3835,1412,79.0,1.2,4.9,Medium,0.5
58,Male,Low,Healthy,20.1,227.0,3.5,10.9,1252,1110,70.0,1.9,3.6,Medium,2.0999999999999996
40,Female,Medium,Average,22.5,235.0,2.5,6.2,12960,1535,55.0,2.1,3.4,Medium,1.5999999999999996
57,Other,Medium,Average,25.8,303.0,3.5,7.7,12805,1694,57.0,1.6,4.3,Medium,1.2999999999999998
28,Female,Low,Average,30.3,77.0,3.0,4.1,4667,1603,75.0,1.1,3.9,Low,1.0999999999999996
65,Male,Medium,Average,23.6,604.0,3.0,5.9,8050,1293,75.0,1.0,3.6,Medium,2.3
49,Female,Low,Average,28.3,169.0,2.6,4.7,3152,1734,76.0,1.2,4.0,Low,0.9000000000000004
53,Male,Medium,Healthy,19.3,180.0,2.6,10.0,9157,1372,54.0,1.4,4.4,Low,0.2999999999999998
50,Female,Medium,Unhealthy,19.2,491.0,3.4,5.1,7765,1301,61.0,1.1,4.2,Medium,1.5999999999999996
41,Male,Medium,Unhealthy,23.1,0.0,3.2,5.4,10504,1708,57.0,1.6,5.4,Low,1.1999999999999993
56,Male,Low,Average,30.8,490.0,2.0,7.7,5371,1826,81.0,2.1,3.8,Low,0.7999999999999998
51,Female,Medium,Average,25.3,214.0,2.9,5.2,6298,1969,76.0,1.1,4.6,Medium,1.2000000000000002
45,Female,Medium,Average,26.2,120.0,2.0,10.5,6624,1660,69.0,2.2,4.0,Medium,1.0999999999999996
54,Male,Medium,Healthy,26.1,32.0,2.2,11.9,9939,1292,59.0,2.2,3.7,Low,1.0999999999999996
24,Male,Medium,Healthy,29.4,9.0,3.0,4.8,9389,1746,69.0,2.0,4.9,Low,0.5999999999999996
21,Male,Medium,Healthy,22.6,148.0,2.0,9.1,5773,1174,72.0,2.3,3.6,Low,1.0
54,Female,Low,Unhealthy,27.8,241.0,2.6,4.9,3314,1616,83.0,1.0,4.0,Low,1.7999999999999998
18,Male,Low,Average,21.7,293.0,2.8,6.1,3769,1153,68.0,1.6,4.5,Medium,0.20000000000000018
18,Male,Low,Healthy,32.9,239.0,2.2,8.7,3944,1902,79.0,1.6,3.7,Medium,1.2999999999999998
64,Female,Medium,Average,21.8,123.0,3.1,7.3,7856,1267,57.0,1.4,4.5,Low,0.20000000000000018
37,Female,Medium,Healthy,21.5,400.0,2.1,7.4,9798,1505,66.0,1.7,2.9,Medium,1.9000000000000004
36,Female,Medium,Healthy,27.2,601.0,3.3,9.7,8291,1586,76.0,2.3,3.3,Medium,0.5999999999999996
46,Female,Medium,Average,25.3,424.0,2.6,9.7,8161,1523,69.0,1.9,2.6,Medium,2.0
27,Female,High,Average,26.3,146.0,2.6,7.1,11729,1829,64.0,1.4,3.5,Low,1.2000000000000002
35,Female,Medium,Average,25.9,275.0,1.8,5.4,8335,1718,66.0,0.9,2.9,Medium,2.8
52,Female,High,Average,31.5,440.0,2.7,4.5,12560,2303,69.0,1.7,4.2,Medium,0.20000000000000018
60,Male,Low,Average,28.6,149.0,3.3,9.0,2273,1709,77.0,2.1,4.4,Medium,0.5
64,Other,Medium,Average,30.4,55.0,2.2,6.5,10553,2028,70.0,1.2,3.5,Low,0.7999999999999998
48,Male,Low,Average,22.9,370.0,3.3,4.2,6669,1314,70.0,1.5,3.7,Medium,2.0
44,Male,High,Average,26.7,260.0,1.9,10.4,14733,2048,57.0,1.7,4.8,Medium,0.1999999999999993
28,Male,Medium,Average,25.8,33.0,2.8,7.0,10869,1963,64.0,2.0,4.5,Low,1.0
66,Male,Low,Average,29.5,305.0,2.1,5.1,4344,1887,83.0,1.4,2.7,Medium,2.7
66,Other,Medium,Healthy,29.6,475.0,3.7,9.9,5226,1692,86.0,1.4,3.1,Medium,2.0999999999999996
55,Female,Low,Healthy,25.8,95.0,3.6,10.1,4450,1399,66.0,1.8,3.3,Medium,2.8
22,Female,High,Average,18.9,66.0,2.7,2.3,12981,1622,50.0,1.6,4.8,Low,1.9000000000000004
25,Female,Medium,Average,32.1,204.0,2.1,9.8,8951,1475,72.0,0.9,3.2,Medium,1.7999999999999998
51,Female,Medium,Average,27.2,302.0,1.3,7.4,11141,2124,65.0,1.5,3.7,Medium,2.2
65,Male,Medium,Unhealthy,22.6,188.0,2.8,9.4,6986,1655,67.0,1.0,3.0,Low,1.9000000000000004
69,Female,High,Average,26.6,370.0,2.7,6.8,15162,1880,56.0,2.4,4.8,Medium,1.0
29,Female,High,Unhealthy,19.0,239.0,3.2,7.9,16583,1547,50.0,1.8,4.2,Low,1.7999999999999998
55,Male,Medium,Average,29.2,351.0,1.3,6.2,10708,2303,75.0,1.1,3.9,Low,0.9000000000000004
18,Female,High,Healthy,19.1,91.0,2.6,9.5,16957,1426,50.0,1.6,3.2,Low,1.5
48,Male,Low,Unhealthy,24.1,15.0,2.8,5.3,2327,1245,74.0,2.4,4.7,Low,1.0
21,Male,High,Unhealthy,26.0,148.0,1.8,9.6,10651,2076,63.0,2.3,4.1,Low,0.5
66,Male,Medium,Average,29.2,0.0,2.6,7.4,9529,1626,63.0,1.7,4.8,Low,0.5
62,Male,High,Healthy,25.4,261.0,1.9,8.9,12846,1816,67.0,1.9,2.9,Medium,1.4000000000000004
67,Female,Medium,Healthy,27.5,0.0,1.8,4.5,6032,1568,68.0,2.2,5.4,Low,0.9000000000000004
22,Female,Low,Unhealthy,24.9,132.0,2.1,8.1,5782,1888,65.0,2.1,4.6,Low,0.5
47,Male,Medium,Healthy,24.9,157.0,2.3,8.3,7260,1426,62.0,2.2,4.7,Low,1.2000000000000002
41,Female,Low,Average,25.3,43.0,3.5,11.6,6445,1251,65.0,1.3,2.6,Medium,1.2999999999999998
20,Female,Medium,Average,24.2,154.0,2.2,8.7,7119,1543,69.0,2.1,4.4,Medium,1.0
28,Male,Medium,Healthy,18.3,200.0,1.8,5.5,6506,1066,61.0,1.8,4.1,Low,1.5
62,Male,Low,Average,21.9,390.0,3.2,5.4,3903,1370,68.0,2.3,4.7,Medium,1.2000000000000002
21,Other,High,Average,26.0,43.0,3.3,8.9,16274,2037,52.0,2.6,5.7,Low,1.1999999999999993
43,Female,High,Average,24.0,253.0,3.2,5.7,14878,1561,59.0,1.7,4.9,Low,0.7000000000000002
44,Other,High,Average,24.4,283.0,3.6,5.7,19675,2374,50.0,1.6,5.0,Low,1.0
63,Male,Medium,Unhealthy,23.7,196.0,2.7,4.9,8343,1396,69.0,1.6,3.7,Low,2.0999999999999996
60,Female,Medium,Average,21.5,125.0,2.6,7.3,7646,1280,59.0,2.3,4.6,Low,1.2000000000000002
44,Male,Medium,Average,23.0,29.0,1.9,7.5,11018,1706,59.0,1.5,2.5,Low,0.9000000000000004
59,Male,Low,Average,23.8,484.0,3.6,6.2,4892,1712,77.0,1.5,3.8,Medium,2.7
68,Female,High,Healthy,25.0,210.0,2.4,11.2,12759,1503,61.0,2.1,3.8,Medium,1.2999999999999998
67,Male,High,Unhealthy,26.6,152.0,2.3,8.4,14715,1826,59.0,2.2,4.2,Low,1.2999999999999998
23,Male,Medium,Average,24.3,518.0,2.2,11.4,8436,1743,70.0,1.6,2.8,Medium,2.8
32,Male,High,Average,20.9,233.0,3.0,7.3,13383,1465,55.0,1.7,3.4,Medium,0.7000000000000002
47,Male,Medium,Average,19.4,581.0,2.6,5.2,8364,1336,66.0,1.2,4.3,Medium,0.40000000000000036
59,Male,Medium,Healthy,27.1,181.0,2.4,6.3,6943,1696,70.0,1.7,3.7,Low,1.7000000000000002
54,Male,Medium,Average,26.4,180.0,3.6,9.1,6216,1665,66.0,1.0,3.4,Low,1.5
52,Female,Medium,Average,27.1,131.0,1.1,10.5,7918,1807,68.0,2.2,3.1,High,1.4000000000000004
40,Male,Medium,Average,23.2,208.0,2.9,5.0,7054,1337,68.0,1.5,3.8,Low,1.0999999999999996
23,Female,Medium,Unhealthy,26.0,138.0,3.4,4.3,5355,1803,71.0,1.2,5.0,Low,1.0
21,Male,Medium,Average,25.2,183.0,1.0,9.4,5405,1056,71.0,1.3,3.5,Low,0.9000000000000004
35,Male,Medium,Average,23.8,86.0,2.4,7.7,8816,1409,57.0,2.1,4.7,Medium,0.20000000000000018
26,Female,Medium,Average,26.0,416.0,3.3,7.8,8181,2116,73.0,2.3,4.8,Medium,0.5
66,Female,High,Unhealthy,29.2,33.0,1.9,8.7,14942,2063,54.0,1.3,4.6,Low,0.5999999999999996
46,Male,Low,Average,24.9,231.0,2.7,3.2,3552,1612,71.0,2.4,5.6,Low,0.3000000000000007
30,Female,Low,Average,24.9,21.0,1.8,8.1,1729,1352,69.0,1.3,3.5,Medium,1.0
64,Female,Low,Unhealthy,29.3,74.0,2.5,7.5,2688,1920,74.0,2.1,4.0,Medium,0.7999999999999998
69,Female,High,Healthy,28.8,90.0,3.5,8.2,13034,1922,62.0,2.2,4.7,Medium,0.20000000000000018
34,Female,Medium,Healthy,31.3,180.0,3.9,4.6,8872,1964,68.0,2.5,5.7,Low,0.09999999999999964
62,Female,High,Unhealthy,18.0,226.0,2.7,7.2,8754,1425,54.0,2.5,5.1,Medium,0.9000000000000004
49,Other,Medium,Unhealthy,28.6,33.0,1.5,5.8,3377,1871,79.0,1.0,3.2,Low,1.7000000000000002
65,Male,Medium,Average,27.4,137.0,2.3,9.6,10897,1436,69.0,2.1,4.2,Medium,1.5
39,Female,Medium,Average,21.5,51.0,1.0,6.8,9195,1546,61.0,2.1,5.2,Low,0.40000000000000036
21,Male,Low,Average,26.0,44.0,2.3,5.5,2685,1236,72.0,1.2,4.6,Low,1.5999999999999996
22,Male,Medium,Average,29.2,370.0,3.3,4.5,7530,1750,79.0,1.9,4.1,Low,2.4000000000000004
54,Male,Medium,Average,21.7,0.0,1.4,9.2,7157,1264,61.0,2.2,4.3,Medium,1.0999999999999996
58,Male,Low,Average,26.8,211.0,2.3,9.5,4434,1069,68.0,1.4,3.3,Medium,2.2
66,Female,Medium,Healthy,28.5,454.0,1.8,11.8,6985,1915,81.0,1.7,2.1,High,1.5999999999999996
30,Female,Low,Average,20.7,380.0,3.9,6.2,2277,863,70.0,1.7,4.5,Medium,1.9000000000000004
51,Female,Low,Average,24.4,263.0,2.8,4.5,4733,1395,70.0,2.4,5.5,Low,0.5999999999999996
62,Male,Medium,Average,26.2,197.0,3.2,6.7,11628,1753,63.0,1.8,5.0,Low,0.09999999999999964
39,Male,Medium,Average,21.8,310.0,2.7,5.3,9059,1293,64.0,2.4,5.6,Low,0.40000000000000036
40,Female,Low,Unhealthy,21.5,255.0,3.1,5.4,4112,1367,70.0,2.1,4.8,Low,0.7999999999999998
20,Female,Low,Average,28.2,179.0,2.5,9.7,2816,1379,79.0,1.8,3.3,Medium,0.2999999999999998
59,Female,Medium,Average,27.6,350.0,2.1,8.0,7184,1376,74.0,1.6,3.6,Low,1.2999999999999998
51,Female,Medium,Healthy,21.6,151.0,1.8,7.3,8784,1246,65.0,1.6,4.1,Low,0.9000000000000004
49,Female,High,Average,27.6,484.0,3.9,9.1,17561,2166,61.0,1.8,4.5,Medium,1.0
62,Female,High,Average,21.7,175.0,3.2,6.4,17695,1393,50.0,1.0,3.8,Low,1.4000000000000004
68,Male,Low,Average,18.6,0.0,0.7,10.6,4255,1435,62.0,2.1,3.1,Medium,2.0999999999999996
66,Female,Low,Unhealthy,23.5,211.0,2.3,14.0,4280,1315,77.0,1.4,2.4,Medium,1.2999999999999998
38,Male,Low,Average,29.5,314.0,2.8,5.4,4078,1464,78.0,1.7,4.3,Medium,1.5
63,Male,High,Healthy,27.6,444.0,3.8,10.0,15713,2127,58.0,1.5,3.5,Low,0.9000000000000004
61,Male,Medium,Average,25.0,50.0,1.6,10.0,8096,1490,63.0,2.3,5.0,Low,1.2000000000000002
61,Male,Low,Average,23.4,274.0,2.2,10.2,2709,1065,76.0,2.7,4.2,Low,0.2999999999999998
28,Male,Medium,Unhealthy,25.4,269.0,1.5,7.9,6231,1321,69.0,1.6,4.8,Medium,1.2000000000000002
56,Male,Low,Average,20.7,0.0,3.6,8.6,2963,1272,65.0,2.1,4.1,Medium,0.20000000000000018
21,Female,High,Healthy,23.6,150.0,1.7,7.2,14719,2008,51.0,2.3,4.7,Low,0.5999999999999996
68,Female,Medium,Healthy,24.1,157.0,3.3,7.4,7387,1539,60.0,1.4,4.1,Low,0.0
18,Female,Medium,Average,19.6,323.0,1.2,8.6,13164,1552,54.0,1.2,2.5,Medium,2.7
45,Female,Medium,Healthy,21.6,137.0,2.1,8.1,8775,1264,57.0,1.6,4.3,Low,0.5999999999999996
41,Male,Low,Average,26.6,134.0,3.0,4.4,6356,1481,69.0,1.7,5.0,Medium,1.0
52,Male,Medium,Average,25.0,217.0,3.1,8.3,10969,1557,58.0,2.2,4.7,Medium,0.7999999999999998
30,Female,Medium,Average,23.8,0.0,2.8,6.4,8849,1803,65.0,2.0,4.1,Low,0.7999999999999998
51,Male,Medium,Average,31.3,340.0,2.3,9.4,6202,1917,78.0,1.2,3.3,Medium,1.9000000000000004
28,Male,High,Healthy,21.6,94.0,3.6,4.7,12194,1969,54.0,1.0,2.2,Low,2.4000000000000004
53,Female,Low,Average,26.0,32.0,2.8,6.3,5260,1634,72.0,1.6,5.2,Low,0.1999999999999993
68,Male,Medium,Average,23.0,43.0,3.1,4.3,8539,1728,61.0,0.9,4.1,Low,2.0999999999999996
34,Female,Medium,Average,25.1,288.0,2.8,6.0,6715,1479,69.0,2.0,4.1,Low,2.0
52,Male,Medium,Average,26.8,48.0,2.9,13.0,7585,1611,68.0,2.2,3.8,Medium,1.0999999999999996
35,Female,Low,Average,19.5,162.0,1.7,5.1,4494,1123,64.0,2.0,5.8,Low,0.5
57,Male,Medium,Average,25.0,0.0,1.7,6.6,8049,1384,62.0,2.5,3.9,Low,0.09999999999999964
39,Male,Low,Healthy,29.8,281.0,2.1,10.5,3642,1547,86.0,2.3,4.2,Medium,1.2999999999999998
41,Male,Low,Unhealthy,32.0,286.0,2.9,8.1,3917,1822,84.0,2.0,4.0,Low,0.40000000000000036
36,Female,Medium,Average,24.5,172.0,2.0,6.7,3168,1231,72.0,2.1,5.3,Low,0.40000000000000036
54,Male,Medium,Average,25.2,229.0,2.3,5.3,8036,1692,64.0,1.8,3.8,Medium,2.3
56,Female,High,Average,33.8,319.0,2.4,8.7,10825,1974,77.0,1.8,4.2,Medium,0.9000000000000004
38,Female,Medium,Unhealthy,29.5,225.0,3.6,6.2,8726,1666,74.0,1.0,2.8,High,1.5999999999999996
25,Female,Medium,Average,22.5,317.0,3.0,12.4,8267,1458,69.0,1.6,4.0,Medium,0.5
45,Male,Medium,Average,22.5,24.0,1.3,6.3,9496,1096,65.0,2.0,3.7,Low,1.2000000000000002
22,Male,Medium,Average,28.8,256.0,2.6,11.2,9516,2036,67.0,2.0,3.6,High,1.0
34,Male,Low,Average,21.0,229.0,2.3,9.2,6579,1454,58.0,1.9,3.9,Medium,2.5999999999999996
54,Female,Low,Healthy,29.4,380.0,2.3,9.2,1025,1674,89.0,1.8,3.9,Medium,1.7999999999999998
53,Female,Low,Average,26.3,204.0,2.5,6.6,3810,1616,71.0,1.2,3.8,Medium,1.0
36,Female,Medium,Average,27.1,185.0,3.4,5.9,3919,1488,71.0,2.0,3.3,Low,2.2
51,Male,High,Healthy,22.5,423.0,2.7,9.6,13498,1742,61.0,2.0,3.8,Medium,0.9000000000000004
28,Male,High,Average,30.8,0.0,2.7,8.3,12587,1753,61.0,1.7,4.4,Medium,0.40000000000000036
62,Female,High,Average,24.0,276.0,2.3,2.3,14801,1832,54.0,1.7,5.2,Low,0.5
64,Male,Medium,Average,23.4,196.0,2.0,3.8,5894,1330,68.0,1.9,4.7,Low,0.7000000000000002
29,Male,Low,Average,24.7,172.0,1.9,6.7,6771,1875,66.0,1.1,3.9,Medium,0.7000000000000002
38,Female,Medium,Average,25.8,150.0,2.2,8.3,7511,1552,68.0,1.2,4.1,Low,2.0999999999999996
28,Male,High,Average,20.9,191.0,3.1,6.4,14229,1589,50.0,1.2,3.0,Low,1.9000000000000004
56,Female,Medium,Average,22.7,271.0,2.2,5.7,7742,1200,63.0,1.6,4.8,Low,1.0999999999999996
45,Female,Medium,Average,22.5,80.0,2.4,4.5,9844,1440,54.0,1.0,4.4,Low,1.7000000000000002
22,Female,Low,Average,28.4,220.0,1.6,9.3,2196,1084,81.0,1.0,1.2,Medium,3.2
34,Male,Medium,Average,21.5,252.0,2.1,7.2,9656,1833,59.0,1.2,3.2,Low,1.5
37,Male,Medium,Average,18.0,56.0,2.7,11.2,6962,1295,59.0,1.2,2.9,Medium,1.5999999999999996
58,Female,Medium,Unhealthy,17.5,275.0,1.2,3.8,6980,1080,54.0,2.0,4.6,Low,1.5999999999999996
29,Male,Low,Unhealthy,30.4,80.0,2.0,8.4,3597,1471,77.0,1.8,4.1,Medium,0.5999999999999996
23,Male,High,Average,25.1,21.0,3.9,9.1,15841,1852,50.0,1.3,4.3,Low,0.20000000000000018
34,Male,Low,Average,27.0,78.0,2.8,9.1,4948,1326,68.0,2.0,3.2,High,1.2999999999999998
68,Male,High,Average,27.1,220.0,1.0,5.7,12952,1566,61.0,2.2,4.7,Low,0.9000000000000004
36,Female,Medium,Average,25.2,188.0,2.7,6.5,8465,1751,65.0,1.3,3.1,Low,2.0
43,Male,Medium,Unhealthy,24.7,409.0,2.2,7.4,7032,1495,74.0,1.5,3.6,High,1.5999999999999996
65,Male,Low,Healthy,29.2,144.0,2.7,4.5,3970,1272,77.0,1.7,4.5,Low,0.20000000000000018
61,Female,Medium,Average,25.6,66.0,3.8,9.6,8947,1472,66.0,2.3,3.8,Low,1.2999999999999998
61,Other,High,Healthy,30.6,298.0,3.1,2.0,11129,2236,75.0,2.5,5.5,Low,0.20000000000000018
69,Male,Low,Healthy,27.5,52.0,2.3,4.1,4660,1416,70.0,1.6,5.7,Low,0.2999999999999998
23,Female,Medium,Healthy,23.0,83.0,3.2,9.7,5022,1203,69.0,1.7,4.5,Low,1.7000000000000002
55,Female,Low,Average,29.9,285.0,3.4,5.7,2962,1718,83.0,2.1,4.9,Low,0.9000000000000004
28,Female,Medium,Average,23.4,340.0,2.4,7.2,7111,1322,69.0,2.2,4.3,Medium,1.0
50,Male,Low,Average,21.8,337.0,2.7,7.7,2566,1165,73.0,2.8,4.7,Medium,0.1999999999999993
41,Female,Medium,Healthy,26.3,482.0,2.3,3.9,9878,1771,72.0,1.7,5.3,Low,1.2000000000000002
32,Female,Medium,Average,26.2,149.0,1.3,10.5,6424,1525,72.0,1.8,3.8,Low,2.0
44,Female,Low,Average,32.6,366.0,2.8,10.9,2268,1531,84.0,1.6,3.7,Medium,1.7999999999999998
28,Female,Medium,Healthy,28.7,185.0,2.8,9.1,7973,1774,73.0,1.9,3.9,Low,2.0999999999999996
68,Male,Medium,Average,25.1,136.0,2.1,7.6,10660,1896,58.0,0.9,2.8,Low,2.2
67,Male,Medium,Healthy,19.4,86.0,3.0,9.3,12308,1229,51.0,1.7,3.2,Low,2.0
34,Female,Medium,Average,23.0,159.0,3.2,8.8,6650,1274,66.0,1.3,3.6,Low,1.2000000000000002
68,Female,High,Average,27.8,249.0,3.6,4.2,7175,1268,65.0,1.4,4.8,Low,1.7999999999999998
31,Female,Medium,Average,20.3,437.0,1.7,4.7,5025,1318,69.0,2.2,5.3,Low,1.0999999999999996
44,Male,Low,Unhealthy,33.6,309.0,3.0,8.6,1326,1413,90.0,2.0,3.8,Medium,1.5
35,Male,Medium,Healthy,25.1,84.0,3.6,5.3,8833,1708,63.0,1.5,3.9,Low,1.7999999999999998
45,Female,Medium,Average,25.2,43.0,2.2,4.4,8195,1701,61.0,1.1,5.2,Low,0.7999999999999998
68,Male,High,Average,22.3,285.0,3.6,10.2,14651,1883,57.0,1.5,2.8,Medium,1.4000000000000004
64,Female,High,Healthy,27.0,335.0,1.9,7.2,17377,2118,55.0,1.7,3.5,Low,0.2999999999999998
64,Male,Medium,Average,20.4,384.0,2.6,6.8,11257,1168,60.0,1.1,2.9,Medium,2.0999999999999996
24,Female,Medium,Average,30.3,270.0,1.0,5.9,9470,1932,72.0,1.4,3.4,Low,1.4000000000000004
62,Female,Medium,Average,28.9,328.0,1.3,6.1,5051,1753,79.0,1.5,3.4,Low,1.5999999999999996
52,Male,Low,Average,19.4,0.0,3.6,4.7,3237,1213,61.0,1.7,4.2,Low,2.0999999999999996
65,Female,Medium,Average,25.8,241.0,1.9,4.0,10769,1635,67.0,1.2,3.3,Low,3.5
26,Male,Medium,Healthy,29.8,335.0,1.9,11.4,6900,1744,74.0,1.5,3.5,Medium,2.2
25,Female,Medium,Healthy,27.4,276.0,2.8,10.5,10211,1758,70.0,1.6,3.4,Low,3.0
69,Male,Medium,Average,21.0,187.0,1.9,6.7,8246,1126,60.0,2.0,3.8,Medium,2.0
62,Male,Medium,Healthy,22.4,591.0,3.5,3.7,9566,1309,63.0,1.4,4.3,Medium,1.7000000000000002
34,Male,Medium,Unhealthy,23.2,489.0,4.0,2.7,6256,1395,70.0,2.5,5.6,Low,0.2999999999999998
34,Male,Medium,Unhealthy,22.6,201.0,0.7,5.9,9526,1343,65.0,2.1,4.1,Low,1.2000000000000002
66,Female,Medium,Average,31.1,171.0,2.9,2.0,6721,1531,79.0,1.4,5.1,Low,0.7999999999999998
50,Male,Medium,Unhealthy,17.5,305.0,0.9,5.9,8461,909,53.0,1.0,3.6,Medium,1.7000000000000002
49,Female,Low,Average,27.6,191.0,1.4,2.0,3956,1677,73.0,2.5,5.8,Low,0.40000000000000036
25,Other,Low,Healthy,19.8,390.0,2.9,6.8,5788,1292,62.0,2.9,5.2,Medium,0.5
36,Male,Low,Average,21.2,9.0,1.7,7.5,5248,1299,63.0,2.0,5.2,Low,0.40000000000000036
55,Female,Low,Average,17.5,163.0,2.7,6.5,1351,863,65.0,1.3,3.0,Medium,2.0
20,Male,Medium,Healthy,22.8,302.0,2.5,12.4,6379,1278,69.0,1.8,2.7,Medium,1.7000000000000002
22,Male,Medium,Average,31.0,350.0,1.2,6.5,6728,1415,81.0,1.0,4.4,Medium,2.0
30,Male,Low,Healthy,26.1,0.0,3.0,11.3,5037,1625,73.0,2.3,3.9,Medium,0.5
64,Female,High,Average,20.2,56.0,2.7,7.7,12513,1429,56.0,1.4,4.2,Low,0.5
63,Male,Medium,Average,29.1,0.0,2.5,12.0,5821,1812,76.0,1.2,3.1,Medium,1.0
48,Female,Medium,Average,29.9,69.0,2.0,2.6,5270,1518,77.0,2.7,5.3,Low,0.3000000000000007
33,Female,Low,Healthy,25.4,8.0,2.8,4.3,5091,1803,67.0,2.4,5.2,Low,1.0999999999999996
67,Female,Low,Healthy,33.1,280.0,1.5,6.3,1000,1732,83.0,1.6,3.7,Medium,1.7000000000000002
49,Male,Medium,Average,28.3,234.0,1.7,11.0,10110,1795,66.0,1.3,2.2,High,3.3
39,Female,High,Unhealthy,27.7,176.0,2.8,6.4,10139,1586,62.0,2.1,3.7,Low,1.9000000000000004
46,Female,Low,Average,21.8,203.0,3.3,5.3,3328,1256,71.0,1.3,4.3,Medium,1.2999999999999998
39,Female,Medium,Average,27.5,379.0,2.1,8.5,5662,1724,83.0,1.3,4.1,Medium,1.2000000000000002
60,Female,High,Average,25.9,43.0,2.9,9.3,11242,1296,57.0,2.1,4.4,Low,0.7000000000000002
20,Female,Medium,Average,27.1,0.0,2.7,5.1,7553,1630,61.0,2.3,4.7,Low,0.5999999999999996
27,Male,Medium,Average,22.3,306.0,2.8,5.3,7726,1400,63.0,2.0,4.6,Low,2.2
59,Male,Medium,Healthy,25.5,141.0,1.9,11.2,4907,1561,76.0,2.1,4.0,Medium,1.2999999999999998
38,Male,High,Healthy,21.7,47.0,2.4,10.1,12783,1260,56.0,1.9,4.9,Low,0.40000000000000036
33,Male,Medium,Healthy,17.5,283.0,2.5,10.8,8206,1363,62.0,1.4,2.2,Medium,3.3
29,Male,High,Average,29.0,0.0,3.7,9.4,15403,2213,52.0,2.3,4.7,Medium,1.0999999999999996
19,Male,Medium,Healthy,19.0,71.0,1.6,4.9,3915,1261,66.0,2.2,5.6,Low,0.0
58,Male,High,Average,25.4,0.0,1.4,6.9,12563,1640,56.0,1.3,4.5,Low,0.0
41,Other,High,Average,26.3,238.0,4.9,4.3,7839,1853,72.0,2.6,6.2,Low,1.3000000000000007
52,Male,Medium,Average,26.3,436.0,2.7,9.4,6983,1431,71.0,1.2,4.1,Medium,2.2
47,Female,Medium,Average,23.9,114.0,2.9,5.6,7139,1057,65.0,1.9,4.2,Low,0.5999999999999996
47,Female,Medium,Average,26.1,81.0,3.0,2.7,9258,1737,62.0,1.1,4.3,Low,1.7000000000000002
64,Female,Medium,Unhealthy,26.9,467.0,3.1,7.3,9946,1730,73.0,2.0,4.7,Medium,0.2999999999999998
52,Female,High,Unhealthy,27.9,294.0,3.2,9.8,10934,2076,74.0,2.1,4.8,Low,0.5999999999999996
36,Male,Low,Average,31.9,557.0,3.1,3.6,4441,1565,83.0,1.1,2.8,Medium,2.0
67,Male,Medium,Unhealthy,25.9,224.0,3.4,6.7,9310,1598,65.0,1.1,3.4,Low,1.5999999999999996
25,Male,Medium,Healthy,25.3,233.0,2.6,5.6,6505,1438,73.0,1.7,5.0,Low,0.2999999999999998
43,Male,Medium,Average,21.4,416.0,3.4,9.5,9546,1612,63.0,1.8,4.1,Low,0.5999999999999996
66,Female,Medium,Average,26.7,177.0,4.0,2.0,8271,1448,65.0,1.9,5.1,Low,1.0
57,Female,Low,Average,27.7,237.0,2.7,9.8,3589,1783,77.0,1.3,3.3,Medium,0.9000000000000004
24,Male,Medium,Average,24.2,0.0,2.9,5.2,8283,1394,60.0,1.6,4.5,Low,1.2999999999999998
47,Male,High,Average,27.2,460.0,2.0,6.6,9259,1641,78.0,2.5,5.4,Low,0.5999999999999996
24,Male,High,Unhealthy,23.8,258.0,2.4,9.1,14421,1775,58.0,1.7,4.8,Low,0.9000000000000004
20,Male,Low,Healthy,27.7,183.0,2.8,10.7,2731,1291,79.0,1.0,2.4,Medium,2.8
18,Female,Medium,Average,28.7,336.0,2.2,7.1,8057,1835,71.0,2.0,4.0,Low,1.7999999999999998
53,Male,High,Average,28.6,22.0,2.6,5.2,12782,1993,60.0,2.0,5.5,Low,0.5999999999999996
42,Female,Medium,Average,25.5,117.0,2.8,5.7,8576,1494,64.0,2.1,4.4,Low,0.40000000000000036
54,Male,Medium,Average,20.8,283.0,3.7,9.9,10383,1512,62.0,1.8,3.0,Medium,2.5999999999999996
18,Male,Low,Healthy,22.6,206.0,1.8,4.8,4190,1360,71.0,1.7,3.7,Low,1.7000000000000002
32,Female,Medium,Unhealthy,27.4,266.0,2.8,7.8,10000,1884,66.0,1.7,3.6,Low,2.7
54,Female,Medium,Unhealthy,34.8,237.0,2.0,7.0,5954,2198,82.0,1.7,3.4,Medium,1.9000000000000004
30,Other,Medium,Average,23.6,294.0,3.1,8.9,10867,1698,65.0,2.1,4.0,Medium,1.4000000000000004
25,Male,Medium,Healthy,22.8,391.0,3.8,5.9,5493,1139,77.0,1.8,3.6,Low,2.7
22,Male,High,Average,21.1,127.0,2.2,5.7,13175,1275,50.0,2.0,5.7,Low,0.20000000000000018
26,Female,Medium,Average,22.3,208.0,2.6,5.7,7111,1288,64.0,1.7,4.4,Low,1.9000000000000004
18,Female,Medium,Average,17.5,109.0,3.1,3.6,4836,1133,58.0,1.4,5.0,Low,0.5999999999999996
52,Male,High,Average,17.5,234.0,0.5,7.5,3217,498,65.0,1.5,3.4,Low,1.7000000000000002
19,Other,High,Average,23.9,310.0,2.0,3.3,9946,1619,60.0,2.4,5.0,Low,0.40000000000000036
57,Male,Medium,Healthy,20.3,335.0,3.0,6.0,6680,1507,72.0,1.3,3.3,Low,3.5999999999999996
26,Female,Medium,Healthy,30.5,110.0,3.1,5.5,9426,2190,63.0,2.1,4.2,Low,1.2000000000000002
51,Male,Low,Average,25.8,255.0,3.3,6.7,4485,1365,75.0,2.4,4.8,Low,0.2999999999999998
63,Female,Medium,Average,21.1,236.0,2.3,6.7,12330,1432,56.0,1.9,2.7,Medium,1.2999999999999998
31,Male,Medium,Healthy,22.6,208.0,3.0,9.2,4415,1404,67.0,2.4,3.9,Medium,1.0
21,Other,Low,Average,21.9,280.0,3.7,7.0,3898,1412,68.0,2.7,5.7,Medium,0.3000000000000007
47,Male,High,Healthy,24.8,8.0,3.3,8.5,20106,2268,50.0,1.6,4.5,Low,0.09999999999999964
48,Female,Medium,Average,25.7,0.0,1.9,3.5,6985,1683,62.0,1.8,5.6,Low,0.1999999999999993
55,Male,Medium,Average,32.6,378.0,2.4,4.3,6344,1638,84.0,1.4,5.1,Low,0.20000000000000018
28,Female,Medium,Average,17.5,180.0,2.5,3.6,9634,982,57.0,1.8,4.5,Low,0.40000000000000036
52,Female,Low,Average,24.9,262.0,1.8,6.0,3164,1663,75.0,1.4,2.8,Medium,1.7000000000000002
25,Male,High,Healthy,23.7,69.0,3.4,7.1,17777,1863,50.0,1.7,3.6,Low,2.4000000000000004
20,Male,Medium,Healthy,28.8,389.0,2.0,11.2,9662,1632,69.0,1.7,2.8,Medium,2.4000000000000004
31,Female,Medium,Average,26.4,252.0,2.4,4.9,7619,1398,71.0,1.8,4.4,Low,0.5
30,Male,Medium,Healthy,27.4,173.0,3.4,9.1,9961,1659,67.0,1.6,3.2,Low,1.5999999999999996
62,Female,Medium,Unhealthy,26.4,242.0,2.1,4.9,7528,1939,70.0,2.2,5.3,Medium,1.0999999999999996
49,Male,Medium,Average,21.3,0.0,2.2,7.1,8265,1346,59.0,1.8,3.8,Low,0.9000000000000004
51,Female,Low,Average,29.8,255.0,2.8,6.6,4877,1829,80.0,2.2,4.5,Medium,1.5999999999999996
62,Male,Low,Average,28.2,423.0,2.2,4.7,3415,1616,82.0,2.3,5.3,Medium,0.7999999999999998
36,Male,Medium,Unhealthy,28.7,247.0,3.7,4.9,11020,1864,68.0,1.8,5.3,Medium,0.5
55,Male,Medium,Average,30.1,227.0,1.8,11.0,8139,1435,68.0,2.1,2.9,Medium,1.7000000000000002
33,Male,Medium,Average,26.7,152.0,0.7,5.7,8579,1845,67.0,2.4,4.9,Low,0.2999999999999998
19,Male,Low,Average,30.9,362.0,3.2,9.5,2025,1477,85.0,2.2,5.1,Medium,1.7000000000000002
57,Female,Low,Average,26.5,384.0,2.2,8.7,3033,1115,77.0,1.2,4.7,Medium,1.5
51,Female,Medium,Average,25.0,253.0,2.8,7.0,9737,1757,65.0,2.1,4.5,Medium,1.5999999999999996
33,Male,Medium,Average,22.9,260.0,1.9,8.2,5878,923,62.0,1.1,3.0,Medium,1.5
55,Female,Low,Healthy,31.5,84.0,3.4,6.0,2760,1580,79.0,1.3,3.5,Medium,0.40000000000000036
19,Male,Medium,Healthy,26.2,371.0,3.2,3.2,5540,1604,77.0,1.5,4.9,Low,1.4000000000000004
19,Female,Medium,Healthy,25.4,284.0,4.1,5.2,8987,1660,66.0,2.2,4.5,Low,1.0999999999999996
43,Male,High,Average,26.6,380.0,2.1,9.9,18239,1956,56.0,1.9,3.4,Medium,0.40000000000000036
30,Male,Low,Unhealthy,36.9,32.0,2.6,6.9,3763,1978,84.0,1.3,4.8,Low,0.09999999999999964
64,Male,Medium,Average,20.5,41.0,2.7,5.9,8116,1538,58.0,1.3,5.3,Low,1.5
48,Female,High,Unhealthy,21.6,508.0,2.2,3.3,14397,1743,63.0,2.0,6.1,Low,1.0999999999999996
51,Male,Medium,Average,19.5,372.0,2.8,10.1,7061,1386,66.0,2.2,3.7,Medium,1.2999999999999998
56,Female,Medium,Average,24.1,77.0,2.9,6.5,5557,1339,68.0,1.3,4.2,Low,1.2000000000000002
20,Male,Medium,Average,26.0,330.0,2.9,9.7,10119,1450,68.0,1.4,2.3,Medium,3.2
25,Female,Low,Average,23.1,130.0,2.2,8.7,4231,1372,72.0,2.4,4.3,Medium,0.5
40,Female,Medium,Average,22.8,0.0,2.3,9.0,6903,1576,63.0,1.9,4.4,Low,0.5999999999999996
31,Male,High,Average,25.6,0.0,2.0,11.1,23015,2065,50.0,1.8,2.7,Low,1.4000000000000004
44,Female,Medium,Average,23.0,196.0,1.9,7.3,7994,1516,67.0,1.8,4.3,Low,1.0999999999999996
46,Female,Medium,Average,26.2,434.0,2.4,6.7,4575,1492,75.0,1.6,3.4,Low,2.7
56,Female,Medium,Average,29.5,428.0,3.7,10.9,9309,1514,76.0,1.2,2.3,Medium,3.0999999999999996
56,Female,Medium,Unhealthy,27.7,389.0,4.1,9.1,4316,1526,76.0,2.1,3.5,Low,1.9000000000000004
18,Female,Medium,Unhealthy,28.5,324.0,3.6,5.2,8932,1817,67.0,2.2,5.4,Medium,1.2999999999999998
34,Female,Low,Average,29.3,247.0,2.1,9.6,4659,1558,77.0,2.3,3.9,High,0.2999999999999998
58,Male,Medium,Healthy,26.1,372.0,2.8,10.8,10759,1953,72.0,1.3,2.8,Low,1.9000000000000004
47,Female,Medium,Healthy,24.4,0.0,0.9,2.0,5995,1210,62.0,2.0,5.4,Low,0.5999999999999996
30,Male,High,Healthy,21.9,348.0,2.4,3.9,13119,2050,55.0,1.2,5.0,Low,1.2000000000000002
38,Male,Medium,Healthy,23.4,31.0,2.2,5.0,7861,1483,59.0,1.7,4.1,Low,0.40000000000000036
36,Female,Medium,Average,22.9,63.0,4.0,8.8,9731,1495,53.0,1.3,3.0,Low,3.0999999999999996
36,Male,Low,Healthy,27.9,304.0,2.7,9.0,4651,1764,81.0,1.4,3.4,Medium,1.4000000000000004
42,Male,Low,Average,26.4,339.0,2.5,8.3,4778,1211,81.0,1.3,5.3,Medium,0.09999999999999964
39,Female,Medium,Healthy,27.8,108.0,2.4,9.2,10437,2262,64.0,1.6,4.4,Medium,0.40000000000000036
48,Female,Medium,Average,20.4,296.0,2.3,4.2,7555,1185,61.0,2.9,5.8,Low,0.6999999999999993
34,Female,Medium,Healthy,30.7,284.0,2.9,4.0,10925,2149,69.0,1.8,3.8,Low,1.5
40,Female,Medium,Unhealthy,23.3,153.0,2.0,10.1,7823,1478,61.0,1.3,3.5,Medium,1.0
49,Female,High,Average,20.6,223.0,2.9,7.3,16686,1493,50.0,2.2,4.4,Low,0.7999999999999998
27,Male,Medium,Unhealthy,34.9,157.0,2.6,5.3,9190,2218,81.0,1.9,4.5,Low,0.9000000000000004
53,Female,Medium,Healthy,23.4,162.0,2.2,4.4,10316,2192,58.0,1.9,5.9,Low,0.09999999999999964
25,Male,Medium,Unhealthy,23.7,222.0,2.4,3.8,5835,1495,66.0,1.4,4.5,Low,1.5999999999999996
69,Female,High,Average,24.2,172.0,3.5,9.0,16833,1756,54.0,1.3,3.7,Medium,0.9000000000000004
37,Female,Medium,Average,24.4,318.0,2.6,9.8,8357,1183,67.0,1.0,2.9,Medium,1.9000000000000004
49,Male,Medium,Healthy,21.9,420.0,2.0,8.4,12076,1429,61.0,1.4,3.7,Medium,0.7000000000000002
67,Female,Medium,Healthy,25.6,162.0,3.1,5.8,7472,1630,66.0,1.6,3.6,Low,1.7000000000000002
31,Female,Medium,Unhealthy,29.3,71.0,1.9,8.6,8586,1733,69.0,1.1,3.6,Medium,1.4000000000000004
67,Male,Low,Average,26.3,496.0,2.3,8.5,3765,1618,82.0,2.1,3.6,Medium,2.0
45,Other,High,Healthy,20.6,217.0,2.7,2.0,15988,1742,50.0,1.8,4.8,Low,1.5999999999999996
63,Female,Low,Average,23.6,0.0,1.9,6.1,1000,970,69.0,1.6,4.6,Medium,0.9000000000000004
69,Male,Medium,Healthy,22.8,479.0,1.1,7.7,5179,1265,77.0,1.5,2.8,Medium,1.7000000000000002
41,Female,Medium,Healthy,25.2,368.0,2.9,9.8,9337,1460,68.0,2.6,3.8,Low,0.5
39,Female,Medium,Average,24.4,415.0,1.8,7.4,3993,1465,73.0,1.1,3.2,Medium,1.7000000000000002
47,Female,Medium,Average,24.6,596.0,3.1,6.8,6731,1378,74.0,1.4,3.0,Medium,2.3
21,Female,Medium,Unhealthy,32.1,44.0,2.8,7.7,7214,1565,69.0,1.3,3.3,Medium,1.2999999999999998
40,Female,Medium,Average,27.3,126.0,1.8,5.5,9863,1824,66.0,1.6,4.0,Low,0.9000000000000004
25,Female,High,Average,32.8,121.0,2.2,2.0,17769,2414,61.0,1.7,5.8,Low,0.3000000000000007
29,Male,Medium,Average,17.5,126.0,2.4,8.2,7761,1330,59.0,2.3,4.6,Low,1.4000000000000004
48,Other,Medium,Healthy,28.3,21.0,1.5,5.0,8227,1956,68.0,1.7,5.3,Low,0.40000000000000036
31,Female,Medium,Average,18.6,68.0,1.8,6.4,5036,1199,59.0,2.3,4.8,Low,1.2000000000000002
51,Female,Medium,Average,26.8,155.0,2.2,8.0,10506,1787,70.0,1.6,2.9,Low,1.7000000000000002
35,Female,Low,Average,18.1,371.0,2.8,13.8,4556,1114,67.0,1.8,2.8,High,1.2000000000000002
51,Female,Low,Unhealthy,23.1,113.0,2.6,6.8,5275,1188,67.0,1.2,4.3,Medium,0.9000000000000004
28,Female,Medium,Average,23.5,321.0,1.5,8.8,7108,1319,71.0,2.1,4.6,Medium,2.0
58,Female,Medium,Healthy,21.9,1.0,3.6,6.5,6442,1306,59.0,1.9,3.7,Low,0.5
29,Male,Medium,Average,23.6,0.0,1.9,7.9,6861,1674,62.0,2.6,5.4,Low,0.0
66,Female,Medium,Healthy,29.1,180.0,2.9,6.9,7779,1819,69.0,1.9,3.6,Low,1.5
32,Female,Medium,Healthy,22.1,108.0,1.7,5.9,7148,1242,59.0,1.9,3.8,Low,0.5
48,Female,Medium,Healthy,27.2,67.0,4.5,6.5,9811,1623,65.0,2.2,5.1,Low,0.40000000000000036
66,Female,High,Average,21.1,50.0,3.6,10.1,21998,1502,50.0,1.3,3.1,Medium,0.5
46,Female,Low,Healthy,24.2,93.0,1.9,7.7,4873,1494,63.0,1.1,3.0,Medium,1.0
43,Male,Medium,Average,26.3,51.0,2.6,4.0,4105,1437,73.0,2.0,6.9,Low,0.9000000000000004
35,Male,Medium,Healthy,21.0,65.0,1.7,5.9,8310,1419,54.0,1.3,3.3,Low,1.0
49,Male,Low,Average,19.8,0.0,2.2,4.8,2218,1684,63.0,2.4,4.5,Low,0.5999999999999996
39,Male,Medium,Average,27.0,0.0,2.8,9.3,7184,1547,67.0,1.4,3.5,Low,1.2999999999999998
55,Other,Medium,Healthy,29.5,0.0,3.2,5.1,7928,1835,70.0,2.2,4.7,Low,0.20000000000000018
40,Male,Medium,Average,23.2,190.0,1.9,9.4,5929,1363,69.0,1.2,4.0,Medium,0.5
41,Female,Medium,Average,25.6,428.0,3.3,7.4,9043,1447,67.0,1.6,2.9,Medium,2.5999999999999996
67,Female,Low,Average,25.2,173.0,3.6,8.4,1009,1080,78.0,1.1,4.7,Medium,0.9000000000000004
58,Female,Medium,Unhealthy,17.5,246.0,3.3,9.1,6195,906,53.0,2.7,4.7,Low,0.09999999999999964
23,Female,Low,Healthy,20.7,296.0,1.5,3.9,4418,1258,74.0,1.4,4.5,Low,0.7000000000000002
22,Male,Low,Average,21.6,12.0,2.3,5.8,1982,1096,66.0,1.0,3.2,Medium,2.5
46,Female,Medium,Average,25.7,245.0,2.2,9.5,10754,1625,62.0,2.3,4.5,Low,1.0999999999999996
45,Female,High,Average,27.5,0.0,4.0,11.3,12215,1894,61.0,1.5,3.5,Medium,0.9000000000000004
28,Female,Low,Healthy,26.0,394.0,2.5,5.9,3075,1441,78.0,1.2,4.0,Medium,2.2
18,Male,Low,Healthy,19.8,359.0,2.3,6.8,4648,1182,66.0,1.2,2.1,Low,3.5
60,Male,Low,Unhealthy,30.8,0.0,2.0,4.0,4316,1647,83.0,2.7,6.2,Low,1.0999999999999996
36,Female,Medium,Average,30.1,68.0,2.3,6.8,5236,1860,66.0,2.4,6.1,Low,1.3000000000000007
26,Male,Medium,Unhealthy,20.0,215.0,1.9,9.8,10215,1007,56.0,1.1,2.8,Medium,2.3
44,Male,Medium,Unhealthy,26.3,326.0,2.6,2.5,9617,1546,69.0,2.4,5.2,Low,0.7000000000000002
51,Female,Medium,Average,22.6,428.0,2.5,7.0,10564,1392,61.0,1.6,3.7,Medium,1.9000000000000004
61,Male,Medium,Healthy,25.6,104.0,2.1,8.8,9091,1772,61.0,2.6,4.8,Low,0.2999999999999998
53,Female,Low,Average,33.5,192.0,2.6,6.5,1191,1527,79.0,1.2,4.2,Medium,1.2999999999999998
32,Female,Low,Average,26.2,284.0,2.3,5.0,3415,1606,77.0,1.6,4.0,Low,1.7000000000000002
68,Male,Low,Unhealthy,23.6,246.0,2.1,5.1,3184,1455,73.0,1.5,4.8,Low,0.2999999999999998
30,Female,High,Healthy,25.7,238.0,0.7,2.4,11856,1945,62.0,1.9,5.4,Low,0.3000000000000007
36,Male,Medium,Healthy,30.4,499.0,3.2,7.8,9018,1904,76.0,1.0,2.3,Medium,1.9000000000000004
66,Male,Medium,Average,24.8,237.0,1.0,7.6,9600,1680,64.0,2.6,5.6,Medium,0.20000000000000018
23,Female,Medium,Unhealthy,21.5,52.0,1.1,5.6,7067,1305,61.0,2.2,5.2,Low,1.7000000000000002
65,Male,Low,Unhealthy,18.5,74.0,3.2,4.8,4410,1036,60.0,1.5,4.2,Medium,1.5999999999999996
68,Male,Medium,Healthy,26.0,302.0,0.8,7.2,6660,1705,73.0,1.4,3.9,Low,0.5
54,Male,Medium,Average,22.4,0.0,3.6,4.0,7211,1049,56.0,1.5,6.2,Low,0.9000000000000004
34,Female,High,Unhealthy,29.1,0.0,2.0,2.1,18259,1923,54.0,1.4,4.0,Low,1.5999999999999996
40,Male,Medium,Average,23.3,203.0,3.5,2.7,4848,1732,76.0,1.3,4.1,Low,1.2000000000000002
43,Male,Medium,Average,24.5,292.0,1.8,3.4,8490,1541,73.0,1.6,4.1,Low,0.09999999999999964
46,Female,Low,Average,24.9,98.0,1.2,4.0,1000,1313,76.0,1.9,4.7,High,1.7000000000000002
44,Female,Low,Average,25.9,31.0,1.5,7.2,2214,1480,77.0,1.8,4.4,Low,1.0999999999999996
42,Other,High,Unhealthy,29.6,446.0,2.8,6.6,11370,2209,71.0,2.3,4.7,Low,0.09999999999999964
27,Male,Medium,Unhealthy,20.4,274.0,3.0,7.9,5505,1530,70.0,1.4,2.8,Medium,1.2000000000000002
64,Female,Low,Unhealthy,27.0,350.0,3.2,8.0,4301,1218,75.0,2.2,4.8,Medium,0.5
40,Male,Medium,Average,25.7,374.0,2.3,7.8,10799,1950,65.0,2.3,4.9,Low,0.20000000000000018
38,Male,Medium,Unhealthy,28.5,144.0,1.8,4.4,5941,1157,71.0,1.4,5.0,Low,0.40000000000000036
60,Other,Low,Healthy,25.2,174.0,2.6,3.7,5092,1155,76.0,1.9,4.7,Low,2.0
30,Female,Low,Unhealthy,26.9,262.0,2.4,5.6,5812,1201,75.0,1.2,4.2,Low,1.5
54,Female,Medium,Average,27.9,363.0,4.1,9.8,8241,1845,78.0,1.3,3.2,Medium,2.5
50,Female,Low,Unhealthy,23.0,480.0,3.5,12.9,5062,1315,71.0,0.8,2.7,High,2.5999999999999996
41,Female,Medium,Average,26.2,322.0,2.5,8.4,8920,1536,66.0,2.5,4.7,Medium,0.7000000000000002
61,Female,High,Healthy,24.0,323.0,2.7,7.9,15375,1796,65.0,2.6,5.2,Low,0.2999999999999998
28,Male,High,Healthy,24.5,488.0,3.7,9.7,11790,2047,61.0,2.2,3.6,Low,1.5999999999999996
34,Male,Low,Average,23.7,169.0,1.9,10.8,1009,1166,79.0,1.3,3.2,Medium,0.5
21,Male,Medium,Average,26.9,378.0,0.9,4.7,7302,1702,74.0,1.2,3.8,Medium,2.3
64,Male,Low,Average,25.3,286.0,1.7,14.0,2849,1505,75.0,1.8,3.8,Medium,0.20000000000000018
42,Female,Medium,Average,26.6,292.0,2.2,11.0,7444,1384,74.0,2.4,3.7,Medium,1.0999999999999996
47,Female,High,Average,24.9,167.0,3.6,3.6,16884,2033,57.0,2.8,6.7,Low,1.0999999999999996
26,Female,Medium,Healthy,18.6,0.0,3.3,4.5,10871,1548,51.0,2.0,4.7,Low,0.7999999999999998
38,Other,High,Unhealthy,25.1,251.0,2.5,14.0,14452,2033,59.0,1.3,1.4,High,2.0999999999999996
37,Female,High,Average,25.3,252.0,2.9,9.6,10447,1653,65.0,2.8,5.0,Medium,0.1999999999999993
36,Male,Low,Unhealthy,26.0,113.0,1.9,5.5,3416,1623,73.0,2.1,4.1,Medium,0.7000000000000002
36,Male,Medium,Healthy,22.6,185.0,4.2,7.2,6455,1486,61.0,1.6,2.2,Medium,1.5999999999999996
29,Male,Low,Unhealthy,20.2,67.0,3.5,8.9,4185,1190,61.0,1.8,3.8,Medium,1.0
54,Male,Medium,Healthy,27.5,68.0,2.5,9.2,7066,1840,72.0,1.1,3.6,Low,1.4000000000000004
59,Female,Low,Average,23.9,127.0,2.4,10.4,5353,1757,66.0,1.6,3.4,Medium,1.0999999999999996
34,Female,High,Average,25.7,0.0,3.1,7.6,11456,1927,55.0,1.5,4.9,Low,0.6999999999999993
54,Female,Medium,Unhealthy,23.9,112.0,2.5,7.7,12366,1674,56.0,2.1,4.1,Medium,1.0
65,Female,Medium,Average,25.0,307.0,1.0,6.1,5055,1354,72.0,1.7,3.4,Low,2.9000000000000004
56,Female,Medium,Healthy,23.2,418.0,3.7,4.7,8611,1609,63.0,2.1,3.5,Low,1.9000000000000004
45,Male,Medium,Unhealthy,21.1,511.0,3.4,4.6,4778,1276,72.0,2.2,3.3,Medium,1.7000000000000002
58,Female,Medium,Average,26.9,139.0,2.8,6.6,10095,1973,65.0,1.3,4.0,Low,1.0999999999999996
52,Male,Low,Healthy,22.6,380.0,2.2,7.9,4070,1102,71.0,1.2,2.5,Medium,3.2
64,Male,Medium,Average,25.7,250.0,2.5,3.4,8411,1828,69.0,2.0,4.1,Low,1.2000000000000002
35,Female,Medium,Average,22.7,260.0,1.6,5.3,10171,1506,61.0,2.2,3.8,Low,1.5999999999999996
31,Male,Low,Average,20.2,365.0,3.9,4.9,4964,1325,65.0,1.4,4.1,Medium,1.2000000000000002
52,Male,Low,Average,34.7,125.0,2.9,6.9,3181,1839,87.0,2.2,3.6,Medium,0.09999999999999964
61,Female,High,Average,22.9,121.0,0.9,2.0,13950,1790,56.0,1.6,5.7,Low,0.40000000000000036
58,Female,Low,Average,27.5,138.0,1.8,7.9,2664,1758,80.0,1.6,3.8,Medium,2.5
24,Male,Medium,Average,32.8,105.0,1.0,4.5,6061,1769,78.0,1.9,5.1,Low,1.0
58,Male,Low,Unhealthy,28.2,379.0,1.9,2.2,3077,1252,80.0,1.9,5.0,Low,1.4000000000000004
30,Female,Low,Healthy,23.8,85.0,2.4,7.4,3589,1106,70.0,1.9,3.8,Low,1.2000000000000002
35,Male,Low,Unhealthy,24.7,111.0,3.8,7.4,4002,1377,69.0,1.3,5.0,Low,1.0
54,Female,Medium,Unhealthy,21.7,246.0,3.1,11.9,7911,1650,68.0,1.0,1.4,Medium,2.8
30,Female,High,Average,28.5,234.0,2.3,7.4,11404,1818,69.0,1.8,5.0,Low,0.5
53,Male,Medium,Unhealthy,27.3,138.0,2.3,7.4,9518,2176,61.0,1.9,4.5,Medium,1.4000000000000004
48,Male,Medium,Average,22.9,452.0,1.9,7.1,10179,1297,64.0,1.2,3.1,Medium,1.4000000000000004
26,Male,High,Average,28.9,0.0,1.4,6.9,6492,1591,70.0,1.5,4.8,Low,1.1999999999999993
26,Female,Medium,Average,25.5,154.0,1.1,6.6,6003,1364,64.0,1.6,4.2,Low,1.2000000000000002
55,Male,Medium,Average,25.9,1.0,2.2,4.9,5023,1500,67.0,1.4,4.2,Low,1.0
28,Female,Medium,Healthy,21.7,62.0,2.3,8.4,4454,1016,65.0,1.2,3.3,Low,2.0
39,Female,Medium,Healthy,19.1,0.0,2.7,4.6,10287,1475,50.0,2.2,4.9,Low,0.0
50,Male,Medium,Average,28.9,66.0,1.2,8.8,11390,1939,64.0,2.0,4.0,Low,1.0999999999999996
53,Male,Low,Average,25.2,188.0,1.9,8.0,4011,1348,74.0,1.1,4.0,Low,1.2999999999999998
62,Male,Low,Average,28.6,163.0,2.4,10.5,4706,1660,72.0,1.2,2.2,Medium,2.4000000000000004
62,Female,High,Healthy,24.1,151.0,3.2,10.3,17509,1856,53.0,2.5,4.1,Low,0.40000000000000036
62,Male,Low,Average,27.9,124.0,4.0,7.5,4420,1473,73.0,1.8,4.1,Low,0.2999999999999998
51,Female,High,Unhealthy,27.9,194.0,2.1,6.8,12435,2026,58.0,1.7,5.7,Low,0.40000000000000036
41,Male,Medium,Average,23.8,241.0,2.2,8.0,7636,1591,67.0,2.5,4.5,Medium,0.2999999999999998
25,Female,Low,Unhealthy,27.5,169.0,1.8,5.8,4293,1710,71.0,2.5,4.8,Low,0.2999999999999998
24,Female,Medium,Unhealthy,29.4,134.0,1.9,6.9,9386,2125,68.0,2.7,4.6,Low,0.2999999999999998
53,Male,Low,Healthy,24.6,316.0,3.1,8.9,9640,1551,63.0,1.9,3.9,Low,2.2
35,Male,Medium,Average,22.9,290.0,2.0,6.9,11572,1343,60.0,2.6,4.7,Low,0.5
20,Female,Low,Healthy,30.4,195.0,2.1,7.8,4225,1637,78.0,2.0,4.9,Low,0.0
45,Male,Medium,Average,22.4,379.0,1.6,10.8,6120,1400,70.0,1.9,4.7,Medium,1.5
23,Male,Low,Average,27.5,212.0,3.0,8.4,1000,1291,82.0,1.7,3.7,Medium,1.7999999999999998
61,Female,Low,Healthy,24.8,175.0,2.9,5.3,5926,1503,68.0,1.9,4.8,Low,1.5999999999999996
61,Female,Low,Unhealthy,17.6,189.0,3.7,6.0,5679,1455,66.0,2.2,5.2,Low,0.5999999999999996
38,Female,Low,Average,29.5,224.0,3.0,7.4,3058,1483,84.0,1.7,3.9,Low,1.0
57,Female,Low,Healthy,17.5,0.0,3.0,3.7,4312,1235,60.0,1.9,5.2,Low,1.2000000000000002
18,Female,High,Healthy,27.1,242.0,2.3,7.5,15782,1738,57.0,2.4,5.2,Low,0.5
53,Female,Medium,Average,27.1,325.0,2.6,10.4,11309,1809,68.0,1.5,4.1,Low,1.9000000000000004
38,Female,Medium,Unhealthy,22.4,49.0,3.2,8.5,5393,1230,66.0,1.3,3.2,Medium,2.2
60,Female,Low,Unhealthy,25.6,360.0,1.8,6.7,5010,1149,77.0,2.1,3.8,Medium,1.4000000000000004
52,Male,Medium,Average,17.5,0.0,3.9,2.7,8437,1183,56.0,1.8,5.6,Low,0.5
30,Male,Low,Healthy,27.8,116.0,3.0,10.8,3234,1393,77.0,2.3,3.6,Low,1.0999999999999996
66,Female,Medium,Healthy,26.0,455.0,4.1,5.8,9612,1785,71.0,1.6,4.4,Low,1.7000000000000002
27,Female,Medium,Unhealthy,24.8,253.0,1.6,4.6,7777,1591,71.0,1.9,5.7,Low,0.40000000000000036
61,Male,Medium,Healthy,25.1,154.0,1.6,7.6,7839,1603,66.0,1.5,4.0,Low,1.7000000000000002
64,Female,Medium,Average,27.0,237.0,2.8,10.6,8627,1505,67.0,1.7,3.2,Low,1.2999999999999998
27,Male,High,Average,24.9,379.0,2.6,8.0,12626,1636,65.0,1.4,3.5,Low,1.5
30,Female,Low,Average,33.8,397.0,1.5,7.6,3403,1648,87.0,2.1,3.5,Medium,1.9000000000000004
54,Female,Medium,Unhealthy,29.8,126.0,2.3,7.3,11380,1937,65.0,2.5,4.7,Low,0.0
55,Male,High,Unhealthy,19.9,306.0,2.7,5.8,14685,1652,53.0,1.3,3.8,Medium,0.40000000000000036
41,Female,Medium,Unhealthy,23.6,107.0,1.5,7.2,6659,1596,69.0,1.6,3.9,Low,0.7999999999999998
19,Male,Low,Average,24.1,452.0,2.2,4.9,4463,1275,74.0,1.6,4.2,Medium,1.7000000000000002
39,Male,Medium,Healthy,29.3,195.0,2.8,4.5,9979,1785,64.0,2.3,4.3,Low,1.0
34,Male,High,Unhealthy,17.5,0.0,3.1,8.4,9274,1285,50.0,2.0,4.2,Low,0.1999999999999993
53,Female,Low,Healthy,23.0,270.0,2.3,6.0,5900,1239,65.0,1.6,4.5,Medium,0.5999999999999996
31,Male,Low,Average,18.0,395.0,1.9,6.9,4510,803,64.0,2.0,4.2,Medium,1.2999999999999998
27,Male,High,Average,23.9,378.0,2.6,5.1,13908,1822,58.0,2.3,5.3,Medium,0.20000000000000018
52,Female,High,Average,23.1,214.0,2.3,5.6,11941,1580,57.0,1.5,5.5,Low,0.5999999999999996
42,Female,Medium,Average,25.3,321.0,1.3,5.8,8694,1719,70.0,1.3,4.5,Low,0.7999999999999998
20,Female,High,Unhealthy,22.6,136.0,2.1,5.5,11349,1469,61.0,1.6,4.4,Low,1.7999999999999998
64,Female,Low,Unhealthy,22.0,288.0,2.0,6.0,1016,1158,78.0,2.3,4.9,Medium,1.0
55,Male,Medium,Average,27.5,254.0,2.5,7.5,6573,1277,71.0,1.7,3.2,Medium,0.3000000000000007
34,Female,Medium,Healthy,26.8,0.0,1.9,10.5,7454,1759,64.0,2.1,3.8,Low,0.2999999999999998
29,Female,Medium,Average,27.2,49.0,2.1,8.9,9226,1621,72.0,1.6,3.1,Medium,1.0
69,Male,Medium,Average,24.3,231.0,2.4,6.2,7562,1489,62.0,1.2,4.2,Low,0.5
41,Male,High,Unhealthy,22.7,224.0,3.0,5.4,10564,1527,63.0,1.8,4.4,Low,0.7000000000000002
60,Male,Low,Healthy,27.0,213.0,4.6,5.3,4030,1524,77.0,2.5,4.3,Medium,0.40000000000000036
42,Female,Medium,Average,17.5,381.0,1.5,4.3,9291,1249,63.0,1.7,4.3,Low,0.0
53,Female,Medium,Average,26.6,253.0,3.2,7.1,9626,1758,68.0,1.5,3.1,Low,2.5
43,Female,Low,Average,26.2,0.0,2.4,11.2,1957,1136,76.0,2.0,3.5,Medium,2.0999999999999996
55,Female,High,Average,25.2,492.0,1.4,6.0,14153,1980,73.0,1.8,4.0,Low,1.4000000000000004
18,Male,Low,Average,24.4,0.0,2.2,3.4,5160,1401,62.0,2.7,6.1,Low,0.1999999999999993
37,Female,Low,Average,17.5,343.0,1.3,6.5,2690,1050,72.0,2.0,4.5,Medium,0.5
45,Male,Medium,Healthy,23.2,0.0,2.6,5.9,11600,1598,58.0,2.0,4.7,Low,0.5999999999999996
33,Other,Medium,Unhealthy,32.2,413.0,2.3,10.2,7011,1677,77.0,1.4,2.6,Medium,3.4000000000000004
64,Male,Medium,Healthy,25.1,158.0,2.0,2.3,10039,2162,64.0,2.6,4.9,Low,0.5
34,Female,Medium,Average,23.8,257.0,1.7,4.5,9382,1590,64.0,1.9,5.1,Low,0.5999999999999996
57,Male,Medium,Average,25.1,0.0,3.3,8.9,6624,1204,67.0,2.1,4.2,Low,0.5999999999999996
45,Male,Low,Healthy,26.4,309.0,2.4,3.1,4024,1462,77.0,1.5,4.1,Low,2.8
29,Male,Low,Unhealthy,27.6,262.0,2.7,8.4,6046,1543,76.0,1.4,5.1,Medium,0.20000000000000018
44,Female,Medium,Average,24.1,292.0,2.6,5.3,6926,1449,66.0,1.4,4.7,Low,1.2999999999999998
59,Female,Medium,Healthy,26.7,342.0,2.6,9.6,8354,1341,77.0,2.4,4.3,Low,0.7000000000000002
64,Male,High,Unhealthy,31.7,226.0,2.2,6.9,9483,1970,73.0,1.6,4.9,Low,0.0
47,Female,Medium,Average,29.0,168.0,3.7,6.6,8719,1624,75.0,1.8,3.7,Medium,1.5
58,Female,Medium,Average,34.4,78.0,4.3,8.5,7190,2302,78.0,1.2,3.1,Low,0.7000000000000002
51,Female,Medium,Unhealthy,22.4,133.0,3.7,7.0,9047,1460,64.0,2.5,4.5,Low,0.09999999999999964
54,Female,Low,Unhealthy,31.7,380.0,2.5,3.9,2733,1838,86.0,1.5,4.2,Low,2.5
23,Male,Medium,Average,21.8,74.0,2.5,5.7,8639,1612,63.0,2.0,4.7,Low,0.0
24,Male,Medium,Healthy,26.4,0.0,3.4,2.9,7299,1701,62.0,2.0,4.8,Low,1.4000000000000004
49,Female,Medium,Average,27.9,51.0,1.9,4.8,2724,1536,78.0,2.0,4.5,Low,1.2999999999999998
49,Female,Low,Average,23.0,290.0,3.9,2.0,4131,1534,70.0,1.3,5.6,Low,1.7000000000000002
50,Female,Low,Healthy,28.6,290.0,2.3,6.9,2355,1673,78.0,2.3,4.4,Low,1.0999999999999996
24,Male,Low,Healthy,22.2,0.0,2.7,8.3,3033,1148,65.0,1.1,3.2,Medium,2.4000000000000004
69,Female,Medium,Unhealthy,31.7,0.0,3.0,4.9,10650,2029,66.0,1.5,4.5,Low,1.0999999999999996
29,Male,High,Average,19.5,239.0,2.2,8.3,15669,1359,51.0,1.5,3.5,Medium,1.4000000000000004
33,Other,Medium,Average,32.8,350.0,3.3,8.9,7342,1672,81.0,2.0,3.6,Low,1.5
33,Male,Medium,Healthy,29.0,0.0,3.5,9.3,8591,1778,65.0,1.4,3.9,Low,1.5999999999999996
60,Female,Medium,Average,24.6,278.0,2.3,6.8,6748,1714,71.0,1.6,3.0,Medium,2.4000000000000004
53,Female,Low,Unhealthy,23.4,378.0,2.1,9.5,7707,1437,70.0,2.1,4.3,Medium,0.5999999999999996
30,Male,Low,Unhealthy,23.0,199.0,2.4,5.5,5330,1701,67.0,1.8,4.0,Medium,1.0
24,Male,Low,Average,24.5,335.0,1.6,7.9,6563,1567,70.0,1.8,3.5,Medium,1.5999999999999996
53,Female,Medium,Unhealthy,24.8,228.0,1.2,7.1,8183,1533,66.0,1.6,4.4,Low,0.09999999999999964
64,Female,Medium,Average,30.0,160.0,2.2,4.1,5452,2014,82.0,1.6,5.3,Low,0.8000000000000007
68,Male,High,Unhealthy,32.9,323.0,1.7,2.4,15510,2527,65.0,1.7,4.9,Low,0.40000000000000036
26,Female,High,Healthy,25.8,486.0,3.9,6.3,17765,1728,62.0,1.5,3.7,Low,2.0
49,Female,Medium,Unhealthy,21.6,116.0,2.1,6.3,10594,1496,55.0,1.8,4.7,Low,0.9000000000000004
28,Male,Medium,Average,22.8,186.0,2.9,6.3,4624,1427,67.0,1.6,5.3,Low,0.8000000000000007
25,Male,Medium,Healthy,24.3,51.0,2.0,9.6,8422,1696,63.0,1.8,3.5,Low,1.7999999999999998
50,Female,Low,Unhealthy,20.9,223.0,3.9,10.4,1603,1230,74.0,1.0,2.6,Medium,2.3
40,Female,High,Healthy,20.3,176.0,2.3,8.6,12242,1471,55.0,2.6,4.7,Medium,0.5999999999999996
25,Female,Medium,Healthy,26.2,412.0,3.0,6.8,10662,1715,70.0,2.2,4.5,Low,1.2999999999999998
62,Male,Medium,Healthy,21.7,318.0,2.7,7.4,8444,1272,66.0,1.7,3.2,Low,1.2000000000000002
39,Male,Medium,Unhealthy,28.3,357.0,3.5,8.1,5704,1370,75.0,2.2,3.4,Low,1.5999999999999996
21,Male,Medium,Average,20.3,94.0,2.4,7.4,9198,1486,56.0,2.3,4.3,Low,1.4000000000000004
57,Male,High,Average,20.6,56.0,2.6,8.5,11447,1603,53.0,1.8,4.3,Low,0.7999999999999998
20,Female,Low,Healthy,21.8,265.0,1.3,7.1,3561,1583,74.0,1.9,2.9,Medium,2.0999999999999996
46,Female,Low,Average,31.6,203.0,3.2,5.8,4135,1627,82.0,1.9,4.5,Low,1.2000000000000002
58,Male,Medium,Average,24.0,499.0,2.6,7.7,6660,1539,74.0,1.2,2.9,Medium,1.9000000000000004
46,Male,Low,Average,17.5,0.0,2.4,6.4,4954,1022,59.0,1.6,4.5,Low,0.9000000000000004
51,Female,Medium,Average,29.8,292.0,2.3,10.6,9504,1841,69.0,2.0,3.1,Low,1.2999999999999998
45,Female,High,Unhealthy,17.6,85.0,3.2,14.0,18275,1620,50.0,1.5,3.2,Low,1.0
30,Female,Medium,Average,23.7,54.0,1.8,11.1,7713,1770,65.0,1.4,3.8,Low,1.2999999999999998
32,Female,High,Average,27.1,149.0,3.1,4.2,10319,1681,65.0,1.8,4.9,Low,0.20000000000000018
40,Female,Medium,Average,26.6,0.0,1.2,10.1,5738,1640,72.0,0.9,3.2,Low,1.9000000000000004
61,Male,High,Average,32.2,418.0,1.0,6.7,19205,2258,70.0,1.3,3.9,Low,1.7999999999999998
43,Male,Low,Average,21.6,605.0,3.6,8.4,6422,1044,75.0,1.3,3.4,Medium,1.0999999999999996
21,Male,Medium,Average,25.2,148.0,1.7,10.9,10676,1655,59.0,2.3,3.7,Low,1.2000000000000002
43,Female,High,Unhealthy,22.2,104.0,2.6,5.1,12243,1982,54.0,2.2,5.4,Low,1.0999999999999996
57,Female,Medium,Unhealthy,18.8,3.0,2.3,5.8,11376,1231,50.0,1.5,4.3,Medium,2.0999999999999996
26,Female,High,Average,28.5,35.0,2.8,8.9,13490,1771,65.0,1.4,3.6,Medium,0.1999999999999993
22,Male,Low,Average,26.9,111.0,2.5,6.1,4514,1350,79.0,2.6,5.6,Low,0.2999999999999998
37,Male,Medium,Average,26.7,678.0,1.4,9.4,10522,1976,73.0,1.8,3.3,Medium,2.2
67,Male,Low,Unhealthy,22.3,91.0,3.0,7.9,4811,1434,64.0,1.4,3.7,Medium,0.9000000000000004
28,Female,Low,Average,21.0,64.0,2.5,6.9,6062,1563,59.0,1.8,4.4,Medium,1.5999999999999996
49,Female,High,Average,29.6,267.0,2.1,12.6,13391,1993,68.0,1.7,3.6,Medium,1.4000000000000004
45,Female,Medium,Average,31.4,251.0,1.2,9.5,7359,1774,73.0,1.1,2.8,Medium,2.3
39,Female,High,Healthy,28.2,215.0,1.2,4.8,10551,2037,67.0,2.5,5.3,Low,0.2999999999999998
58,Female,Medium,Healthy,25.1,133.0,2.2,7.3,2403,1373,71.0,2.1,4.3,Low,0.7999999999999998
34,Male,High,Average,26.1,403.0,3.4,10.0,17124,1806,53.0,1.3,2.3,Medium,2.2
43,Female,Medium,Average,25.0,314.0,2.8,9.9,7531,1656,68.0,1.6,3.8,Medium,1.0
61,Female,Low,Unhealthy,20.9,308.0,3.5,3.2,5114,1185,64.0,1.1,4.8,Medium,1.4000000000000004
24,Female,Low,Healthy,25.1,255.0,2.6,5.7,4897,1673,72.0,1.5,4.5,Medium,1.5999999999999996
59,Male,High,Healthy,19.7,171.0,3.7,4.2,14474,1370,52.0,1.6,5.0,Low,0.3000000000000007
43,Male,Medium,Healthy,24.5,92.0,3.7,8.6,9888,1734,63.0,2.4,4.5,Low,0.5
42,Male,Low,Average,31.5,277.0,1.7,4.7,5607,1831,80.0,1.3,4.0,Low,1.7000000000000002
27,Female,Low,Average,28.3,263.0,2.6,10.9,2572,1554,82.0,1.8,3.5,Medium,1.2999999999999998
62,Male,Low,Unhealthy,21.3,285.0,1.9,10.2,6299,1372,63.0,1.9,3.4,High,1.2999999999999998
36,Female,High,Average,24.7,0.0,2.4,6.4,16593,1860,50.0,2.0,4.9,Low,0.5
28,Female,Medium,Unhealthy,21.7,250.0,3.8,3.8,6248,1435,65.0,2.1,4.7,Low,0.40000000000000036
30,Male,Medium,Healthy,24.7,153.0,2.0,5.0,6701,1559,63.0,1.8,4.1,Low,2.3
25,Female,High,Healthy,29.2,68.0,1.6,8.1,10271,1893,63.0,1.7,4.7,Low,1.0
21,Male,High,Average,34.9,226.0,2.2,6.9,13469,2015,70.0,1.7,4.3,Low,1.0
64,Female,Medium,Average,29.8,553.0,5.0,2.0,3014,1727,89.0,0.9,4.0,Medium,2.0999999999999996
48,Male,High,Average,25.8,272.0,3.7,8.7,12337,1827,61.0,1.4,3.2,Medium,3.0999999999999996
28,Female,Medium,Healthy,24.2,183.0,2.5,2.0,8211,1658,65.0,1.4,3.9,Low,1.0999999999999996
60,Female,Medium,Average,20.5,24.0,2.0,9.5,4921,1353,61.0,1.3,4.0,Medium,2.3
18,Other,Low,Average,30.2,384.0,3.3,4.0,4174,1599,80.0,2.3,5.3,Low,0.9000000000000004
66,Female,Medium,Unhealthy,29.0,247.0,1.6,7.6,11001,1759,72.0,2.4,4.5,Medium,0.0
64,Female,Medium,Unhealthy,24.0,249.0,1.7,7.2,8374,1629,69.0,2.2,3.5,Medium,1.2000000000000002
69,Female,Low,Healthy,26.1,40.0,2.0,5.0,4884,1795,70.0,2.0,3.9,Low,2.2
55,Female,Medium,Unhealthy,30.0,316.0,1.9,7.5,11126,1903,69.0,1.6,3.8,Medium,2.0
41,Female,High,Average,28.4,59.0,3.0,5.6,13716,1766,58.0,1.5,4.6,Low,0.5999999999999996
64,Male,Medium,Average,19.1,116.0,2.2,7.1,7746,1422,56.0,1.8,4.5,Medium,0.7999999999999998
48,Female,Medium,Healthy,26.0,218.0,3.3,6.0,8689,1480,65.0,1.9,4.0,Low,2.0999999999999996
58,Male,Low,Average,24.3,112.0,1.9,5.7,2672,1384,72.0,1.9,5.6,Low,1.1999999999999993
63,Female,Low,Healthy,29.5,81.0,3.2,5.4,2958,1392,70.0,1.8,5.3,Low,1.2000000000000002
67,Male,Medium,Average,29.1,192.0,1.6,4.8,3921,1554,82.0,1.3,4.9,Low,1.0999999999999996
43,Female,High,Healthy,30.3,351.0,3.0,9.1,20865,2347,58.0,1.2,2.9,Medium,1.4000000000000004
66,Male,High,Average,20.5,334.0,2.1,5.9,16492,1625,50.0,2.1,4.4,Medium,0.09999999999999964
67,Male,Medium,Average,21.9,306.0,3.2,4.2,6105,1385,72.0,2.3,4.4,Low,1.2000000000000002
22,Female,Medium,Unhealthy,29.5,272.0,0.5,6.0,10047,1940,72.0,1.1,2.9,Low,2.5999999999999996
37,Male,Medium,Average,22.6,128.0,1.9,5.7,6383,1283,67.0,1.6,4.2,Low,2.3
69,Female,Medium,Unhealthy,18.9,368.0,3.4,6.0,8136,1160,61.0,1.9,3.9,Medium,1.7999999999999998
58,Male,Medium,Average,27.1,0.0,2.3,8.8,8125,1932,66.0,1.5,3.7,Low,0.7999999999999998
28,Male,Medium,Average,22.8,265.0,1.1,5.4,7107,1376,61.0,1.3,4.6,Low,1.5
50,Male,Low,Average,32.2,326.0,1.9,6.1,2780,1780,86.0,2.2,4.8,Medium,0.7999999999999998
67,Female,High,Average,26.2,186.0,2.8,8.6,17625,1740,52.0,1.4,4.7,Medium,0.40000000000000036
55,Male,Low,Average,25.6,91.0,1.9,8.1,4126,1804,74.0,1.3,2.6,Medium,2.0
44,Female,Medium,Average,23.5,194.0,3.4,5.3,11363,1720,58.0,1.8,4.5,Low,0.7999999999999998
51,Male,High,Average,31.4,86.0,3.4,9.4,10877,1600,66.0,1.4,3.4,Low,1.0999999999999996
32,Male,Medium,Healthy,26.4,277.0,3.0,9.3,7054,1399,75.0,1.0,2.3,Medium,2.0999999999999996
49,Male,Low,Average,23.4,341.0,3.3,9.1,3931,1183,77.0,2.0,3.5,High,2.0
38,Male,Low,Healthy,21.8,267.0,2.1,7.8,5654,1658,70.0,1.7,3.8,Medium,0.7999999999999998
63,Female,Medium,Healthy,24.7,258.0,3.7,6.6,6421,1996,71.0,1.3,4.3,Low,1.0999999999999996
22,Female,Low,Average,21.1,314.0,3.4,4.3,4856,1355,71.0,2.2,4.6,Low,1.5
23,Female,Medium,Average,29.1,331.0,2.4,3.5,8685,2021,72.0,2.8,5.9,Low,0.5
55,Male,Medium,Healthy,17.8,83.0,1.2,6.8,10856,1573,50.0,1.4,3.2,Low,1.2000000000000002
39,Male,High,Average,24.4,0.0,0.6,7.0,15493,1619,52.0,1.3,4.9,Low,0.0
35,Male,Low,Average,27.4,241.0,3.3,6.3,1305,1407,75.0,1.5,3.2,Low,1.2000000000000002
31,Female,Medium,Healthy,26.4,338.0,1.2,6.7,5972,1541,78.0,0.9,2.6,Medium,2.5999999999999996
27,Male,Medium,Average,22.1,0.0,1.8,10.4,6073,1624,62.0,1.6,3.3,Low,1.4000000000000004
63,Female,Medium,Healthy,27.6,210.0,2.9,11.1,7095,2083,71.0,1.6,3.3,Low,2.0
30,Male,Low,Average,21.5,369.0,1.5,4.2,5986,1757,66.0,1.1,3.8,Medium,1.5
48,Male,Medium,Average,24.9,182.0,4.4,7.7,7469,1643,71.0,2.9,4.9,Medium,0.40000000000000036
47,Male,Medium,Average,27.6,428.0,2.7,7.1,8069,1780,76.0,1.5,4.0,Medium,2.0999999999999996
20,Male,Low,Unhealthy,26.9,400.0,3.7,8.7,3662,1402,80.0,1.8,2.9,Medium,1.5999999999999996
47,Female,High,Unhealthy,22.3,172.0,3.3,11.3,15616,1751,53.0,1.5,4.1,Medium,0.40000000000000036
23,Male,High,Average,29.8,144.0,0.5,12.5,11834,2176,66.0,1.7,3.3,Medium,1.7000000000000002
46,Female,Low,Healthy,25.3,147.0,3.1,8.8,3744,1605,75.0,1.5,3.2,Medium,2.0
25,Male,Medium,Healthy,28.0,220.0,2.5,7.1,7634,1815,70.0,2.2,4.5,Low,1.0
61,Female,Medium,Average,31.1,23.0,2.5,6.1,7858,1700,71.0,1.4,4.1,Low,0.7000000000000002
62,Male,Low,Average,29.5,0.0,2.5,13.2,3151,1988,77.0,1.1,2.4,High,1.0
60,Female,Medium,Unhealthy,29.5,0.0,3.3,5.1,5329,1782,68.0,1.1,3.0,Medium,1.9000000000000004
61,Female,High,Average,25.8,196.0,3.8,9.1,16797,2002,50.0,1.7,4.1,Low,0.5
50,Female,Medium,Average,28.2,505.0,1.5,6.3,7767,1900,82.0,1.5,3.2,Medium,1.5999999999999996
34,Male,High,Average,25.9,0.0,2.6,3.7,17385,1863,50.0,2.0,6.2,Low,0.9000000000000004
65,Female,Medium,Average,20.2,172.0,3.6,11.3,8958,1221,63.0,1.7,4.6,Low,0.40000000000000036
28,Male,Low,Average,26.2,167.0,2.3,2.6,4772,1427,71.0,1.5,4.7,Low,0.7000000000000002
30,Male,Low,Unhealthy,26.0,177.0,2.7,2.0,5696,1326,67.0,1.3,3.4,Low,1.2000000000000002
67,Male,Medium,Average,27.3,388.0,2.7,8.8,13195,1916,69.0,1.0,2.7,High,2.0
28,Male,Medium,Unhealthy,24.5,66.0,4.2,6.2,10607,1242,61.0,2.2,4.9,Medium,0.9000000000000004
48,Other,Low,Average,22.0,0.0,3.1,8.1,5329,1217,65.0,1.1,3.8,Low,0.7000000000000002
45,Male,Medium,Average,27.6,119.0,4.2,7.0,8584,1329,64.0,2.2,4.5,Low,0.09999999999999964
61,Female,High,Healthy,19.7,99.0,3.9,8.5,17776,1644,50.0,2.4,4.3,Low,0.5999999999999996
23,Female,Medium,Average,30.8,0.0,2.3,6.3,6506,1757,63.0,1.9,5.4,Medium,0.3000000000000007
58,Female,Low,Average,24.1,236.0,2.7,9.3,4877,1634,72.0,2.0,5.2,Medium,0.5
33,Female,Low,Average,26.0,22.0,4.1,9.3,5915,1593,65.0,2.0,4.6,Low,0.9000000000000004
21,Male,High,Healthy,27.2,187.0,1.6,10.9,16857,1878,60.0,1.0,2.4,Medium,2.3
52,Female,High,Average,27.4,145.0,3.1,10.2,13771,1843,62.0,1.5,3.5,Low,0.09999999999999964
65,Male,Medium,Healthy,19.4,38.0,3.1,6.7,8910,1612,56.0,1.5,4.2,Low,0.20000000000000018
43,Female,High,Healthy,28.3,333.0,2.3,8.7,13012,1717,69.0,1.2,4.2,Low,1.2000000000000002
29,Female,Low,Healthy,26.2,157.0,2.2,8.0,2847,1851,82.0,1.7,3.5,Low,2.0
28,Other,Low,Healthy,22.5,208.0,2.3,8.1,6176,1456,66.0,1.6,2.6,Medium,1.2999999999999998
42,Male,Low,Average,23.7,243.0,3.7,8.9,3335,1111,69.0,1.8,2.9,Medium,2.4000000000000004
35,Male,High,Healthy,19.8,221.0,3.1,8.5,12738,1665,51.0,2.1,2.4,Medium,1.7999999999999998
36,Male,Medium,Average,31.9,76.0,1.5,11.6,6608,2006,72.0,2.3,5.2,Low,1.0999999999999996
40,Male,Low,Average,30.9,33.0,3.7,9.9,2912,1747,78.0,1.9,4.6,Medium,2.0
55,Female,High,Average,26.8,223.0,3.5,7.4,8824,1716,69.0,2.2,4.7,Low,1.2999999999999998
35,Male,High,Average,24.1,55.0,2.3,6.7,9343,1557,58.0,1.9,5.8,Low,1.0
43,Female,Low,Average,24.2,319.0,2.0,4.5,3711,1202,75.0,0.9,4.1,Medium,1.9000000000000004
23,Female,Medium,Average,28.0,180.0,1.8,11.5,8912,1834,71.0,1.7,2.3,High,2.4000000000000004
21,Female,Medium,Unhealthy,32.0,297.0,3.4,4.3,4647,2109,82.0,1.6,4.7,Low,0.2999999999999998
61,Male,Medium,Healthy,22.7,52.0,1.0,2.3,8363,1463,64.0,1.0,4.0,Low,1.7999999999999998
68,Male,Medium,Unhealthy,20.5,28.0,3.4,9.2,10566,1500,50.0,1.5,4.4,Medium,1.5
51,Male,Medium,Average,17.9,177.0,2.7,7.7,6021,1031,62.0,1.9,5.0,Medium,0.09999999999999964
34,Female,High,Average,21.0,336.0,0.5,7.5,13819,1685,56.0,1.5,3.9,Medium,0.5
60,Male,High,Average,24.0,0.0,1.1,4.4,15557,1982,50.0,2.7,5.1,Low,0.40000000000000036
60,Female,Low,Average,18.8,157.0,2.0,7.9,3161,919,66.0,1.8,3.5,Low,1.0
33,Female,Low,Average,29.4,395.0,1.8,6.2,5429,1427,76.0,2.3,4.1,Medium,0.40000000000000036
19,Female,High,Average,28.4,0.0,3.1,5.8,15407,1990,50.0,1.9,5.3,Low,0.9000000000000004
51,Male,Medium,Average,22.7,541.0,2.7,10.6,11462,1764,68.0,1.3,3.4,Medium,1.7999999999999998
25,Male,Medium,Healthy,30.1,230.0,4.0,9.0,4637,1396,82.0,2.1,5.3,Medium,1.2999999999999998
30,Female,Medium,Unhealthy,30.8,77.0,2.9,2.0,5176,1795,73.0,2.3,5.6,Low,1.0999999999999996
25,Male,Medium,Average,23.2,366.0,3.5,9.7,5321,1328,71.0,1.0,2.8,Low,3.3
47,Male,Medium,Average,34.0,76.0,2.1,3.9,11147,2206,68.0,2.5,5.6,Low,0.7000000000000002
49,Male,Low,Average,27.9,97.0,2.1,4.8,4349,1229,76.0,1.9,4.3,Low,1.5999999999999996
53,Female,High,Average,26.0,237.0,2.5,9.5,13010,2058,58.0,1.7,3.0,Medium,1.5999999999999996
64,Male,High,Average,30.5,269.0,3.8,5.9,18661,2093,61.0,2.1,4.3,Low,0.3000000000000007
47,Female,High,Average,26.2,170.0,3.3,2.1,14877,1977,57.0,2.4,5.6,Low,0.6999999999999993
56,Female,Low,Unhealthy,29.2,225.0,3.3,7.9,4833,1646,76.0,1.8,4.4,Medium,0.5
34,Female,Low,Average,17.5,96.0,1.5,6.9,4783,773,61.0,1.5,3.9,Low,1.5999999999999996
37,Male,Low,Average,23.8,196.0,2.9,9.8,5022,1072,69.0,1.9,4.2,Medium,0.9000000000000004
41,Male,Medium,Average,30.5,463.0,3.8,4.3,9612,2164,71.0,1.7,4.6,Medium,0.09999999999999964
67,Male,Medium,Average,23.0,249.0,1.3,8.7,10901,1474,63.0,1.3,3.0,Medium,1.2000000000000002
39,Female,High,Unhealthy,31.2,386.0,2.5,10.3,11516,1945,72.0,1.3,3.5,Medium,1.0
46,Female,Medium,Unhealthy,30.7,122.0,1.6,3.6,12473,1808,59.0,2.1,4.0,Low,2.0
39,Female,Medium,Average,24.7,239.0,2.6,5.2,11600,1622,57.0,1.2,3.2,Low,1.2999999999999998
26,Female,Low,Average,23.9,424.0,3.6,9.7,3690,1349,79.0,2.5,4.1,Medium,0.7000000000000002
54,Male,High,Healthy,35.7,384.0,2.4,5.0,11858,2097,75.0,2.2,4.9,Low,1.2000000000000002
27,Female,Medium,Average,32.5,32.0,3.0,4.0,8209,2163,74.0,2.0,5.2,Low,0.40000000000000036
53,Male,Low,Healthy,25.5,372.0,1.3,7.7,4425,953,78.0,1.7,3.7,Medium,0.5
54,Female,High,Average,22.6,452.0,1.1,7.8,16571,1790,55.0,1.9,4.6,Medium,0.2999999999999998
45,Male,Medium,Unhealthy,26.0,65.0,0.5,12.8,9842,1638,62.0,1.7,3.0,Medium,2.0
59,Female,Medium,Average,20.0,196.0,2.0,8.6,7305,1004,59.0,1.9,4.1,Low,0.9000000000000004
60,Male,Medium,Average,25.3,226.0,3.0,4.9,8095,1559,67.0,1.7,4.8,Low,0.7999999999999998
38,Female,Low,Average,30.3,147.0,2.7,9.6,5084,1638,74.0,2.0,3.7,Low,2.3
41,Female,High,Unhealthy,17.8,21.0,0.5,7.1,14365,1273,50.0,1.4,4.5,Low,0.5
59,Female,High,Average,28.3,420.0,2.9,5.3,11972,1813,70.0,2.0,4.2,Medium,0.40000000000000036
57,Male,Medium,Average,30.5,71.0,1.8,9.3,6196,1385,78.0,2.1,3.7,Low,0.09999999999999964
19,Female,Medium,Unhealthy,22.8,123.0,2.6,10.7,10130,1980,59.0,1.0,2.5,Medium,2.0
25,Female,High,Unhealthy,31.8,216.0,2.0,7.5,15488,1524,65.0,2.0,4.7,Medium,0.0
65,Male,Medium,Unhealthy,22.2,0.0,1.9,4.6,10774,1511,56.0,1.1,4.6,Low,1.0
44,Female,High,Unhealthy,26.8,0.0,1.1,7.3,17435,2004,52.0,1.8,5.5,Low,0.2999999999999998
39,Male,Medium,Average,23.8,135.0,2.2,4.6,7436,1373,66.0,1.1,3.7,Low,1.0999999999999996
54,Male,Medium,Unhealthy,23.8,323.0,3.5,7.6,10013,1542,62.0,1.5,5.1,Medium,0.09999999999999964
44,Male,Medium,Average,22.5,228.0,2.2,8.9,8704,1600,63.0,1.7,4.0,Low,0.9000000000000004
46,Male,Medium,Healthy,27.8,0.0,2.2,2.1,7772,1449,66.0,2.5,5.6,Low,0.40000000000000036
20,Male,Low,Average,28.4,408.0,1.9,8.8,7974,1383,81.0,1.4,3.3,High,2.3
61,Female,Medium,Average,24.7,319.0,1.5,6.1,12691,1636,56.0,1.8,4.6,Low,0.7999999999999998
30,Female,Medium,Average,19.6,228.0,1.7,5.6,9300,808,61.0,1.4,3.9,Low,2.0
62,Male,Medium,Unhealthy,26.6,224.0,2.7,3.7,6300,1406,76.0,1.4,4.4,Low,2.8
27,Female,Low,Healthy,26.7,301.0,4.5,4.3,3282,1358,75.0,2.1,4.3,Low,1.4000000000000004
53,Female,Medium,Unhealthy,24.1,548.0,3.3,11.4,6916,1499,81.0,2.3,4.0,Medium,1.2000000000000002
26,Female,Medium,Healthy,32.5,332.0,3.0,9.1,9628,2268,76.0,2.1,2.9,Medium,1.9000000000000004
44,Female,High,Average,18.7,244.0,4.1,10.2,15152,1600,50.0,2.3,3.5,Medium,0.5
18,Male,Low,Healthy,27.8,315.0,2.7,6.8,3355,1402,80.0,2.0,5.5,Low,0.09999999999999964
49,Male,High,Unhealthy,20.8,182.0,2.9,5.0,19591,1706,50.0,1.7,4.4,Low,2.0999999999999996
42,Female,Low,Average,21.1,121.0,1.4,4.3,5756,1259,65.0,1.2,4.4,Medium,1.2000000000000002
46,Male,Low,Average,28.8,283.0,2.3,4.4,4965,1549,72.0,1.7,4.7,Low,0.5999999999999996
24,Female,Low,Healthy,26.9,51.0,2.1,5.1,2831,1522,72.0,1.9,4.2,Low,0.7000000000000002
66,Male,High,Average,26.5,330.0,2.0,4.8,18812,2201,54.0,1.5,3.3,Medium,0.20000000000000018
20,Female,Low,Unhealthy,28.1,134.0,2.0,9.3,6959,1939,71.0,1.7,3.0,High,2.0
37,Male,Low,Average,23.3,0.0,3.6,13.5,4354,1394,66.0,1.8,4.0,Medium,0.1999999999999993
37,Male,Low,Healthy,23.5,131.0,2.2,6.4,5871,1474,67.0,1.7,4.3,Low,0.3000000000000007
47,Male,Medium,Average,28.2,191.0,2.4,6.4,8196,1969,66.0,1.2,4.9,Low,0.5
52,Male,High,Unhealthy,19.6,282.0,4.3,2.4,18515,1864,50.0,2.0,5.0,Low,1.0999999999999996
52,Male,Medium,Average,17.5,265.0,3.1,4.7,6103,1047,59.0,1.4,4.7,Low,1.0
66,Female,Medium,Average,23.3,6.0,2.5,2.9,9978,1355,59.0,1.5,6.1,Low,0.5
56,Male,Low,Average,28.7,218.0,3.3,9.0,1000,1379,87.0,1.3,2.8,Medium,1.7999999999999998
44,Male,Low,Unhealthy,26.0,119.0,2.0,11.8,2245,1224,75.0,2.3,4.0,Medium,0.2999999999999998
43,Female,Low,Healthy,28.4,145.0,2.2,4.3,2410,1540,83.0,1.6,5.1,Low,0.40000000000000036
34,Female,Medium,Healthy,26.3,192.0,2.7,6.4,6232,1483,69.0,2.1,5.0,Low,0.2999999999999998
35,Other,Low,Healthy,27.6,669.0,2.9,8.7,2685,1414,88.0,1.4,3.5,Medium,2.8
62,Male,High,Average,19.6,478.0,1.7,7.3,13461,988,51.0,2.1,4.5,Medium,1.4000000000000004
69,Male,High,Healthy,28.4,50.0,2.8,12.3,13616,1850,60.0,1.2,3.1,Medium,1.4000000000000004
37,Female,Low,Average,37.3,152.0,2.1,9.2,1985,2168,86.0,0.8,2.3,Medium,2.9000000000000004
44,Female,Medium,Average,17.5,221.0,2.4,5.5,6297,1393,64.0,1.7,3.4,Low,1.7000000000000002
35,Female,Low,Unhealthy,30.5,337.0,1.6,3.0,5502,1842,77.0,2.0,4.7,Low,1.5
21,Female,Medium,Healthy,23.4,180.0,1.3,10.6,13274,1886,56.0,2.1,3.9,Low,0.9000000000000004
18,Male,Medium,Average,18.5,93.0,1.6,11.7,10919,1292,50.0,1.8,2.9,Medium,1.7000000000000002
67,Female,High,Average,22.9,373.0,3.1,8.0,12928,1499,60.0,2.6,5.4,Medium,0.5
18,Female,Medium,Average,26.1,14.0,2.9,5.4,8832,1955,72.0,1.4,3.1,Low,1.9000000000000004
43,Female,Low,Average,29.1,228.0,4.0,4.2,3997,1396,76.0,2.1,6.2,Low,0.5999999999999996
62,Female,Low,Unhealthy,31.9,0.0,2.5,8.4,3785,1844,77.0,1.0,3.4,Medium,2.0999999999999996
37,Female,Low,Average,30.7,46.0,2.5,2.0,4164,2058,76.0,1.6,5.4,Low,0.7000000000000002
69,Male,Medium,Unhealthy,21.1,311.0,2.8,9.2,8554,1590,63.0,1.2,3.7,Medium,0.7999999999999998
40,Male,Medium,Average,29.5,98.0,1.6,6.0,4507,1603,79.0,1.8,3.5,Medium,1.0999999999999996
27,Female,High,Healthy,26.6,0.0,3.2,5.9,12142,2071,56.0,2.3,4.3,Low,1.0
28,Male,Medium,Healthy,22.4,91.0,2.8,4.3,7914,1479,62.0,1.9,5.2,Low,0.40000000000000036
58,Female,Medium,Average,24.2,75.0,1.7,3.4,12768,1693,55.0,2.4,5.5,Low,0.1999999999999993
58,Male,Medium,Unhealthy,22.2,10.0,2.8,6.9,9274,1629,62.0,1.7,4.5,Low,0.40000000000000036
22,Female,Low,Average,25.1,282.0,3.1,7.5,5652,1304,73.0,1.5,4.2,Medium,2.3
18,Female,High,Healthy,22.1,0.0,1.4,6.8,13669,1363,51.0,1.1,3.0,Low,1.7000000000000002
34,Male,Low,Unhealthy,20.9,111.0,3.3,9.7,6158,1244,65.0,1.2,3.9,Medium,0.0
39,Female,Low,Healthy,26.9,220.0,2.1,7.1,4426,1391,79.0,2.0,3.3,Medium,2.2
51,Female,Low,Average,27.5,148.0,0.5,8.8,5238,1293,76.0,2.2,4.0,Low,1.2000000000000002
62,Female,Medium,Healthy,24.2,139.0,3.3,3.3,8350,1550,66.0,2.0,4.0,Low,0.7000000000000002
58,Male,High,Healthy,30.5,91.0,3.6,5.9,15656,2042,63.0,1.5,4.0,Low,0.7999999999999998
46,Male,Low,Average,24.0,17.0,1.6,10.7,3286,1140,69.0,1.7,3.6,Medium,2.2
21,Male,Medium,Average,23.8,104.0,1.2,9.4,11659,1653,64.0,1.1,3.3,Low,1.5
22,Male,Low,Healthy,27.6,298.0,3.6,7.8,3277,1321,81.0,2.0,3.6,Medium,0.7000000000000002
28,Female,Medium,Average,24.5,134.0,2.0,6.1,6102,1701,69.0,2.1,4.5,Low,1.4000000000000004
68,Female,Medium,Healthy,25.3,225.0,3.6,4.7,8320,1953,67.0,1.7,4.3,Low,1.9000000000000004
38,Female,Medium,Average,17.5,367.0,1.1,5.7,11746,1485,51.0,2.1,4.6,Medium,1.2000000000000002
52,Female,Medium,Average,25.1,289.0,3.6,8.6,6633,1434,71.0,0.8,2.5,Medium,3.0999999999999996
29,Female,High,Average,17.7,8.0,3.4,2.0,13456,1505,50.0,1.3,6.2,Low,0.5
43,Male,Medium,Unhealthy,20.1,267.0,2.9,11.5,8512,1211,60.0,1.6,4.0,Low,1.2000000000000002
68,Female,Medium,Healthy,19.7,357.0,0.9,10.1,5351,1332,68.0,1.8,2.9,Medium,2.0999999999999996
36,Male,Medium,Healthy,20.8,112.0,2.2,10.0,5248,1394,68.0,1.6,3.6,Low,0.5999999999999996
62,Female,Medium,Unhealthy,22.8,0.0,3.3,8.5,10250,1707,56.0,2.1,3.8,Low,1.0
64,Male,Medium,Average,27.7,228.0,2.1,7.9,5879,1761,69.0,1.7,3.9,Medium,2.0999999999999996
43,Female,Medium,Unhealthy,17.5,121.0,1.6,12.3,6881,1202,64.0,1.5,3.0,Medium,1.9000000000000004
57,Female,Medium,Unhealthy,25.3,0.0,3.5,6.7,8015,1603,61.0,1.1,3.5,Medium,0.9000000000000004
22,Female,Low,Healthy,26.3,8.0,3.4,5.8,4294,1272,64.0,2.3,4.5,Low,0.09999999999999964
31,Female,High,Unhealthy,24.8,498.0,2.8,5.2,18002,1904,55.0,1.4,4.9,Low,1.5999999999999996
21,Male,Medium,Average,25.8,196.0,2.1,9.0,8147,1359,67.0,1.5,3.6,Low,1.2999999999999998
40,Female,Low,Average,28.1,396.0,3.0,5.7,3042,1385,84.0,1.2,3.8,Medium,2.5999999999999996
59,Female,High,Average,18.7,41.0,2.0,6.7,16652,1687,50.0,1.4,4.6,Low,0.0
37,Male,Medium,Healthy,24.0,102.0,2.3,10.3,5931,1340,66.0,1.4,3.3,Low,1.2999999999999998
32,Female,Low,Average,31.0,0.0,2.1,9.7,3528,1576,77.0,1.3,3.1,Medium,2.4000000000000004
67,Female,Medium,Average,30.7,255.0,3.6,4.4,5566,1341,82.0,1.2,3.2,Medium,2.7
69,Male,Medium,Average,28.4,65.0,3.5,10.0,9488,2017,63.0,1.2,2.4,Low,1.5999999999999996
62,Female,Medium,Average,27.1,289.0,1.7,3.5,10387,1549,63.0,1.8,4.0,Medium,1.2000000000000002
46,Female,Medium,Average,31.6,124.0,3.6,3.2,8768,1942,73.0,2.2,5.5,Low,0.40000000000000036
25,Female,Medium,Average,32.7,503.0,1.9,6.2,7621,1845,79.0,1.8,5.0,Medium,0.09999999999999964
58,Male,Medium,Average,24.5,468.0,4.0,7.7,5448,1496,74.0,1.9,3.7,Medium,2.4000000000000004
65,Male,Medium,Unhealthy,21.1,0.0,3.8,6.4,7085,1388,59.0,2.3,4.1,Low,1.4000000000000004
36,Female,Medium,Healthy,23.9,288.0,4.3,8.1,8463,1492,67.0,2.2,4.6,Medium,0.2999999999999998
65,Male,High,Average,37.4,88.0,2.7,6.1,12276,2416,72.0,1.7,4.5,Low,0.0
56,Female,Medium,Average,18.7,297.0,2.3,2.0,7090,1222,65.0,3.4,6.5,Low,2.0999999999999996
63,Male,Medium,Healthy,23.1,0.0,2.3,6.5,5755,1110,63.0,2.1,3.6,Low,0.9000000000000004
45,Female,Low,Healthy,19.3,416.0,2.8,3.2,2884,1321,67.0,1.8,4.9,Low,0.2999999999999998
63,Female,Low,Average,25.5,354.0,1.7,7.0,1800,1650,80.0,2.8,5.8,Low,0.5
44,Male,High,Unhealthy,20.2,0.0,0.6,3.9,14829,1427,50.0,1.3,4.4,Low,0.9000000000000004
21,Male,Low,Average,24.6,172.0,2.2,8.3,4074,1083,70.0,1.7,2.8,Low,2.0
32,Female,Low,Average,17.5,224.0,2.5,10.4,4141,1291,63.0,1.4,4.0,Medium,1.2000000000000002
52,Female,Medium,Healthy,27.5,307.0,2.9,2.7,7278,1451,71.0,1.8,4.5,Low,0.9000000000000004
54,Male,Medium,Unhealthy,29.9,198.0,2.8,2.0,6818,2026,72.0,1.6,3.9,Low,0.5
18,Female,Medium,Average,23.5,317.0,2.6,6.2,7404,1704,72.0,1.6,3.7,Low,1.9000000000000004
20,Male,Low,Average,24.5,189.0,3.4,9.8,3360,1327,75.0,1.6,4.1,Medium,1.4000000000000004
64,Male,Low,Unhealthy,24.3,291.0,1.8,7.4,4229,1348,75.0,1.7,3.9,Medium,1.5999999999999996
41,Female,Medium,Healthy,25.7,0.0,2.0,5.9,11665,1552,57.0,1.3,3.9,Low,0.20000000000000018
44,Male,Medium,Average,24.8,196.0,4.2,4.3,7621,1558,64.0,1.2,4.2,Low,0.09999999999999964
57,Female,Medium,Healthy,28.1,372.0,0.5,8.8,6816,1775,66.0,1.6,3.6,Medium,2.8
53,Male,Medium,Healthy,29.9,411.0,3.4,10.8,7501,1867,81.0,1.5,3.2,Medium,0.9000000000000004
51,Male,Medium,Average,21.7,225.0,3.0,2.3,7015,1488,71.0,2.1,4.6,Low,0.5999999999999996
46,Male,Low,Healthy,23.8,185.0,2.5,7.7,3255,1532,68.0,1.2,3.5,Medium,0.40000000000000036
41,Female,Medium,Average,28.6,405.0,3.2,13.4,6831,1693,71.0,1.6,2.4,High,2.3
41,Female,Low,Healthy,19.3,184.0,3.1,5.5,5027,1730,66.0,2.3,5.8,Low,0.09999999999999964
59,Female,Low,Average,17.5,371.0,1.3,6.5,5008,1165,71.0,2.1,4.9,Low,0.7000000000000002
21,Male,Medium,Healthy,25.9,184.0,1.7,6.9,9804,1766,62.0,2.3,4.6,Low,0.7999999999999998
20,Male,Low,Average,27.0,205.0,2.1,6.0,5671,1655,78.0,2.3,5.9,Medium,1.0
51,Female,Medium,Healthy,22.1,34.0,0.8,9.7,7270,1476,62.0,1.4,4.0,Low,0.7000000000000002
66,Male,Medium,Unhealthy,22.7,12.0,2.5,11.5,4864,1409,57.0,2.2,5.8,Low,0.3000000000000007
40,Female,Medium,Average,22.0,346.0,3.0,2.7,11939,1786,63.0,1.2,4.7,Low,0.09999999999999964
69,Male,Medium,Average,21.5,458.0,3.4,4.7,3484,713,73.0,1.2,4.3,Medium,0.7999999999999998
40,Female,High,Unhealthy,27.8,215.0,2.6,10.1,12975,1860,62.0,1.5,3.0,Medium,1.4000000000000004
62,Male,Medium,Healthy,20.3,175.0,1.9,8.5,5146,891,64.0,1.0,3.2,Medium,1.7000000000000002
22,Female,Medium,Average,23.9,353.0,2.7,8.1,8805,1820,67.0,1.3,3.1,Low,2.0999999999999996
48,Male,High,Healthy,21.4,250.0,2.4,8.7,11129,1233,56.0,1.7,5.1,Low,1.9000000000000004
58,Male,Medium,Average,19.2,0.0,3.1,7.2,10263,1212,50.0,2.5,4.8,Low,0.09999999999999964
23,Male,Medium,Unhealthy,28.5,349.0,2.5,8.2,8464,1630,75.0,1.6,4.3,Medium,1.4000000000000004
54,Male,Medium,Healthy,22.9,0.0,3.2,6.2,11022,1343,52.0,1.9,4.6,Low,0.40000000000000036
27,Male,Medium,Unhealthy,25.8,198.0,2.3,6.4,8203,1557,64.0,0.8,3.3,Low,2.4000000000000004
57,Female,High,Average,19.0,133.0,3.5,6.8,17477,1229,50.0,2.2,4.6,Medium,1.0999999999999996
24,Female,Low,Healthy,22.0,103.0,2.6,6.0,2371,1500,72.0,2.5,5.0,Low,0.9000000000000004
55,Female,Medium,Unhealthy,35.3,334.0,2.2,7.7,7729,1921,78.0,1.2,2.3,Medium,2.4000000000000004
38,Female,High,Unhealthy,17.5,204.0,3.1,2.3,14713,1578,50.0,1.3,5.1,Low,0.9000000000000004
20,Male,High,Healthy,26.6,430.0,2.4,7.1,15159,1747,65.0,1.1,3.5,Low,3.0999999999999996
68,Male,Low,Average,22.5,428.0,3.4,10.8,2814,1378,76.0,1.3,3.1,High,2.0999999999999996
39,Female,Medium,Average,28.4,191.0,2.9,6.3,7021,1658,77.0,2.2,5.2,Low,0.1999999999999993
64,Male,Medium,Average,21.5,128.0,1.6,7.2,5884,1537,62.0,2.4,4.9,Medium,0.20000000000000018
21,Male,Medium,Average,25.6,194.0,2.7,6.8,9430,1560,65.0,2.3,5.5,Low,0.20000000000000018
45,Female,Medium,Average,22.9,368.0,1.4,10.3,7308,1167,68.0,1.8,3.9,Medium,2.0999999999999996
29,Male,Low,Healthy,29.9,359.0,2.6,4.0,3326,1823,77.0,2.2,4.8,Low,0.5
55,Female,Medium,Average,22.3,0.0,3.6,5.0,8405,1405,58.0,1.9,3.4,Low,1.0
68,Female,Low,Unhealthy,23.6,245.0,2.6,4.9,3644,1320,73.0,1.1,4.6,Low,0.5999999999999996
53,Male,Medium,Healthy,28.8,0.0,1.6,7.0,10337,1906,59.0,1.8,4.6,Low,0.2999999999999998
64,Male,Medium,Average,20.9,197.0,2.3,3.3,9570,1231,57.0,2.0,4.3,Low,1.5999999999999996
58,Female,Low,Healthy,25.3,120.0,2.7,10.7,5084,1409,75.0,1.4,2.7,Medium,2.9000000000000004
22,Female,Medium,Average,17.7,74.0,3.4,8.0,7169,1064,54.0,2.2,4.1,Low,0.2999999999999998
30,Male,Medium,Average,20.6,327.0,3.4,8.5,9419,1327,62.0,1.0,3.2,Medium,2.3
40,Female,Low,Healthy,26.5,102.0,1.6,12.3,4755,1765,70.0,2.1,3.0,Medium,1.5999999999999996
67,Female,High,Healthy,21.0,198.0,2.2,6.1,10351,1308,56.0,2.3,4.9,Low,0.20000000000000018
47,Male,Medium,Average,22.8,60.0,2.8,9.1,7507,1275,58.0,2.3,4.4,Low,1.0999999999999996
54,Male,Low,Average,27.0,211.0,2.0,8.5,3743,1779,77.0,1.5,3.6,Medium,0.7999999999999998
42,Female,Low,Healthy,22.7,343.0,2.9,10.8,6243,1187,66.0,1.8,3.3,Medium,1.4000000000000004
65,Male,Medium,Unhealthy,28.3,68.0,1.4,8.7,7160,1714,68.0,2.3,4.4,Medium,0.5999999999999996
44,Female,Medium,Average,25.9,295.0,2.7,5.7,8964,1790,72.0,1.7,4.5,Low,0.9000000000000004
68,Male,Low,Healthy,26.7,208.0,3.3,8.1,5951,1708,69.0,1.2,3.7,Medium,2.4000000000000004
31,Female,Low,Unhealthy,30.0,207.0,2.5,5.4,2616,1323,84.0,1.6,4.2,Medium,0.9000000000000004
65,Female,Medium,Average,26.3,147.0,2.6,5.8,8558,1514,65.0,2.1,5.2,Low,0.5
64,Female,Medium,Healthy,31.2,316.0,3.2,7.0,12064,1693,70.0,1.9,5.3,Low,0.5
53,Male,Low,Unhealthy,28.6,300.0,2.1,6.5,1646,1662,84.0,1.4,4.3,Medium,0.9000000000000004
56,Male,Medium,Healthy,22.9,179.0,3.0,4.8,6786,1626,61.0,1.8,5.0,Low,1.0
33,Female,High,Unhealthy,30.2,230.0,2.5,2.0,14818,2304,65.0,1.4,6.2,Low,0.40000000000000036
39,Male,High,Unhealthy,26.1,311.0,1.8,7.7,15092,1903,56.0,2.2,4.2,Medium,1.4000000000000004
38,Male,High,Average,23.4,281.0,3.2,7.9,14472,1702,57.0,2.8,5.5,Medium,0.3000000000000007
38,Female,High,Healthy,26.1,154.0,3.6,7.9,15637,1818,52.0,2.5,4.3,Low,0.7000000000000002
25,Male,Low,Healthy,29.4,374.0,3.4,11.8,5891,1401,80.0,1.7,2.8,Medium,2.2
33,Male,Medium,Unhealthy,32.3,516.0,2.9,10.9,7851,1734,80.0,1.7,2.8,Medium,2.5
48,Female,Medium,Average,29.3,0.0,2.8,13.2,9189,1423,64.0,1.2,2.9,Medium,1.5
59,Female,High,Healthy,27.1,305.0,2.4,11.4,19969,2416,55.0,1.5,4.0,Medium,0.09999999999999964
27,Male,Low,Average,20.9,372.0,2.0,6.1,4899,1117,74.0,2.0,4.1,Medium,1.7000000000000002
49,Male,Medium,Healthy,24.3,350.0,0.8,8.1,10077,1666,64.0,1.5,3.5,Low,1.5999999999999996
51,Male,Medium,Healthy,25.3,162.0,1.2,5.1,4853,1430,70.0,2.4,5.1,Low,0.2999999999999998
26,Female,Medium,Healthy,27.8,0.0,2.5,5.3,7640,1922,64.0,1.2,4.0,Low,1.2000000000000002
34,Male,Medium,Average,27.5,430.0,1.5,11.3,5572,1303,82.0,0.9,3.2,Medium,2.4000000000000004
28,Female,Low,Healthy,25.7,127.0,2.8,8.7,4022,1598,71.0,1.8,4.4,Medium,0.09999999999999964
49,Male,High,Average,25.5,155.0,3.9,8.9,18280,1996,52.0,1.2,2.6,Low,2.0
27,Other,Medium,Healthy,27.9,509.0,0.5,4.2,5416,1702,81.0,1.9,5.2,Low,2.0
39,Male,Medium,Average,21.6,9.0,1.7,3.3,11474,1458,51.0,2.6,5.6,Low,0.09999999999999964
34,Female,Low,Average,31.8,322.0,4.2,9.6,3993,1675,85.0,1.9,3.7,Medium,1.2999999999999998
21,Male,Medium,Healthy,17.5,86.0,3.2,8.1,9785,1450,56.0,1.6,4.6,Low,1.0999999999999996
65,Male,Low,Average,30.8,83.0,2.4,6.3,5543,1611,73.0,1.1,3.7,Low,0.7000000000000002
69,Female,Low,Average,24.8,225.0,2.1,11.3,6993,1414,71.0,1.8,3.9,Medium,2.0999999999999996
64,Female,Low,Healthy,29.0,301.0,3.0,8.5,4871,1596,79.0,2.0,3.3,Medium,1.7999999999999998
38,Female,Medium,Average,26.4,362.0,1.5,2.2,10024,1667,73.0,1.9,5.1,Low,1.5
54,Female,Medium,Average,27.2,94.0,3.7,8.5,2658,1424,77.0,1.1,2.7,Medium,1.2000000000000002
55,Female,High,Average,28.2,28.0,2.8,5.8,11277,1998,58.0,2.1,5.8,Low,0.5999999999999996
66,Male,Low,Unhealthy,23.7,148.0,3.3,6.7,3129,1204,68.0,1.7,4.4,Medium,1.2000000000000002
18,Female,Low,Average,29.1,252.0,3.3,6.4,1000,1118,87.0,1.2,4.1,Low,0.7000000000000002
42,Female,High,Healthy,20.7,169.0,2.7,10.6,19052,1803,50.0,1.9,3.5,Low,2.2
68,Male,Low,Unhealthy,25.0,0.0,2.9,9.1,5993,1394,61.0,1.9,4.4,Medium,1.7999999999999998
53,Female,Low,Average,28.3,0.0,2.9,6.8,4676,1364,67.0,1.3,4.3,Low,1.2000000000000002
34,Male,Low,Unhealthy,29.0,163.0,2.2,6.7,5469,1733,72.0,1.6,4.1,Medium,2.2
58,Male,High,Healthy,26.8,328.0,3.0,7.7,15098,2016,63.0,1.9,4.1,Low,1.7999999999999998
41,Female,High,Average,23.4,64.0,2.3,10.3,16591,1955,50.0,2.2,3.8,Medium,1.2000000000000002
57,Male,Medium,Average,22.3,0.0,3.8,5.6,5107,1466,63.0,2.4,5.2,Low,0.2999999999999998
32,Male,Medium,Unhealthy,32.0,238.0,2.5,4.0,9830,2060,75.0,2.1,5.5,Low,0.20000000000000018
49,Female,High,Average,24.7,239.0,2.8,6.8,17387,2335,50.0,1.3,4.2,Low,0.09999999999999964
56,Male,Low,Average,18.8,270.0,2.4,4.0,3114,1359,67.0,1.1,3.7,Low,2.8
23,Female,High,Average,20.2,48.0,2.2,7.9,13306,1589,55.0,2.0,4.4,Low,0.2999999999999998
18,Female,Low,Average,25.2,0.0,4.0,8.1,2837,1028,71.0,1.5,3.9,Low,1.2999999999999998
64,Male,Medium,Average,25.6,308.0,1.3,10.0,8622,1998,73.0,1.5,2.8,Medium,2.9000000000000004
40,Female,Low,Healthy,32.9,0.0,2.5,6.5,4586,1775,75.0,1.3,4.6,Low,0.2999999999999998
56,Female,Medium,Average,20.8,84.0,1.5,9.6,8391,1500,57.0,1.8,3.3,Medium,2.7
34,Male,Medium,Healthy,25.2,408.0,3.5,11.0,6467,1613,77.0,1.3,2.9,Medium,2.0
51,Female,Medium,Average,20.8,225.0,2.5,7.2,10743,1446,58.0,1.7,3.5,Medium,1.4000000000000004
58,Female,Medium,Average,23.0,255.0,2.1,12.6,6836,1327,63.0,1.2,3.1,Medium,2.5
46,Female,Medium,Average,31.7,293.0,1.0,10.6,9105,1880,81.0,2.2,3.8,Medium,0.9000000000000004
26,Female,Medium,Average,20.5,288.0,3.8,5.8,9576,871,61.0,1.2,4.5,Low,1.2999999999999998
30,Male,Low,Average,27.3,196.0,1.4,14.0,1432,1188,85.0,1.4,2.1,High,1.7000000000000002
23,Male,Medium,Healthy,26.6,64.0,2.9,6.8,8669,1578,63.0,2.1,4.2,Low,0.2999999999999998
23,Male,Low,Unhealthy,24.9,602.0,3.2,10.5,5880,1490,77.0,1.0,3.5,High,1.5999999999999996
69,Male,Medium,Unhealthy,20.4,249.0,2.1,7.8,9797,1296,63.0,1.7,3.9,Low,2.0
20,Female,Medium,Average,31.6,266.0,1.8,10.3,6643,1982,81.0,2.1,2.9,Medium,1.7000000000000002
34,Female,Medium,Healthy,32.7,120.0,2.2,7.4,10108,1993,64.0,2.6,5.4,Low,0.40000000000000036
66,Female,Medium,Average,25.2,136.0,2.0,6.8,5725,1416,67.0,1.3,3.3,Medium,1.5
29,Female,Medium,Healthy,34.7,423.0,1.0,6.9,7956,2063,83.0,1.9,3.7,Medium,1.2000000000000002
65,Female,Medium,Healthy,23.4,89.0,3.8,4.1,10469,1735,61.0,1.2,4.3,Low,1.0999999999999996
64,Female,High,Average,26.6,261.0,2.2,9.7,17538,1984,54.0,2.2,4.1,Medium,0.40000000000000036
62,Female,Medium,Average,30.7,334.0,2.4,5.4,5400,1823,79.0,1.5,4.6,Medium,1.2999999999999998
18,Male,Medium,Healthy,23.2,167.0,3.0,7.5,7571,1611,65.0,1.2,3.6,Low,2.0
34,Female,Medium,Average,19.5,185.0,3.6,7.1,6801,1356,59.0,1.4,4.8,Medium,1.0
20,Female,High,Unhealthy,18.6,343.0,1.6,8.5,17539,1498,50.0,1.8,4.4,Low,0.9000000000000004
43,Male,Medium,Average,33.2,179.0,2.8,7.0,7851,1878,77.0,0.9,3.8,Medium,3.0999999999999996
32,Female,Medium,Average,22.9,0.0,1.5,6.3,8296,1593,59.0,1.8,4.0,Low,1.4000000000000004
53,Female,Medium,Healthy,24.3,425.0,2.8,8.0,8963,1546,65.0,1.9,4.5,Low,0.5999999999999996
49,Male,Medium,Healthy,20.5,53.0,2.7,7.8,5572,1092,63.0,2.1,4.9,Low,0.2999999999999998
49,Female,Medium,Average,28.8,232.0,2.1,4.3,8597,1792,72.0,1.6,5.3,Low,0.09999999999999964
21,Male,High,Average,21.9,2.0,2.7,6.7,10969,1689,58.0,1.3,5.3,Low,0.5
35,Male,Low,Average,23.0,123.0,2.7,10.2,3265,1463,70.0,2.2,4.7,Medium,0.7000000000000002
66,Female,Medium,Healthy,26.2,134.0,2.4,13.1,7113,1798,71.0,2.1,2.7,Medium,1.9000000000000004
36,Female,High,Healthy,20.7,226.0,2.3,2.7,15452,1659,50.0,1.8,4.9,Low,0.09999999999999964
60,Female,Low,Unhealthy,24.3,68.0,1.4,9.1,2810,1403,71.0,1.3,3.1,High,2.0999999999999996
69,Female,Medium,Average,30.6,497.0,1.6,7.3,7050,2032,79.0,2.0,4.2,Medium,1.9000000000000004
52,Male,High,Unhealthy,26.7,203.0,2.0,5.5,14972,1806,57.0,1.0,3.8,Low,2.5
57,Female,High,Unhealthy,25.5,332.0,1.7,5.9,18155,2196,56.0,1.6,4.9,Medium,0.7999999999999998
31,Female,Medium,Unhealthy,25.9,198.0,2.0,4.7,8875,1789,61.0,1.3,4.0,Low,1.5999999999999996
50,Female,Low,Average,23.4,349.0,2.4,3.6,5695,1538,66.0,1.2,4.7,Medium,0.9000000000000004
31,Male,Low,Healthy,33.0,0.0,2.6,8.0,1000,1352,84.0,1.6,4.4,Low,1.7000000000000002
51,Female,Medium,Average,21.8,94.0,2.9,11.5,10870,1414,57.0,1.8,3.6,Medium,1.5
21,Female,Low,Unhealthy,25.8,121.0,2.6,7.9,2713,1275,72.0,3.1,6.0,Medium,1.4000000000000004
41,Female,Low,Average,25.5,120.0,2.6,7.4,3086,1683,77.0,1.9,4.6,Medium,1.2000000000000002
46,Female,Medium,Average,29.0,277.0,2.9,5.4,11882,1748,70.0,1.0,3.8,Medium,1.5999999999999996
36,Male,Medium,Unhealthy,29.4,288.0,1.8,4.7,8340,1590,74.0,1.1,4.5,Medium,1.0
23,Female,High,Unhealthy,24.9,188.0,1.8,7.1,11750,1471,56.0,0.8,3.6,Low,3.0
50,Female,Low,Average,26.2,192.0,2.2,4.4,3082,1358,79.0,1.4,3.7,Medium,1.0999999999999996
66,Male,Low,Healthy,26.3,566.0,1.9,9.8,1925,1472,79.0,1.2,2.8,Medium,2.2
57,Female,High,Healthy,17.5,248.0,1.1,5.6,14043,1803,50.0,2.3,4.7,Low,0.40000000000000036
36,Female,Medium,Average,18.6,0.0,3.0,4.9,7328,1146,58.0,1.3,4.6,Low,0.3000000000000007
18,Male,High,Unhealthy,22.6,315.0,1.7,12.6,16008,1618,50.0,1.9,3.2,Medium,1.0999999999999996
22,Female,High,Unhealthy,22.8,283.0,3.9,10.2,19156,2218,53.0,1.6,2.2,High,2.0
44,Male,High,Healthy,20.2,373.0,2.6,4.0,10238,1761,67.0,1.5,3.8,Low,2.0999999999999996
33,Male,Medium,Average,28.0,289.0,1.3,4.8,9191,1415,72.0,1.2,5.1,Low,0.2999999999999998
23,Female,Medium,Average,25.0,64.0,3.0,6.5,4933,1343,66.0,2.1,3.7,Low,1.2999999999999998
57,Male,Medium,Average,24.1,333.0,2.5,6.6,8869,1602,63.0,1.6,3.3,Medium,1.0999999999999996
30,Male,Medium,Healthy,20.0,214.0,2.7,5.9,5653,1263,60.0,2.0,4.8,Low,0.1999999999999993
65,Male,Medium,Average,24.8,356.0,2.1,10.3,5306,1895,74.0,1.8,3.1,Low,1.5999999999999996
52,Male,Medium,Unhealthy,17.5,432.0,1.8,7.5,13101,1288,55.0,1.4,3.5,Medium,2.9000000000000004
36,Female,Low,Unhealthy,24.3,181.0,1.3,6.9,7221,1274,67.0,1.5,5.0,Low,0.7999999999999998
29,Female,Medium,Average,25.3,331.0,1.5,5.5,6584,1373,76.0,1.0,4.9,Low,1.4000000000000004
60,Female,Medium,Healthy,18.7,223.0,2.2,5.4,7920,1249,60.0,2.3,5.4,Low,0.20000000000000018
27,Male,High,Average,25.9,493.0,2.5,4.8,9887,2010,71.0,2.0,4.8,Medium,0.7000000000000002
42,Female,Low,Healthy,20.8,356.0,1.3,3.9,4974,1368,66.0,2.8,6.0,Low,0.40000000000000036
48,Female,Low,Healthy,27.9,239.0,2.6,9.3,5128,1772,76.0,1.0,2.9,Medium,2.0
21,Female,High,Average,33.1,329.0,4.4,6.1,8930,2252,81.0,2.6,4.5,Medium,0.5
61,Female,High,Unhealthy,25.2,488.0,2.2,10.3,10570,1974,69.0,2.0,3.2,Medium,1.7000000000000002
40,Female,High,Unhealthy,21.7,293.0,4.3,8.5,16811,1476,58.0,1.3,4.4,Low,0.09999999999999964
19,Male,High,Average,25.8,243.0,3.1,4.3,10543,1767,68.0,1.7,5.1,Low,0.2999999999999998
39,Female,Medium,Average,28.8,389.0,0.9,3.4,10036,1618,66.0,1.6,4.0,Low,1.5999999999999996
68,Male,Low,Average,27.5,167.0,1.5,7.8,3455,1454,76.0,1.9,4.1,Medium,1.0
54,Male,Medium,Average,36.0,51.0,2.8,8.2,4710,1941,85.0,1.7,4.7,Low,0.7000000000000002
25,Male,Medium,Average,22.1,305.0,1.1,3.8,5362,1375,67.0,1.2,4.5,Low,0.7999999999999998
24,Male,Medium,Average,26.0,143.0,1.8,5.7,8908,1752,63.0,1.7,4.5,Low,1.0999999999999996
31,Male,Medium,Healthy,31.2,607.0,1.2,9.1,9003,1799,86.0,1.6,4.1,Medium,2.0
20,Male,Low,Average,30.9,237.0,4.2,10.9,6342,2042,74.0,1.3,2.9,Medium,2.0999999999999996
67,Female,Low,Healthy,17.5,306.0,3.4,7.2,4029,1302,67.0,1.3,3.6,Low,1.0999999999999996
33,Female,Medium,Healthy,25.0,105.0,2.2,7.1,7601,1591,65.0,1.6,3.5,Low,1.7000000000000002
36,Other,Low,Average,30.9,389.0,3.7,5.9,6696,2157,81.0,1.2,3.9,Medium,2.0
68,Male,Medium,Healthy,36.6,195.0,3.5,10.7,6321,2067,81.0,1.6,3.4,Medium,0.09999999999999964
35,Female,Medium,Average,27.8,181.0,3.5,8.4,7433,1317,68.0,1.9,4.5,Low,1.7000000000000002
69,Female,Medium,Average,23.5,184.0,2.1,4.9,8949,1348,66.0,1.9,5.3,Low,0.5999999999999996
33,Male,Low,Average,21.0,6.0,2.3,9.0,2656,1067,71.0,1.7,2.7,Medium,2.3
25,Female,High,Unhealthy,33.9,162.0,1.6,5.2,15339,2492,65.0,1.8,4.4,Low,0.5999999999999996
50,Female,Low,Unhealthy,27.9,281.0,2.4,4.6,4006,1358,79.0,1.3,4.4,Medium,0.2999999999999998
66,Male,Medium,Healthy,21.6,0.0,1.8,5.9,10270,1478,58.0,1.9,5.0,Low,0.2999999999999998
29,Female,Medium,Average,24.2,353.0,1.6,4.8,7164,1992,70.0,1.5,3.3,Low,2.5
22,Male,Low,Average,27.2,236.0,3.0,3.5,6878,1956,77.0,2.1,5.9,Low,0.09999999999999964
44,Male,Low,Unhealthy,21.4,0.0,1.8,5.3,5277,1041,58.0,2.0,3.2,Low,1.5
29,Male,Medium,Healthy,22.5,233.0,3.3,5.7,10172,1127,64.0,1.9,5.5,Low,0.5999999999999996
34,Male,High,Average,18.4,43.0,2.7,3.6,16506,1258,50.0,2.2,5.3,Low,0.1999999999999993
50,Female,Medium,Average,23.6,0.0,3.8,2.6,6080,1376,60.0,2.7,5.8,Low,0.3000000000000007
22,Male,Medium,Healthy,26.9,67.0,2.7,6.0,6101,1523,74.0,1.4,4.3,Low,0.20000000000000018
45,Female,Low,Healthy,30.7,175.0,3.9,8.7,3136,2004,80.0,2.0,4.0,Medium,1.2999999999999998
31,Male,Low,Healthy,25.9,159.0,3.0,9.8,5800,1744,72.0,1.6,3.5,Medium,1.0999999999999996
22,Male,High,Healthy,24.5,332.0,3.0,5.6,13922,1875,63.0,2.2,4.1,Low,1.2999999999999998
50,Male,Low,Average,25.8,0.0,1.6,9.5,5409,1746,72.0,1.4,3.9,Medium,1.2000000000000002
67,Female,High,Average,25.3,192.0,2.1,6.1,16469,1893,52.0,2.7,5.0,Medium,0.2999999999999998
65,Male,Low,Healthy,30.0,185.0,3.7,12.6,6403,1825,75.0,2.1,4.6,Medium,0.9000000000000004
58,Male,Medium,Average,26.2,131.0,3.4,3.4,9602,1451,65.0,2.1,4.8,Low,0.20000000000000018
36,Male,High,Unhealthy,22.8,63.0,2.2,4.5,14638,1572,50.0,2.6,5.5,Low,0.40000000000000036
39,Female,Medium,Unhealthy,29.2,365.0,1.4,7.4,5402,1622,81.0,1.6,3.5,Medium,1.7000000000000002
22,Other,Medium,Average,29.9,507.0,3.8,3.8,11882,1965,72.0,1.5,4.1,Medium,1.2999999999999998
19,Male,Medium,Average,19.6,0.0,3.4,5.2,10129,1582,53.0,2.1,4.8,Medium,0.7000000000000002
47,Male,Medium,Unhealthy,31.1,61.0,1.6,8.1,8848,2156,68.0,1.4,4.2,Low,1.0
64,Female,Low,Unhealthy,26.5,49.0,1.6,7.5,4318,2069,73.0,1.3,3.4,Medium,3.0
56,Female,High,Unhealthy,26.1,157.0,4.0,6.9,8658,2111,64.0,2.2,4.3,Medium,1.2000000000000002
21,Male,Low,Average,29.0,388.0,2.1,6.9,4632,1864,80.0,1.9,5.5,Medium,0.09999999999999964
50,Female,Low,Average,22.7,279.0,2.1,2.0,3204,965,73.0,1.8,5.6,Low,0.40000000000000036
30,Female,High,Healthy,28.8,176.0,2.0,7.4,9080,2089,67.0,1.7,4.6,Low,0.20000000000000018
37,Male,Medium,Average,23.5,202.0,2.8,5.4,7031,1834,61.0,2.1,5.1,Low,0.5999999999999996
24,Female,Medium,Healthy,19.1,152.0,1.4,6.1,8481,1322,60.0,1.5,3.8,Low,0.7000000000000002
32,Female,High,Unhealthy,21.0,310.0,2.7,3.0,15120,1315,53.0,2.4,6.0,Low,0.2999999999999998
40,Female,Medium,Average,27.3,329.0,1.4,8.7,5643,1632,74.0,2.0,3.6,Medium,0.5999999999999996
31,Male,Medium,Unhealthy,21.2,288.0,1.4,8.4,5275,1449,68.0,2.4,4.6,Medium,1.0
36,Male,Medium,Average,29.8,201.0,1.4,7.4,9141,1774,77.0,1.3,2.8,Medium,1.7000000000000002
46,Male,Low,Healthy,30.3,172.0,3.1,11.1,2810,1612,75.0,1.9,2.7,High,2.0
37,Female,Medium,Healthy,25.5,348.0,3.1,7.4,7111,1817,73.0,1.3,4.6,Low,0.40000000000000036
46,Female,Medium,Average,26.0,235.0,2.4,2.0,8376,1730,66.0,1.6,5.0,Low,0.5999999999999996
41,Female,Low,Unhealthy,20.2,283.0,2.0,5.6,2769,1415,75.0,2.4,4.8,Medium,0.0
35,Other,Medium,Unhealthy,29.0,125.0,3.6,7.3,3986,1827,72.0,1.1,3.5,Medium,1.2000000000000002
27,Male,Medium,Healthy,26.5,340.0,3.1,12.3,8621,1631,70.0,1.7,2.4,Low,1.7000000000000002
58,Female,Low,Healthy,27.3,385.0,1.6,4.0,1379,1588,82.0,2.1,4.1,Low,1.0999999999999996
25,Female,Medium,Healthy,31.8,0.0,2.8,6.6,8660,2237,66.0,2.0,4.2,Low,1.0999999999999996
43,Male,Low,Average,22.6,5.0,2.7,4.3,3668,1306,64.0,2.1,3.8,Low,1.2000000000000002
46,Female,Medium,Unhealthy,24.5,314.0,3.1,9.2,7542,1661,68.0,1.2,3.2,Medium,1.5999999999999996
27,Male,Medium,Healthy,26.3,174.0,4.7,6.1,5794,1242,71.0,1.4,4.1,Low,1.5999999999999996
34,Female,Low,Average,21.3,354.0,1.8,2.0,3502,1116,65.0,2.2,5.2,Low,0.7999999999999998
19,Female,Low,Average,24.2,236.0,2.9,6.0,2682,1287,73.0,1.8,4.4,Low,1.4000000000000004
23,Male,Low,Average,27.0,303.0,3.7,6.7,8271,1476,73.0,1.2,3.8,Medium,0.5999999999999996
22,Female,Low,Average,23.7,87.0,3.9,8.0,2794,1323,74.0,2.1,3.0,Medium,1.7000000000000002
45,Female,Medium,Average,30.2,250.0,2.6,7.5,10077,2252,72.0,1.2,3.9,Low,1.4000000000000004
22,Male,Low,Average,29.5,96.0,1.1,6.7,4364,1917,71.0,1.3,3.3,Medium,1.2000000000000002
43,Female,High,Average,22.7,0.0,2.8,7.0,13503,2019,50.0,1.7,3.5,Low,1.5999999999999996
37,Female,Low,Unhealthy,21.3,231.0,2.6,6.0,3704,1200,69.0,1.3,3.7,Medium,2.5999999999999996
58,Female,Medium,Average,17.5,5.0,2.7,8.4,8494,1080,60.0,2.0,3.6,Medium,1.2000000000000002
66,Female,Medium,Average,21.8,46.0,3.3,9.1,10752,1676,60.0,1.9,4.3,Low,0.5
44,Female,Low,Average,29.2,347.0,2.9,6.9,2303,1238,85.0,1.0,3.7,Low,1.0999999999999996
29,Female,High,Average,29.7,28.0,2.0,4.3,11508,1503,63.0,1.4,5.2,Medium,0.8000000000000007
24,Male,Low,Average,22.5,287.0,3.3,7.9,4191,1118,73.0,1.1,2.0,Medium,2.5
20,Male,High,Average,27.8,33.0,2.0,4.5,13112,1984,57.0,2.6,4.6,Low,0.09999999999999964
27,Female,Medium,Unhealthy,22.1,352.0,3.3,7.4,11084,1293,68.0,1.1,3.2,Low,2.2
51,Male,Low,Average,21.1,296.0,2.2,7.3,6129,1218,69.0,1.5,2.9,High,2.2
42,Female,Medium,Unhealthy,24.6,83.0,3.0,9.7,7090,1251,68.0,1.7,3.4,Medium,2.5
52,Female,Low,Average,22.3,347.0,3.9,10.5,6317,1509,67.0,1.6,1.8,High,2.5
33,Male,Medium,Average,18.8,0.0,3.0,2.0,8841,1520,52.0,1.8,5.3,Low,0.1999999999999993
19,Male,Low,Average,24.3,270.0,3.6,6.5,2906,1331,72.0,1.8,3.8,Medium,0.7000000000000002
41,Female,Medium,Average,25.4,13.0,2.2,2.0,7760,2019,60.0,1.3,4.4,Low,0.0
27,Female,Medium,Healthy,30.1,121.0,2.6,9.9,7613,1762,76.0,1.0,2.1,Low,2.0
55,Male,Medium,Healthy,28.7,131.0,2.2,6.9,6528,1429,74.0,1.3,3.6,Low,1.2999999999999998
39,Male,Low,Average,29.9,392.0,1.2,9.9,3049,1331,82.0,1.0,2.2,Medium,2.5999999999999996
43,Female,Medium,Average,27.9,124.0,3.4,7.6,8902,1721,65.0,1.3,4.0,Low,0.0
56,Male,Medium,Healthy,20.1,134.0,2.9,4.6,7434,1801,62.0,1.5,4.3,Low,2.0
44,Male,Low,Average,25.6,52.0,3.5,6.7,3689,1213,69.0,1.4,4.2,Low,0.5999999999999996
46,Female,Medium,Healthy,27.4,45.0,1.6,8.4,7663,1550,70.0,1.3,3.2,Low,1.7999999999999998
64,Female,Low,Healthy,30.8,246.0,1.4,7.1,5381,1850,84.0,2.2,4.8,Low,0.9000000000000004
55,Other,Medium,Healthy,27.7,196.0,3.5,7.4,6347,1658,70.0,2.2,4.6,Low,0.5999999999999996
37,Female,Medium,Average,30.0,314.0,2.4,6.1,8460,1717,73.0,0.7,2.0,Medium,3.5999999999999996
44,Female,Medium,Healthy,20.9,163.0,2.7,9.8,4973,1235,65.0,1.4,4.4,Low,0.40000000000000036
58,Male,Medium,Average,23.7,168.0,1.3,7.4,6956,1236,67.0,2.6,5.8,Low,0.20000000000000018
37,Female,Medium,Average,26.7,314.0,3.7,7.1,5385,1461,75.0,1.3,3.3,Medium,2.0
61,Male,High,Healthy,29.6,144.0,3.0,7.7,18853,2011,50.0,1.1,4.1,Low,0.5999999999999996
36,Female,Medium,Average,24.4,0.0,2.0,6.0,8267,1759,59.0,1.8,5.4,Low,0.09999999999999964
37,Male,Medium,Average,24.7,327.0,4.2,6.1,7148,1669,70.0,1.5,3.4,Medium,2.9000000000000004
52,Male,High,Unhealthy,27.7,98.0,1.4,8.2,8789,1726,71.0,2.6,5.3,Low,0.20000000000000018
64,Female,High,Average,20.5,210.0,2.2,8.9,9981,1427,59.0,2.2,4.3,Medium,0.5
19,Female,Medium,Unhealthy,31.4,106.0,3.3,9.2,9703,2002,73.0,1.5,2.8,Low,0.5
47,Male,Low,Average,21.5,54.0,3.4,6.5,4532,1165,66.0,2.3,3.7,Low,1.5
51,Female,Medium,Average,17.5,0.0,1.3,7.3,5118,741,57.0,1.4,4.5,Low,0.5
39,Male,Medium,Unhealthy,25.0,250.0,2.3,5.5,5127,1387,69.0,1.7,5.6,Medium,0.2999999999999998
20,Male,Medium,Average,31.8,0.0,3.1,9.0,11696,2155,66.0,1.4,3.0,Medium,1.7000000000000002
23,Female,Medium,Average,27.3,394.0,3.7,4.6,10710,1983,73.0,1.8,5.5,Low,0.7000000000000002
32,Male,Medium,Average,28.0,354.0,3.6,7.6,8590,1757,68.0,1.0,2.5,Low,2.2
44,Female,Medium,Average,25.2,63.0,3.1,9.2,8232,1468,65.0,1.8,3.5,Medium,1.5
27,Male,Medium,Healthy,24.4,438.0,2.6,7.3,7663,1638,69.0,1.4,3.0,Medium,3.0
26,Female,Low,Average,18.8,509.0,2.4,7.8,2113,1059,75.0,1.0,2.6,High,3.7
50,Female,Low,Unhealthy,17.5,159.0,2.9,6.3,5290,878,59.0,1.3,4.7,Medium,0.2999999999999998
49,Male,Medium,Healthy,25.8,261.0,3.6,2.4,7609,1234,70.0,2.4,5.6,Low,0.09999999999999964
65,Male,Medium,Unhealthy,30.3,220.0,2.3,5.3,9460,1785,68.0,2.5,6.3,Low,0.5999999999999996
23,Female,Medium,Healthy,26.4,427.0,2.3,7.1,7191,1912,77.0,1.2,3.3,Low,2.4000000000000004
58,Female,Low,Healthy,27.5,0.0,3.4,5.3,4544,1667,71.0,1.6,4.6,Low,0.09999999999999964
53,Male,Low,Average,31.3,165.0,3.3,8.2,3279,1992,86.0,2.4,5.3,Medium,1.0
19,Female,Medium,Healthy,26.3,337.0,2.1,3.3,8139,1633,72.0,1.3,4.8,Low,0.5999999999999996
46,Male,Medium,Average,24.5,322.0,1.4,2.2,9594,1601,63.0,1.8,5.8,Low,0.5
21,Male,Low,Healthy,21.7,193.0,1.1,8.7,3197,674,65.0,1.8,2.8,Medium,1.7999999999999998
18,Female,Medium,Average,33.1,408.0,2.6,6.2,12039,1753,79.0,1.0,3.8,Low,1.4000000000000004
36,Male,Low,Average,27.1,235.0,1.6,7.9,3133,1572,75.0,2.0,3.8,Medium,1.5999999999999996
43,Female,Low,Unhealthy,21.2,217.0,3.2,5.7,4204,1266,65.0,2.0,4.3,Low,0.9000000000000004
42,Female,Low,Average,20.3,304.0,1.1,8.4,6073,804,70.0,2.1,4.3,High,0.9000000000000004
27,Female,Medium,Healthy,30.0,190.0,3.8,10.4,10900,1962,67.0,1.2,3.5,Medium,2.0
32,Female,High,Average,20.9,207.0,2.2,10.6,15402,1862,53.0,1.5,3.8,Medium,0.40000000000000036
39,Female,Low,Unhealthy,32.4,81.0,1.9,5.4,4403,1858,79.0,2.5,5.7,Medium,0.7000000000000002
68,Female,Low,Average,17.5,640.0,2.1,5.9,4103,932,66.0,1.4,3.1,High,1.9000000000000004
65,Female,Medium,Average,30.7,128.0,1.8,7.4,10712,1465,70.0,1.1,3.9,Medium,1.0999999999999996
38,Other,High,Average,26.9,309.0,3.7,11.7,16871,2100,55.0,1.6,3.8,Medium,0.7000000000000002
39,Female,Low,Average,25.5,486.0,3.0,4.1,5634,1322,73.0,1.5,3.1,Medium,1.5
53,Male,Medium,Average,24.3,0.0,2.6,4.1,11268,1767,50.0,2.5,5.5,Low,0.5
51,Female,Low,Average,32.6,291.0,1.5,9.2,4686,1957,79.0,1.6,4.1,Medium,0.20000000000000018
47,Female,Low,Healthy,27.8,203.0,2.5,5.3,3389,1709,76.0,2.4,5.3,Low,0.2999999999999998
42,Female,Medium,Unhealthy,21.4,469.0,1.9,8.6,8702,1494,67.0,1.2,4.3,Medium,0.9000000000000004
62,Female,High,Healthy,18.1,63.0,0.5,5.5,14168,1402,50.0,2.3,5.8,Low,1.0999999999999996
45,Female,Medium,Average,25.7,87.0,1.9,7.9,7621,1707,68.0,1.7,4.0,Medium,0.7999999999999998
18,Other,High,Healthy,25.0,192.0,3.0,5.7,12787,1558,54.0,2.0,4.9,Low,1.4000000000000004
66,Male,Medium,Average,18.9,125.0,2.2,4.5,9095,1572,50.0,2.4,5.2,Low,0.2999999999999998
62,Female,High,Average,24.8,131.0,2.4,7.4,15912,1739,60.0,1.7,4.6,Low,1.5999999999999996
21,Male,Low,Healthy,22.7,504.0,3.3,4.0,2955,1615,77.0,2.1,3.0,Medium,1.7999999999999998
24,Female,Low,Unhealthy,25.0,219.0,3.2,8.1,4473,1379,74.0,1.2,3.6,Medium,2.5999999999999996
66,Female,Medium,Average,27.9,82.0,4.1,6.4,11246,1943,58.0,1.4,5.0,Low,0.09999999999999964
26,Male,Medium,Average,31.0,141.0,0.7,3.6,6506,1835,77.0,1.5,4.8,Low,0.5
53,Male,Medium,Average,28.6,260.0,1.8,7.7,10737,1499,71.0,1.8,4.1,Medium,1.7000000000000002
36,Female,Medium,Healthy,22.1,250.0,3.2,7.7,6250,1462,61.0,1.9,4.7,Low,1.0999999999999996
18,Male,Medium,Average,26.5,113.0,2.8,2.0,8722,1520,67.0,2.0,5.0,Low,0.5999999999999996
27,Male,Medium,Average,25.3,0.0,2.6,6.9,4437,1418,70.0,1.9,4.2,Medium,1.4000000000000004
53,Female,Low,Average,19.7,192.0,2.0,7.0,4959,1192,57.0,1.5,4.9,Medium,0.5999999999999996
26,Male,Medium,Unhealthy,26.6,188.0,2.7,7.2,7558,1426,69.0,1.5,4.8,Low,1.0
62,Female,Medium,Healthy,32.4,103.0,2.6,2.5,4510,1679,77.0,2.0,5.3,Low,0.40000000000000036
63,Female,Medium,Average,25.1,391.0,1.0,7.9,7057,1788,73.0,1.5,3.7,Medium,1.7000000000000002
59,Male,Low,Healthy,18.6,286.0,2.7,8.3,6649,932,65.0,1.4,3.6,Low,2.4000000000000004
49,Male,Medium,Average,25.1,220.0,2.1,4.7,9139,1738,67.0,1.1,3.8,Low,2.3
49,Female,Medium,Average,20.1,145.0,3.2,3.5,8225,1258,58.0,2.3,5.7,Low,0.40000000000000036
23,Female,Low,Healthy,28.5,459.0,2.8,4.6,4795,1816,79.0,1.4,3.3,Medium,1.7000000000000002
65,Female,Low,Average,27.1,26.0,4.1,7.3,5514,1716,70.0,1.7,3.2,Medium,2.5999999999999996
55,Female,Low,Average,24.3,125.0,2.5,3.9,6285,1327,66.0,1.7,4.4,Low,1.7999999999999998
34,Female,Medium,Unhealthy,23.7,132.0,1.6,3.6,7418,1618,60.0,2.7,5.6,Low,0.20000000000000018
27,Male,Medium,Average,24.2,244.0,0.5,12.2,9185,1463,65.0,1.8,3.3,Medium,1.2000000000000002
44,Male,Medium,Healthy,21.9,0.0,2.8,6.2,8213,1447,58.0,1.6,5.9,Low,0.1999999999999993
67,Male,High,Healthy,19.4,97.0,3.0,5.3,13440,1439,50.0,1.3,4.0,Low,1.4000000000000004
52,Female,Low,Healthy,29.6,267.0,2.0,5.9,6406,1652,75.0,1.3,5.0,Low,0.09999999999999964
69,Female,Medium,Average,23.5,100.0,2.2,11.5,8526,1444,60.0,1.8,2.8,Low,2.7
38,Male,Medium,Unhealthy,25.7,139.0,2.6,9.0,5565,1448,72.0,2.0,3.6,Medium,0.7999999999999998
45,Male,Low,Average,26.3,53.0,3.3,8.0,5431,1432,69.0,2.1,4.7,Low,0.2999999999999998
32,Female,Low,Average,18.3,291.0,1.9,7.7,3771,1280,63.0,1.8,3.9,Medium,1.5999999999999996
21,Male,Medium,Healthy,22.6,205.0,4.1,8.4,8815,1754,62.0,1.3,3.2,Low,0.40000000000000036
26,Male,Low,Average,22.1,308.0,2.1,5.9,6030,1287,71.0,1.9,4.1,Medium,0.09999999999999964
44,Male,Medium,Unhealthy,23.6,193.0,3.4,11.5,7546,1730,68.0,1.3,2.5,Medium,3.2
43,Female,Medium,Average,33.5,151.0,4.3,3.8,9461,2145,71.0,1.9,4.3,Low,2.0999999999999996
45,Male,Low,Average,22.0,100.0,1.9,6.3,5160,1446,65.0,2.4,4.2,Medium,0.40000000000000036
60,Female,Medium,Healthy,24.8,138.0,1.1,7.6,8365,1502,66.0,1.9,4.7,Low,1.5999999999999996
58,Female,High,Unhealthy,22.2,259.0,1.7,10.1,14647,1500,52.0,1.6,3.4,High,0.9000000000000004
59,Male,Medium,Unhealthy,29.7,538.0,2.5,8.0,5896,1479,83.0,2.3,4.5,Medium,0.9000000000000004
67,Male,Low,Healthy,25.2,237.0,2.7,7.7,3117,1378,77.0,2.3,4.6,Low,0.7999999999999998
37,Female,High,Average,23.6,151.0,1.9,2.0,7476,1760,66.0,2.7,5.9,Low,1.6999999999999993
62,Female,Medium,Average,25.8,228.0,0.5,9.3,7241,1370,69.0,2.0,2.9,Low,1.9000000000000004
56,Female,Low,Average,20.9,171.0,3.1,8.3,6998,992,61.0,1.2,3.5,Medium,1.7999999999999998
66,Male,Low,Healthy,24.5,455.0,3.1,9.3,6237,1751,80.0,1.8,4.3,Medium,1.5999999999999996
40,Female,Medium,Healthy,21.0,299.0,2.3,7.5,7228,1177,61.0,1.3,4.6,Low,1.2999999999999998
64,Female,High,Average,25.0,384.0,2.4,2.0,13979,2262,67.0,2.4,5.6,Low,0.20000000000000018
49,Female,Medium,Healthy,26.4,352.0,2.7,10.5,7857,1726,77.0,1.7,3.5,Medium,2.7
69,Male,High,Healthy,28.4,93.0,2.8,11.5,13371,2263,56.0,1.9,3.3,Medium,1.2999999999999998
64,Male,Medium,Average,29.5,486.0,2.4,9.0,9948,1525,73.0,1.3,2.3,High,2.5999999999999996
50,Male,Medium,Average,23.4,0.0,0.6,5.2,6897,950,61.0,2.3,4.3,Low,1.0999999999999996
63,Female,Medium,Average,27.0,249.0,3.6,10.1,10904,1709,64.0,2.0,3.4,Medium,1.5999999999999996
22,Male,Medium,Average,27.0,0.0,2.1,6.3,8277,1689,63.0,1.6,4.0,Low,1.5
60,Male,Medium,Healthy,26.3,0.0,1.5,6.8,5668,1666,70.0,1.7,4.0,Low,1.2999999999999998
65,Male,High,Average,23.1,340.0,2.2,10.0,13708,2011,59.0,2.1,4.4,Medium,0.7000000000000002
51,Female,Medium,Average,20.9,96.0,2.6,8.6,8958,1341,60.0,1.7,3.9,Low,0.7999999999999998
57,Male,Low,Average,27.0,386.0,2.0,2.0,5465,1483,76.0,1.9,6.1,Low,0.40000000000000036
28,Male,High,Average,18.2,0.0,2.1,7.5,16262,1514,50.0,2.5,4.6,Medium,0.20000000000000018
67,Male,Low,Healthy,23.9,186.0,2.2,10.0,3525,1409,69.0,1.8,4.1,Medium,0.0
20,Female,Medium,Average,17.5,17.0,2.8,3.6,6963,905,57.0,2.2,5.5,Low,1.5999999999999996
50,Female,High,Unhealthy,19.7,150.0,1.9,9.4,19191,1393,50.0,1.2,1.9,Low,2.3
28,Female,Medium,Average,21.5,432.0,2.8,2.8,8053,1462,63.0,2.0,6.0,Low,1.4000000000000004
33,Female,High,Healthy,29.4,468.0,1.4,6.5,10599,1623,76.0,1.7,4.3,Low,1.4000000000000004
35,Female,Medium,Unhealthy,27.8,276.0,4.1,8.4,6829,1891,74.0,1.0,4.6,Medium,2.0
47,Male,Medium,Healthy,22.8,0.0,3.4,6.4,4075,861,62.0,2.2,5.2,Low,1.0
65,Female,Low,Average,27.9,18.0,2.3,9.9,1556,1300,72.0,2.4,4.3,Medium,0.5
27,Male,Medium,Average,28.6,224.0,2.8,3.5,6940,1437,72.0,2.1,4.2,Low,1.0999999999999996
35,Male,Medium,Unhealthy,24.4,79.0,1.6,9.0,6408,1341,64.0,2.5,5.3,Medium,0.5999999999999996
55,Female,Medium,Average,19.5,298.0,2.9,7.1,6626,1064,67.0,1.3,3.5,Medium,0.2999999999999998
36,Male,Medium,Average,24.2,451.0,3.2,4.9,9540,1816,67.0,1.5,4.7,Medium,0.7999999999999998
53,Male,High,Average,24.6,52.0,2.7,8.1,16622,2456,50.0,2.6,4.2,Medium,0.5999999999999996
30,Male,Medium,Average,20.1,65.0,3.2,6.8,5670,986,60.0,1.7,4.6,Low,1.2000000000000002
63,Female,High,Healthy,26.5,22.0,2.5,10.7,19674,1973,50.0,1.7,3.5,Low,0.40000000000000036
20,Male,Medium,Average,26.1,161.0,2.4,8.5,8201,1604,68.0,1.8,4.9,Low,0.09999999999999964
27,Female,Medium,Average,26.8,207.0,2.0,8.0,8015,1448,72.0,2.4,4.7,Low,1.0
55,Female,Low,Average,26.1,203.0,2.9,5.3,2812,1529,72.0,2.3,5.2,Low,0.2999999999999998
44,Male,Low,Healthy,24.3,258.0,2.8,5.6,7042,1618,64.0,1.3,4.0,Low,1.5999999999999996
63,Female,Medium,Average,25.8,191.0,2.7,6.8,5837,1541,74.0,1.2,3.5,Low,1.0
25,Male,Low,Average,23.4,206.0,3.6,10.1,4400,1496,65.0,2.2,3.3,Medium,1.2000000000000002
68,Male,Medium,Healthy,22.7,212.0,3.0,6.3,6915,1409,69.0,1.8,4.7,Low,0.0
59,Female,Medium,Average,17.5,98.0,2.0,8.2,4928,1178,58.0,2.1,4.1,Low,2.0
34,Male,High,Healthy,28.5,19.0,1.9,9.0,15832,2022,54.0,2.1,3.9,Low,0.5999999999999996
26,Male,Medium,Average,22.5,221.0,1.9,11.0,4554,1418,63.0,1.8,3.7,Medium,1.7000000000000002
23,Male,High,Average,22.0,125.0,3.3,9.2,10295,1796,53.0,1.7,3.6,Low,1.2999999999999998
60,Male,Medium,Average,26.0,278.0,0.7,6.3,9643,1328,66.0,1.8,4.2,Low,0.40000000000000036
42,Female,Medium,Unhealthy,19.0,210.0,3.6,7.7,9402,920,58.0,1.7,5.0,Low,0.2999999999999998
66,Female,Medium,Unhealthy,21.6,347.0,2.6,8.1,5643,1485,68.0,1.7,4.2,Medium,0.5
45,Male,Low,Average,24.1,0.0,2.8,2.0,2227,1580,70.0,2.7,6.6,Low,0.0
50,Male,Low,Average,21.8,465.0,2.6,5.6,2013,1148,73.0,2.0,4.6,Medium,1.4000000000000004
54,Female,Low,Unhealthy,31.4,0.0,2.6,8.2,3799,2072,76.0,1.5,4.2,Medium,0.5
26,Male,Medium,Average,32.2,417.0,3.4,9.7,9282,2559,78.0,1.0,1.4,High,3.2
35,Female,Medium,Unhealthy,17.5,230.0,2.3,5.4,7151,1391,61.0,1.2,4.6,Low,1.4000000000000004
38,Male,Medium,Average,27.2,121.0,3.0,6.0,9769,1867,65.0,1.4,3.7,Low,0.2999999999999998
19,Female,Medium,Average,28.4,0.0,1.8,6.4,11220,2015,65.0,2.0,4.8,Low,0.2999999999999998
60,Male,High,Average,27.2,110.0,2.9,6.7,15173,2000,57.0,1.5,4.4,Low,0.7000000000000002
55,Male,Medium,Healthy,22.4,175.0,2.3,9.1,5493,1404,66.0,2.3,3.8,Low,1.2999999999999998
57,Female,Medium,Unhealthy,24.0,229.0,2.8,5.2,8171,1616,68.0,1.6,3.9,Medium,0.9000000000000004
53,Female,Low,Average,22.0,416.0,1.8,9.2,6030,1795,73.0,1.1,3.4,High,1.4000000000000004
67,Male,Medium,Average,23.3,211.0,2.9,10.5,6738,1282,66.0,1.4,4.4,Low,0.1999999999999993
54,Female,Low,Unhealthy,24.5,252.0,3.8,5.9,5709,1453,71.0,1.6,3.6,Medium,1.7999999999999998
32,Male,Low,Healthy,19.0,150.0,2.7,7.4,1845,1149,68.0,1.1,3.2,Low,1.0999999999999996
45,Male,Medium,Average,24.2,171.0,2.9,5.5,8396,1595,63.0,1.6,3.7,Medium,0.5
35,Male,High,Average,20.0,183.0,2.1,6.8,12147,1228,55.0,2.2,4.6,Medium,0.5
51,Male,Medium,Average,25.8,293.0,2.7,3.3,7134,1590,73.0,1.1,3.6,Low,1.7000000000000002
39,Female,High,Unhealthy,22.3,63.0,2.9,9.1,19110,1858,50.0,1.3,4.4,Medium,0.20000000000000018
28,Male,High,Unhealthy,26.2,124.0,2.2,11.2,12557,1810,60.0,1.6,4.0,Low,0.7000000000000002
30,Male,Low,Average,29.3,253.0,2.2,5.3,4182,1800,75.0,1.2,4.5,Medium,0.7999999999999998
21,Male,Low,Average,31.4,38.0,1.9,2.9,5547,2031,72.0,1.6,4.4,Low,0.7999999999999998
39,Female,Medium,Average,17.5,217.0,2.4,9.3,5435,924,59.0,2.1,4.5,Medium,1.0
24,Male,Medium,Average,21.7,118.0,2.0,6.0,9671,1857,59.0,2.8,4.9,Low,0.09999999999999964
60,Male,Medium,Healthy,23.8,275.0,2.7,5.3,7103,1174,65.0,1.2,4.8,Low,0.40000000000000036
41,Male,Low,Average,26.8,406.0,1.9,6.7,2079,1280,76.0,1.5,3.7,Medium,2.4000000000000004
21,Female,Low,Healthy,18.4,118.0,2.4,3.9,3261,1006,60.0,1.3,4.5,Low,1.4000000000000004
45,Male,Low,Average,21.1,313.0,1.7,8.2,4093,1359,72.0,1.7,3.3,Medium,0.9000000000000004
32,Female,High,Average,25.5,230.0,3.4,3.8,14720,1517,63.0,2.5,5.8,Low,0.7999999999999998
18,Male,High,Healthy,25.3,142.0,2.5,4.0,11752,2178,63.0,2.4,5.0,Low,1.2000000000000002
20,Male,Low,Average,26.5,200.0,2.5,4.0,3675,1112,72.0,1.8,4.5,Low,1.2999999999999998
31,Female,Low,Healthy,26.8,394.0,3.0,7.4,1910,1726,79.0,1.1,2.8,Medium,2.0999999999999996
55,Male,Low,Average,26.4,174.0,3.9,2.5,2938,1354,73.0,1.8,4.7,Medium,0.7999999999999998
67,Female,High,Average,25.8,396.0,2.6,12.2,9914,1705,64.0,2.0,3.2,High,1.7000000000000002
18,Female,High,Average,25.2,182.0,1.3,6.1,13762,1366,57.0,1.6,3.7,Low,1.9000000000000004
55,Female,Low,Average,27.7,0.0,3.4,2.0,2743,1643,75.0,2.3,6.5,Low,0.0
55,Female,Medium,Average,17.5,177.0,1.4,4.3,12149,1330,50.0,2.3,5.1,Low,0.40000000000000036
38,Male,Medium,Healthy,31.2,0.0,2.1,8.5,8765,2145,65.0,1.7,3.9,Low,0.7999999999999998
65,Male,Medium,Average,17.5,152.0,3.5,10.4,4747,786,64.0,2.0,3.8,Low,0.9000000000000004
46,Female,Medium,Average,20.7,146.0,2.2,7.4,6507,1581,60.0,1.3,4.3,Low,0.5999999999999996
22,Female,Medium,Average,24.1,472.0,2.0,7.2,9404,1237,66.0,1.2,3.2,Medium,2.5999999999999996
66,Female,High,Healthy,27.7,441.0,2.7,3.2,14733,2024,57.0,1.8,4.4,Low,0.7000000000000002
27,Male,Low,Healthy,17.5,212.0,2.5,10.7,1643,648,70.0,2.0,4.6,Medium,1.2999999999999998
45,Male,Medium,Average,24.9,381.0,1.9,8.4,6425,1894,76.0,1.6,3.6,Medium,1.4000000000000004
38,Female,Medium,Average,28.2,140.0,3.2,7.8,9286,1971,66.0,2.7,4.4,Medium,0.0
67,Male,Medium,Average,29.0,0.0,3.5,7.0,8742,2118,66.0,1.6,4.1,Low,0.40000000000000036
20,Male,High,Average,23.8,254.0,2.9,5.0,13160,1653,60.0,1.6,5.8,Low,0.1999999999999993
64,Male,Medium,Average,23.4,66.0,1.5,9.0,5447,1360,64.0,1.8,3.5,Medium,1.0
37,Female,Medium,Average,20.9,340.0,0.6,6.8,9899,1362,61.0,1.6,4.3,Medium,0.2999999999999998
36,Male,Medium,Healthy,21.4,0.0,3.3,6.3,11887,1502,51.0,2.4,4.8,Low,0.5
52,Female,Medium,Average,26.7,283.0,2.7,2.0,8554,1912,70.0,2.0,4.9,Low,1.2000000000000002
21,Female,Medium,Average,25.5,152.0,2.2,2.7,9871,1863,60.0,1.7,4.5,Medium,0.1999999999999993
22,Male,Medium,Average,27.0,283.0,1.0,8.4,6402,1371,76.0,1.8,3.1,Medium,2.0
18,Female,Medium,Unhealthy,25.9,348.0,1.6,9.3,7958,1755,77.0,2.0,4.6,Low,0.5
21,Male,Medium,Average,27.8,68.0,1.1,9.7,7874,1425,65.0,1.9,3.9,Low,1.5
29,Male,High,Unhealthy,28.5,28.0,3.7,3.6,15154,2329,54.0,2.5,5.4,Low,0.7000000000000002
44,Female,Medium,Healthy,18.0,419.0,3.0,12.7,8155,1035,60.0,1.0,1.8,Medium,2.8
59,Male,High,Average,21.6,191.0,1.5,9.5,22331,2132,50.0,2.6,3.9,Medium,0.2999999999999998
40,Male,High,Average,24.1,249.0,3.8,5.6,16398,1988,59.0,2.0,4.5,Low,1.0999999999999996
42,Male,Low,Average,24.9,336.0,1.9,7.4,5948,1421,70.0,1.2,3.6,Medium,2.0
38,Male,Medium,Average,22.3,55.0,2.8,2.8,8541,1380,60.0,2.4,6.2,Low,0.7000000000000002
69,Female,Low,Average,28.6,335.0,2.8,5.5,1000,1423,83.0,1.1,2.6,Medium,3.3
41,Male,Low,Average,32.9,296.0,2.4,8.3,4672,1929,77.0,1.5,4.5,High,0.40000000000000036
42,Female,Medium,Healthy,25.7,420.0,2.3,7.2,10190,1861,67.0,1.1,3.3,Medium,2.7
62,Female,High,Average,25.3,417.0,2.5,11.4,18180,2434,56.0,2.2,3.1,High,0.5999999999999996
63,Male,Low,Healthy,28.4,209.0,2.3,3.3,3899,1923,81.0,2.8,6.0,Low,0.1999999999999993
49,Male,High,Healthy,17.5,312.0,2.7,6.7,9694,1378,52.0,1.5,4.0,Low,0.2999999999999998
49,Female,Medium,Healthy,25.1,206.0,2.7,4.2,7421,1604,70.0,2.4,5.3,Low,0.7999999999999998
22,Male,High,Healthy,28.9,221.0,2.1,10.8,9650,1723,70.0,1.1,3.6,Low,1.0999999999999996
53,Male,High,Average,22.4,30.0,3.4,7.7,17861,1964,50.0,1.6,4.6,Low,0.9000000000000004
63,Male,High,Average,20.1,166.0,1.8,7.0,15361,1894,50.0,2.1,5.7,Low,1.3000000000000007
59,Female,Medium,Healthy,24.3,0.0,2.8,6.7,6975,1724,67.0,1.5,4.5,Low,2.3
66,Female,High,Average,24.8,179.0,2.2,4.8,16226,1945,54.0,2.2,5.5,Medium,0.1999999999999993
59,Male,Low,Unhealthy,21.4,398.0,1.8,10.0,6203,1198,69.0,1.0,2.7,High,2.0
56,Male,Medium,Average,33.4,316.0,2.3,7.4,9568,2080,76.0,1.3,4.7,Low,0.40000000000000036
33,Female,Low,Unhealthy,23.1,216.0,2.0,7.6,6999,1580,69.0,2.0,4.0,Medium,1.0
66,Female,Low,Unhealthy,24.6,118.0,2.4,4.8,5459,1495,72.0,1.6,4.7,Low,1.4000000000000004
38,Female,Low,Healthy,28.6,62.0,3.6,12.0,1811,1693,84.0,1.0,2.8,Medium,1.4000000000000004
26,Male,High,Average,25.1,322.0,1.7,10.9,19681,2254,51.0,1.7,3.1,Medium,3.0
23,Female,Medium,Average,26.9,0.0,0.7,6.9,9456,1665,66.0,1.7,3.6,Low,1.7000000000000002
68,Male,High,Unhealthy,21.5,0.0,2.8,6.2,12879,1474,50.0,2.2,4.9,Low,1.2999999999999998
62,Male,Low,Unhealthy,31.0,335.0,3.9,8.6,2266,1979,82.0,1.0,2.6,High,3.7
52,Female,Medium,Average,27.2,231.0,2.9,9.8,6920,1779,70.0,1.8,4.7,Medium,1.0
56,Male,Low,Healthy,29.2,206.0,1.7,11.4,3610,1716,79.0,1.6,3.6,Medium,1.0
39,Other,Low,Average,26.5,231.0,1.7,8.6,4324,1389,74.0,1.3,3.9,Medium,0.5999999999999996
58,Male,Low,Healthy,28.3,501.0,4.1,7.3,3974,1163,84.0,1.3,3.0,Medium,2.5999999999999996
22,Female,Medium,Average,21.5,208.0,2.2,7.3,6732,1440,65.0,1.4,4.2,Medium,0.7999999999999998
59,Female,Low,Average,23.0,243.0,1.7,2.3,5736,1476,67.0,1.5,4.9,Low,0.7000000000000002
40,Male,Medium,Average,30.4,508.0,3.5,5.9,4601,1841,81.0,1.7,3.9,Medium,2.4000000000000004
34,Female,Medium,Unhealthy,31.2,190.0,2.4,7.9,9146,1926,72.0,1.4,3.2,Medium,1.5
29,Male,Low,Healthy,20.4,458.0,0.9,2.0,4278,1078,68.0,1.8,4.6,Low,2.0999999999999996
40,Female,Medium,Average,26.0,0.0,4.2,7.4,7986,1673,64.0,2.0,3.8,Low,2.2
33,Male,Medium,Average,23.3,25.0,3.0,5.0,9260,1787,60.0,1.4,4.3,Low,1.2999999999999998
20,Female,High,Average,22.2,99.0,1.3,10.9,11996,1699,50.0,1.3,2.3,Medium,1.4000000000000004
47,Male,Medium,Average,26.1,287.0,3.6,6.3,6460,1294,76.0,2.3,4.6,Low,0.5
39,Male,High,Healthy,29.6,466.0,1.7,6.3,13131,1969,69.0,1.7,4.7,Low,1.5999999999999996
26,Male,High,Unhealthy,26.8,111.0,1.6,6.7,12420,1707,62.0,2.6,5.0,Low,0.40000000000000036
46,Male,Medium,Average,23.7,346.0,1.8,7.0,7526,1805,67.0,1.4,4.1,Low,0.5
54,Female,Low,Average,23.6,434.0,4.1,6.1,4165,1646,80.0,1.8,3.4,Medium,1.7999999999999998
40,Female,Medium,Healthy,26.6,139.0,2.1,7.1,8059,1696,63.0,1.1,3.0,Medium,1.7999999999999998
30,Male,Medium,Healthy,30.6,330.0,3.9,9.0,8462,1786,74.0,1.0,2.6,Low,2.3
49,Female,High,Average,17.5,250.0,0.7,7.0,13009,1203,51.0,2.6,5.3,Medium,0.20000000000000018
63,Male,Medium,Healthy,28.2,101.0,3.2,8.6,9806,1731,58.0,1.4,4.0,Low,0.40000000000000036
69,Female,High,Average,18.8,264.0,3.6,5.9,15696,1570,50.0,2.0,5.0,Medium,0.9000000000000004
64,Other,High,Average,29.9,128.0,3.7,7.9,14016,1832,64.0,1.9,4.5,Low,0.5
65,Male,High,Average,22.5,218.0,2.6,10.3,10602,1677,56.0,1.8,2.9,Low,2.2
40,Male,Medium,Average,20.1,0.0,3.0,8.5,10618,1260,53.0,1.1,2.2,Low,1.4000000000000004
62,Male,Low,Average,27.8,0.0,1.9,2.3,4996,1298,71.0,1.2,6.0,Low,0.09999999999999964
34,Female,Medium,Healthy,26.5,157.0,2.5,8.4,9134,1426,67.0,1.9,4.1,Low,1.7000000000000002
57,Female,Medium,Average,21.0,247.0,2.4,4.1,11398,1409,54.0,2.0,4.0,Low,1.9000000000000004
38,Female,Low,Average,20.0,30.0,2.3,4.7,5043,1311,62.0,1.9,5.1,Low,1.2999999999999998
19,Male,Medium,Healthy,24.3,278.0,3.4,8.2,7902,1859,64.0,1.2,3.0,Medium,2.5999999999999996
54,Female,Medium,Average,20.2,206.0,2.7,4.6,6978,1241,61.0,1.5,4.0,Low,1.7000000000000002
23,Female,Low,Average,20.8,297.0,3.9,4.2,3175,1233,73.0,2.3,6.2,Low,0.40000000000000036
61,Male,Medium,Unhealthy,25.5,341.0,2.7,7.0,8551,1602,67.0,1.9,4.9,Low,0.2999999999999998
47,Male,Medium,Healthy,26.7,290.0,3.5,2.9,9955,1808,67.0,2.4,5.9,Low,1.0
39,Male,Medium,Healthy,31.0,155.0,2.4,8.4,5239,1755,79.0,1.4,3.5,Low,1.2999999999999998
50,Female,Low,Unhealthy,24.4,228.0,2.6,9.5,5386,1120,64.0,1.3,3.4,Medium,0.7999999999999998
47,Male,Medium,Average,25.5,549.0,1.8,9.3,7407,1909,78.0,1.6,3.4,Medium,3.0
34,Female,High,Unhealthy,33.1,347.0,2.6,4.8,12234,2264,67.0,1.9,4.9,Low,1.2999999999999998
60,Female,Medium,Average,20.2,210.0,1.7,8.0,8732,1026,56.0,1.5,3.7,Medium,1.7999999999999998
49,Male,Medium,Average,29.8,177.0,3.6,5.8,9575,1977,73.0,2.1,5.3,Low,0.09999999999999964
59,Female,Medium,Average,29.3,110.0,2.2,3.8,5533,2291,73.0,2.3,4.8,Low,1.0
31,Male,Low,Unhealthy,30.2,456.0,0.7,2.0,1568,1710,90.0,1.0,3.8,Low,1.5999999999999996
27,Male,Medium,Average,26.1,271.0,2.3,4.4,9583,1574,66.0,1.8,4.9,Low,1.7999999999999998
64,Male,Low,Average,22.7,9.0,2.2,3.3,2335,1138,65.0,3.1,7.5,Low,1.0
68,Male,Medium,Average,29.4,181.0,3.2,7.5,8381,2118,75.0,1.3,3.7,Medium,1.0
53,Male,Medium,Healthy,29.5,390.0,2.9,7.7,7267,1892,78.0,1.1,3.4,Medium,2.0999999999999996
51,Male,High,Unhealthy,29.4,132.0,3.3,2.8,12288,2175,60.0,1.2,4.3,Low,1.4000000000000004
26,Male,Medium,Average,25.2,77.0,2.9,9.1,3999,1372,68.0,1.5,3.7,Medium,1.5999999999999996
59,Female,Medium,Average,22.1,253.0,3.5,5.5,5201,1403,65.0,2.6,5.2,Low,0.40000000000000036
45,Male,High,Average,25.8,298.0,2.8,4.3,13774,1825,57.0,1.9,4.8,Low,0.7999999999999998
31,Female,Medium,Average,29.1,110.0,2.4,5.0,7362,1726,70.0,1.8,4.4,Low,1.0999999999999996
56,Female,Medium,Unhealthy,23.3,269.0,2.5,6.7,6426,1777,69.0,1.6,4.5,Low,0.5999999999999996
64,Male,Medium,Unhealthy,26.3,31.0,0.5,9.5,7443,1565,67.0,1.7,4.6,Low,1.2999999999999998
36,Female,Low,Average,19.8,119.0,1.7,6.7,2197,1163,70.0,1.8,4.2,Medium,0.5
32,Female,Medium,Average,28.9,181.0,4.1,6.2,7047,1366,75.0,2.4,5.1,Low,0.7000000000000002
45,Female,Medium,Average,21.9,310.0,2.3,8.5,7464,1631,67.0,1.6,4.6,Medium,1.7000000000000002
41,Male,Low,Average,28.1,135.0,2.4,7.4,4044,1331,76.0,1.8,3.9,Low,1.7000000000000002
25,Male,High,Unhealthy,20.4,284.0,0.8,3.2,8525,1231,65.0,1.5,3.6,Medium,0.7999999999999998
26,Male,High,Healthy,26.3,124.0,2.9,5.6,10664,1456,60.0,2.2,4.5,Low,1.5999999999999996
64,Male,Low,Unhealthy,21.9,683.0,2.1,6.6,1950,1367,77.0,1.7,3.8,High,1.5999999999999996
50,Male,High,Healthy,27.8,412.0,1.6,5.8,17694,1939,56.0,1.4,3.7,Low,1.4000000000000004
50,Female,Medium,Average,22.6,240.0,3.5,5.0,9459,1216,63.0,1.3,5.7,Low,0.09999999999999964
36,Other,High,Healthy,28.0,172.0,1.9,10.7,15652,1722,57.0,2.2,4.6,Low,0.09999999999999964
20,Male,Medium,Unhealthy,23.9,116.0,1.5,6.9,7558,1718,65.0,1.1,3.9,Low,1.2999999999999998
27,Female,Medium,Average,18.1,449.0,2.5,8.2,6838,1105,64.0,1.1,3.6,Medium,1.7000000000000002
57,Female,Medium,Unhealthy,21.1,231.0,1.8,6.7,10974,1484,55.0,1.2,3.4,Medium,1.5999999999999996
64,Female,Medium,Unhealthy,23.3,0.0,1.8,9.0,8269,1680,52.0,1.6,3.5,Low,2.2
59,Female,High,Healthy,30.5,0.0,2.5,6.8,11303,2095,60.0,1.7,3.9,Low,0.7000000000000002
18,Female,Low,Average,28.6,216.0,2.0,9.4,2507,1568,85.0,2.0,3.8,High,1.4000000000000004
46,Female,High,Average,31.5,220.0,1.2,2.0,14933,2426,67.0,1.6,5.3,Low,0.3000000000000007
67,Male,High,Unhealthy,31.6,62.0,2.9,7.2,12955,1840,62.0,3.0,5.1,Low,1.0999999999999996
51,Female,Medium,Healthy,22.9,0.0,3.2,7.7,10066,1486,55.0,1.3,3.6,Low,1.2999999999999998
68,Male,Low,Unhealthy,24.2,0.0,2.3,7.8,4108,1555,66.0,1.0,3.3,Low,1.5
30,Male,High,Healthy,23.4,86.0,3.0,4.3,10398,1954,62.0,2.1,5.2,Low,0.5999999999999996
18,Female,Medium,Unhealthy,22.3,145.0,2.2,5.2,11721,1974,59.0,0.9,3.0,Low,3.0
51,Female,High,Average,17.6,303.0,1.0,4.4,10938,1078,58.0,1.6,3.6,Medium,1.2999999999999998
46,Female,High,Average,24.9,180.0,3.2,8.2,10333,1673,59.0,2.8,3.7,Medium,0.1999999999999993
65,Male,Low,Average,19.9,359.0,2.4,9.3,3874,1248,75.0,1.7,1.9,Medium,2.4000000000000004
64,Male,Medium,Healthy,24.9,290.0,2.6,2.9,8931,1569,66.0,1.6,4.5,Low,1.2999999999999998
30,Female,Medium,Average,33.5,276.0,2.4,7.5,6201,2062,83.0,2.0,4.4,Low,1.2999999999999998
66,Female,Low,Average,25.8,0.0,2.6,11.4,3259,1240,65.0,1.0,3.6,Medium,1.2999999999999998
46,Male,Low,Average,28.6,119.0,2.6,8.4,7667,1485,68.0,2.1,4.3,Medium,1.2000000000000002
56,Male,High,Average,26.1,560.0,3.5,6.1,15000,2032,64.0,2.0,4.1,Medium,1.5
41,Other,Low,Average,26.2,0.0,2.9,6.7,2372,1311,70.0,2.4,4.4,Medium,0.9000000000000004
43,Male,Medium,Unhealthy,23.6,155.0,3.4,10.2,6592,1578,62.0,1.0,3.4,Low,2.0999999999999996
34,Male,Medium,Average,24.1,271.0,3.7,7.1,8986,1603,64.0,1.8,4.9,Low,2.0999999999999996
30,Female,Medium,Unhealthy,28.4,87.0,3.5,10.8,7847,1595,70.0,1.4,3.4,Low,1.9000000000000004
22,Female,Medium,Unhealthy,18.0,499.0,3.0,9.0,11939,1396,57.0,1.4,2.6,High,2.0999999999999996
43,Male,High,Unhealthy,28.9,225.0,2.9,5.7,15919,2003,60.0,1.9,4.2,Low,0.1999999999999993
66,Male,Low,Unhealthy,19.4,113.0,3.3,8.5,4892,1388,59.0,1.1,3.4,Low,2.8
20,Female,Medium,Average,28.9,231.0,2.3,5.5,11967,1944,66.0,1.5,2.9,Low,2.2
24,Male,Medium,Average,23.6,113.0,3.0,5.4,6482,1184,60.0,1.8,4.9,Low,0.7999999999999998
66,Female,Medium,Average,20.1,456.0,1.7,6.7,7966,1603,62.0,1.7,4.9,Medium,1.5999999999999996
56,Male,Medium,Average,27.3,51.0,1.4,8.5,7393,1633,70.0,1.5,4.1,Low,2.3
18,Male,Low,Average,28.7,121.0,2.9,8.2,3060,1974,75.0,1.6,3.2,Medium,2.5999999999999996
66,Female,High,Average,23.2,0.0,2.4,9.3,13234,1635,51.0,1.3,3.1,Low,1.7000000000000002
34,Male,Medium,Average,27.9,155.0,2.5,8.2,7088,1518,70.0,1.3,3.9,Medium,0.9000000000000004
60,Female,Medium,Average,17.5,173.0,1.9,10.6,6683,1082,64.0,1.8,3.3,Low,0.7999999999999998
42,Male,Medium,Average,19.7,379.0,2.8,11.3,7409,1261,54.0,1.5,3.0,Medium,1.7999999999999998
20,Male,Low,Average,30.2,47.0,2.2,7.8,3018,1579,74.0,1.6,3.9,Medium,2.4000000000000004
32,Other,Low,Unhealthy,24.1,272.0,2.5,6.2,4486,1257,79.0,1.5,4.8,Low,2.2
46,Male,Low,Average,17.6,213.0,2.1,6.6,2567,891,69.0,1.9,4.8,High,1.2999999999999998
60,Female,Low,Unhealthy,22.2,0.0,1.9,2.2,5525,1661,64.0,1.5,5.7,Low,0.20000000000000018
49,Male,Low,Average,21.3,91.0,2.3,7.1,5088,1218,65.0,2.3,5.1,Medium,1.4000000000000004
43,Female,Medium,Healthy,24.3,85.0,3.4,5.5,8892,1999,61.0,1.4,3.1,Low,1.0
33,Female,Medium,Healthy,23.5,452.0,2.1,5.2,7082,1667,67.0,1.6,4.3,Low,1.2000000000000002
42,Male,Medium,Average,25.7,281.0,2.4,6.9,8088,1595,67.0,2.4,4.4,Medium,0.3000000000000007
45,Female,Low,Average,24.7,221.0,2.3,2.0,3812,1519,72.0,1.3,4.7,Low,0.1999999999999993
26,Female,High,Unhealthy,30.4,0.0,2.0,6.6,14080,1977,63.0,2.4,4.8,Low,0.5
18,Male,High,Average,26.7,0.0,3.5,7.5,9982,1947,63.0,2.0,5.3,Low,0.40000000000000036
46,Female,High,Unhealthy,26.8,309.0,1.4,3.2,14313,2178,61.0,2.4,5.2,Low,0.5
33,Male,Medium,Average,23.4,88.0,1.8,8.1,10888,1504,57.0,1.2,4.2,Medium,0.0
58,Male,Low,Average,20.0,204.0,3.0,10.2,2489,1218,64.0,1.9,4.0,High,0.5
68,Male,High,Average,29.8,193.0,2.6,8.1,10443,1768,69.0,2.4,3.8,Low,0.5999999999999996
61,Male,Low,Average,25.5,225.0,3.4,7.9,5475,1216,68.0,1.6,5.0,Medium,0.09999999999999964
58,Female,Medium,Unhealthy,22.5,322.0,2.6,10.3,10911,1235,65.0,1.0,2.7,Medium,1.2999999999999998
24,Female,Medium,Average,22.5,365.0,3.1,11.9,10366,1456,64.0,2.2,4.2,Medium,1.0
31,Male,Medium,Unhealthy,28.4,56.0,3.2,6.7,9162,1860,67.0,2.5,4.5,Low,0.2999999999999998
46,Male,Low,Average,28.9,20.0,1.8,5.0,1724,1826,81.0,1.6,5.6,Low,0.8000000000000007
36,Female,Medium,Average,28.1,80.0,3.1,4.1,7681,1584,70.0,1.5,4.9,Low,0.20000000000000018
36,Female,High,Average,28.2,207.0,2.7,4.6,13842,1761,61.0,1.9,4.1,Medium,0.5
19,Female,High,Healthy,27.3,253.0,2.9,8.7,14867,2117,54.0,1.2,3.5,Low,1.7999999999999998
58,Male,Medium,Average,25.5,318.0,2.2,13.8,9107,1682,66.0,1.1,1.4,High,2.4000000000000004
62,Male,Medium,Average,24.3,345.0,1.8,10.8,6501,1489,70.0,1.6,3.4,High,1.0999999999999996
32,Male,Low,Healthy,29.8,254.0,1.7,6.6,5591,1416,77.0,2.0,3.9,Medium,0.40000000000000036
20,Other,Low,Average,23.5,234.0,0.5,8.9,4780,1583,65.0,0.8,2.8,High,3.0
28,Male,Low,Average,26.5,447.0,1.9,5.6,4765,1093,79.0,2.0,3.7,Medium,1.9000000000000004
63,Female,Medium,Healthy,21.8,200.0,4.5,5.8,7553,1431,65.0,2.2,4.8,Low,0.5999999999999996
47,Female,Medium,Unhealthy,22.4,288.0,3.2,4.4,8776,1716,63.0,1.2,4.7,Low,0.9000000000000004
57,Male,Medium,Average,24.1,248.0,2.8,4.6,3714,1376,74.0,1.7,3.6,Low,1.5999999999999996
35,Female,Low,Average,21.8,174.0,3.3,8.4,4596,1224,65.0,1.4,3.8,Low,0.0
68,Female,Medium,Average,28.2,175.0,2.3,10.7,11315,1655,66.0,2.1,3.3,Low,0.7999999999999998
65,Female,Low,Average,19.6,398.0,2.2,9.6,5171,1072,74.0,1.5,3.6,Medium,0.0
19,Male,Medium,Healthy,25.4,186.0,2.3,10.6,9328,2081,63.0,1.2,3.6,Low,1.7999999999999998
49,Male,Low,Average,25.5,147.0,1.9,9.0,5159,1371,67.0,1.8,3.4,Low,2.5
25,Male,Medium,Average,17.8,89.0,2.0,6.9,10418,1397,54.0,1.5,4.0,Low,0.7999999999999998
39,Male,Medium,Unhealthy,23.2,263.0,2.5,5.7,7601,1297,65.0,2.7,5.0,Low,0.5
23,Female,Low,Average,26.0,123.0,2.6,8.4,5477,1458,68.0,2.1,4.0,Medium,1.0
29,Female,Low,Healthy,26.7,249.0,3.6,2.8,4686,1196,72.0,1.6,4.9,Low,0.2999999999999998
64,Male,Medium,Average,24.2,226.0,3.3,5.5,8128,1525,66.0,2.1,4.4,Low,0.5999999999999996
57,Female,Low,Average,27.7,135.0,1.3,5.0,6025,1553,71.0,0.9,3.8,Low,1.7999999999999998
53,Female,Medium,Healthy,24.6,0.0,2.3,10.1,6624,1764,68.0,1.6,2.9,Low,1.7999999999999998
32,Male,Medium,Unhealthy,25.1,45.0,1.6,3.6,6700,1353,67.0,2.2,4.3,Low,0.9000000000000004
45,Male,Medium,Healthy,26.0,69.0,0.5,9.3,3286,1345,75.0,2.1,3.3,Medium,1.2999999999999998
69,Female,Medium,Healthy,28.7,49.0,2.6,8.0,6141,1861,71.0,2.1,4.4,Low,0.20000000000000018
66,Female,High,Healthy,22.3,268.0,3.0,8.0,12679,1615,59.0,1.4,4.3,Low,1.5
62,Female,Medium,Average,23.1,519.0,2.6,5.8,7899,1438,71.0,1.5,3.9,Medium,3.5999999999999996
19,Male,Low,Healthy,23.7,142.0,2.2,8.3,5321,1199,69.0,1.0,2.9,Low,1.5
30,Male,Medium,Unhealthy,30.7,112.0,1.7,9.2,5341,1661,71.0,1.4,3.0,Medium,0.09999999999999964
62,Female,Medium,Healthy,27.3,328.0,2.2,8.2,8219,1709,71.0,2.0,3.6,Low,2.0999999999999996
32,Female,High,Average,20.5,263.0,3.6,6.6,11050,1234,58.0,1.6,2.9,Low,3.4000000000000004
37,Male,Low,Healthy,22.6,197.0,2.8,4.2,2004,997,72.0,2.2,4.7,Low,1.5999999999999996
46,Female,Low,Unhealthy,26.5,18.0,1.3,5.4,4486,1747,72.0,1.2,3.9,Low,0.5999999999999996
59,Female,Low,Average,21.4,54.0,2.6,8.1,4152,1336,64.0,1.5,3.6,Medium,2.8
46,Female,High,Average,22.1,226.0,3.5,5.0,15480,1784,52.0,1.3,4.9,Low,0.0
20,Other,Medium,Healthy,30.4,233.0,3.1,4.6,9159,1777,75.0,1.8,4.7,Low,0.5999999999999996
36,Male,High,Average,22.5,197.0,3.5,3.4,12553,1671,52.0,2.7,5.1,Low,0.20000000000000018
20,Female,Low,Average,28.8,299.0,1.3,8.3,5641,1185,74.0,2.2,5.3,Medium,1.0999999999999996
31,Male,Low,Average,30.0,16.0,2.6,8.3,2622,1363,83.0,1.2,3.5,High,1.2999999999999998
21,Female,Medium,Unhealthy,21.4,237.0,3.0,2.0,8796,1286,64.0,1.2,4.6,Low,1.2000000000000002
69,Female,High,Healthy,23.9,56.0,1.8,9.9,14644,1738,56.0,1.3,2.6,Medium,0.9000000000000004
28,Female,Medium,Average,20.6,109.0,1.8,9.8,6380,1356,58.0,1.5,4.0,Low,0.40000000000000036
48,Female,High,Average,25.5,303.0,2.5,10.0,11501,1584,61.0,1.1,3.4,Medium,1.7000000000000002
49,Female,Medium,Healthy,26.4,569.0,2.7,7.6,8500,1588,73.0,1.8,3.7,Low,2.7
44,Male,Medium,Healthy,30.6,283.0,0.9,7.5,5923,1797,79.0,1.5,2.7,Low,1.4000000000000004
47,Female,Low,Average,28.3,191.0,3.4,4.7,3035,1210,79.0,2.3,4.8,Low,0.9000000000000004
60,Female,Low,Unhealthy,27.0,162.0,0.5,4.8,2633,1515,77.0,0.7,2.2,Medium,3.5
19,Male,Medium,Unhealthy,17.5,318.0,3.2,7.6,3760,1020,66.0,1.8,4.2,Low,1.2999999999999998
66,Male,Low,Healthy,26.8,138.0,2.0,6.4,6046,1603,72.0,1.7,4.1,Low,1.5
26,Female,High,Healthy,31.9,144.0,1.3,8.8,14715,2035,67.0,2.0,4.0,Low,2.0999999999999996
45,Female,High,Average,17.5,417.0,2.6,6.1,17475,1563,52.0,1.3,4.0,High,0.7999999999999998
48,Female,Medium,Average,27.8,129.0,3.2,3.3,7388,1876,70.0,2.5,5.8,Low,0.3000000000000007
51,Female,Medium,Average,24.4,220.0,3.4,3.4,6055,1598,66.0,2.2,5.8,Low,0.7999999999999998
32,Male,Low,Average,21.6,85.0,3.4,5.1,2688,1432,68.0,2.1,5.9,Low,0.09999999999999964
65,Female,Low,Average,28.2,238.0,1.8,8.8,2687,1337,81.0,1.6,5.0,Medium,0.3000000000000007
42,Female,High,Average,31.8,287.0,2.7,5.7,12443,2224,73.0,1.6,3.6,Low,0.7000000000000002
53,Female,Medium,Healthy,28.1,452.0,1.1,7.7,4904,1476,83.0,1.7,3.6,Medium,1.5
25,Female,Medium,Average,23.5,59.0,2.6,2.8,7226,1010,63.0,1.9,5.9,Low,0.20000000000000018
26,Female,Medium,Average,21.2,0.0,2.8,7.4,6850,1520,60.0,2.3,4.8,Low,0.09999999999999964
54,Female,Medium,Unhealthy,25.6,159.0,2.2,7.1,9746,1824,65.0,1.3,3.3,Medium,1.5999999999999996
65,Female,Low,Healthy,28.5,107.0,1.0,10.0,4805,1914,78.0,1.6,4.1,Low,0.40000000000000036
62,Male,Medium,Average,23.5,197.0,2.0,7.4,7234,1171,64.0,2.5,4.5,Medium,0.2999999999999998
56,Female,Medium,Unhealthy,23.8,278.0,4.0,8.9,8951,1580,67.0,2.0,4.1,Medium,1.2000000000000002
49,Male,High,Average,36.3,539.0,2.8,11.9,10713,2198,81.0,1.6,3.7,Medium,0.5999999999999996
69,Male,Medium,Unhealthy,29.3,132.0,2.1,7.1,5474,1912,78.0,2.3,4.6,Low,0.20000000000000018
34,Female,Low,Average,29.6,0.0,2.4,10.8,3858,1356,74.0,0.9,2.8,Medium,2.0
52,Male,Low,Unhealthy,19.2,164.0,2.8,7.3,4153,1075,65.0,1.5,3.7,Low,1.0999999999999996
54,Female,Medium,Average,22.2,252.0,1.3,5.7,7719,1437,62.0,1.4,4.2,Low,0.40000000000000036
36,Male,Medium,Healthy,25.3,54.0,1.3,6.7,10711,1841,59.0,1.7,4.8,Low,0.0
61,Male,Medium,Unhealthy,21.0,235.0,1.9,5.7,9374,1507,66.0,1.3,3.5,Medium,3.0999999999999996
46,Female,Medium,Unhealthy,31.4,220.0,2.1,5.8,10069,1966,73.0,1.9,4.4,Low,1.0999999999999996
24,Male,Medium,Average,30.6,238.0,3.9,5.6,6893,1743,76.0,2.7,4.8,Low,0.09999999999999964
45,Female,Low,Average,22.9,318.0,2.6,6.2,4498,1307,76.0,2.1,4.3,High,0.40000000000000036
45,Male,Low,Healthy,25.0,282.0,2.5,2.7,2902,1200,76.0,2.0,4.6,Low,1.5999999999999996
23,Male,Medium,Average,35.4,0.0,0.9,7.7,8662,2069,72.0,1.7,4.0,Low,0.5
46,Male,Medium,Healthy,25.6,55.0,1.8,7.3,6220,1482,67.0,1.2,4.8,Low,1.0
34,Female,Low,Healthy,27.3,148.0,1.9,10.5,2813,1060,75.0,1.7,4.1,Medium,1.5999999999999996
33,Male,Medium,Average,30.6,49.0,1.7,6.1,8861,1493,69.0,1.9,5.1,Low,0.7000000000000002
40,Female,Medium,Unhealthy,30.1,200.0,3.5,9.8,6472,1465,76.0,1.0,3.1,Low,1.5999999999999996
48,Female,Low,Average,27.0,148.0,3.0,4.9,5443,1525,79.0,1.3,4.1,Low,1.0999999999999996
38,Female,Low,Healthy,27.1,332.0,1.5,8.0,3740,1381,74.0,1.7,4.0,Low,0.7999999999999998
53,Male,Low,Healthy,25.6,37.0,2.4,6.3,3797,1620,61.0,2.5,5.7,Low,0.3000000000000007
59,Female,High,Healthy,20.6,109.0,2.7,7.6,14839,1679,50.0,1.5,2.7,Low,1.0
54,Female,High,Average,17.9,312.0,2.8,6.6,11247,1299,51.0,2.5,4.3,Low,0.7000000000000002
39,Female,Medium,Healthy,25.2,229.0,1.7,9.0,2557,1410,79.0,1.6,3.2,Low,1.5999999999999996
59,Female,High,Average,30.0,379.0,2.4,6.6,9761,1679,69.0,1.9,3.0,Medium,2.0999999999999996
29,Male,Low,Healthy,28.7,326.0,2.5,6.4,3316,1774,75.0,2.5,4.9,Low,0.7999999999999998
59,Male,Low,Average,24.7,141.0,3.5,9.5,4735,1488,67.0,2.4,3.9,Medium,0.40000000000000036
30,Female,Medium,Unhealthy,32.0,415.0,3.1,7.5,12317,2063,74.0,2.2,5.0,Low,0.9000000000000004
28,Female,Medium,Average,22.7,427.0,1.4,8.7,6813,1339,69.0,2.2,3.9,Medium,1.5
33,Male,Medium,Unhealthy,17.5,0.0,1.0,13.2,6691,1156,54.0,1.0,2.1,Low,2.5999999999999996
25,Female,Medium,Unhealthy,17.5,204.0,2.4,2.0,8674,1318,55.0,2.6,6.2,Low,0.0
57,Male,Medium,Average,20.3,117.0,2.0,4.4,8443,1004,55.0,1.6,5.5,Low,0.8000000000000007
57,Male,Medium,Average,28.3,160.0,1.7,4.7,8511,1598,66.0,1.9,4.7,Low,0.9000000000000004
62,Female,Low,Average,22.5,77.0,1.9,4.9,3616,1203,65.0,1.3,4.3,Low,0.5999999999999996
19,Female,Low,Healthy,26.8,58.0,3.0,10.6,1028,1306,78.0,1.7,3.9,Medium,0.20000000000000018
47,Female,Medium,Unhealthy,31.6,335.0,1.3,2.0,8394,1773,73.0,1.3,4.4,Low,0.7999999999999998
47,Male,Medium,Average,20.6,24.0,4.0,8.2,7904,1501,61.0,2.2,4.7,Low,1.0999999999999996
29,Male,Low,Healthy,26.9,214.0,1.9,3.2,1616,1271,81.0,2.0,5.3,Low,0.7000000000000002
27,Female,Low,Average,27.2,0.0,3.0,7.1,4872,1340,65.0,1.5,5.5,Low,0.09999999999999964
61,Male,Medium,Average,21.6,390.0,2.0,7.6,9459,1364,65.0,2.3,4.8,Medium,0.7999999999999998
28,Female,Low,Average,30.4,204.0,1.3,9.3,4837,2014,78.0,1.4,2.8,High,3.0999999999999996
32,Female,High,Healthy,23.8,311.0,2.4,6.3,12779,1703,64.0,1.3,4.6,Low,0.20000000000000018
33,Female,Low,Average,23.5,229.0,1.5,6.6,4331,1251,68.0,1.5,3.8,Medium,1.0
34,Male,Low,Average,33.4,162.0,2.6,2.0,2653,1710,86.0,1.2,5.1,Low,1.2000000000000002
43,Female,Medium,Unhealthy,27.1,210.0,2.5,12.7,5229,1213,76.0,1.2,3.2,Low,0.5999999999999996
19,Male,High,Unhealthy,28.7,426.0,1.9,7.8,13703,1945,62.0,2.1,3.4,Low,0.5999999999999996
67,Male,Medium,Average,30.4,65.0,2.6,8.1,4995,1767,79.0,1.1,2.5,Low,2.0
68,Male,Low,Average,30.0,81.0,2.4,6.8,3922,1625,78.0,2.5,4.4,Medium,0.09999999999999964
43,Female,Medium,Average,23.0,18.0,1.9,8.1,6365,1255,62.0,2.2,3.6,Low,1.5
40,Male,Low,Average,22.8,345.0,2.8,8.8,6911,1597,68.0,1.3,3.9,Low,1.4000000000000004
49,Female,Medium,Average,22.5,324.0,2.3,8.3,8424,1265,64.0,1.3,3.8,Medium,1.5
66,Male,Low,Average,28.3,204.0,3.6,12.2,3713,1409,78.0,1.4,3.2,Medium,1.9000000000000004
55,Female,Low,Average,26.1,201.0,2.3,11.4,5409,1453,76.0,1.7,3.4,High,2.0
64,Male,Medium,Healthy,23.0,224.0,3.7,10.8,7330,1384,62.0,2.1,4.2,Low,1.0999999999999996
20,Male,Medium,Average,27.7,422.0,2.0,11.8,5465,1495,76.0,2.1,3.5,Medium,2.0
55,Female,High,Average,23.9,227.0,3.2,3.9,15244,1867,56.0,2.5,5.9,Low,0.3000000000000007
20,Male,Low,Average,23.7,366.0,2.3,5.7,1745,1237,78.0,1.8,5.5,Medium,0.40000000000000036
47,Female,Medium,Average,25.2,356.0,2.7,4.7,6303,1688,74.0,1.4,4.8,Low,0.09999999999999964
18,Male,Low,Average,26.9,175.0,0.9,14.0,3234,1490,79.0,1.5,3.6,High,2.4000000000000004
47,Male,Low,Unhealthy,26.6,188.0,4.2,7.6,3291,1390,70.0,2.5,4.7,Low,0.09999999999999964
62,Male,Medium,Healthy,23.5,143.0,2.8,3.5,7307,1366,63.0,2.4,5.1,Low,0.2999999999999998
49,Male,High,Average,28.4,392.0,3.3,4.2,12721,1849,70.0,2.2,5.2,Low,0.5
45,Male,Medium,Average,24.1,58.0,1.4,7.3,8251,1319,62.0,2.2,4.4,Low,0.5999999999999996
63,Female,Medium,Average,19.1,158.0,2.4,11.7,8869,1405,53.0,0.9,1.7,Medium,2.8
30,Male,Medium,Average,28.9,27.0,1.7,9.0,6316,1853,70.0,2.0,4.0,Low,0.40000000000000036
44,Male,High,Healthy,25.0,111.0,3.5,7.8,10191,1693,60.0,1.3,4.1,Low,0.09999999999999964
53,Female,Medium,Average,25.8,370.0,2.6,4.4,5737,2196,81.0,1.3,3.5,Low,0.9000000000000004
24,Female,Medium,Average,29.2,297.0,2.5,3.7,7177,1811,74.0,1.8,3.9,Low,2.0999999999999996
39,Female,Medium,Average,23.1,136.0,3.0,7.9,9942,1205,58.0,1.1,3.4,Low,1.0
27,Female,Medium,Average,19.5,320.0,1.8,7.3,7944,1375,66.0,1.3,3.5,Medium,1.0
56,Male,High,Average,25.3,512.0,2.6,3.8,12617,1995,66.0,2.7,5.7,Medium,0.5999999999999996
32,Male,Low,Healthy,26.2,246.0,2.6,6.9,3939,1414,77.0,2.4,5.0,Low,0.9000000000000004
32,Female,Low,Healthy,23.9,413.0,2.6,6.9,2185,989,84.0,1.0,3.3,Medium,2.9000000000000004
21,Female,High,Average,30.9,327.0,3.3,8.8,8880,1538,79.0,1.9,4.3,Medium,0.5999999999999996
49,Female,High,Average,17.5,155.0,2.2,12.3,11037,1297,53.0,2.6,4.8,Low,0.20000000000000018
40,Male,Medium,Average,29.5,229.0,2.1,2.0,5902,1508,78.0,2.2,5.2,Low,0.9000000000000004
37,Male,Low,Average,17.5,0.0,3.4,8.1,6867,1443,51.0,1.5,3.7,Low,0.7999999999999998
37,Male,Low,Average,20.9,0.0,3.3,8.3,6632,1197,56.0,2.0,4.8,Medium,0.2999999999999998
29,Male,Medium,Average,23.0,87.0,2.7,3.9,6574,1329,71.0,2.2,5.2,Low,1.2999999999999998
50,Male,Low,Average,24.3,0.0,1.8,9.4,6467,1659,62.0,1.9,3.1,Medium,1.7999999999999998
45,Male,Medium,Average,26.6,332.0,1.3,7.1,8877,1708,67.0,1.4,4.7,Low,1.7000000000000002
25,Male,Medium,Healthy,27.6,22.0,1.3,10.5,6015,1683,71.0,2.2,4.4,Low,1.0
54,Male,Low,Healthy,28.3,314.0,3.3,7.6,6422,1517,83.0,1.2,3.3,Medium,1.0
39,Female,Low,Average,26.0,305.0,3.5,9.5,2408,1586,84.0,1.8,3.1,High,1.0
23,Male,Medium,Average,26.7,0.0,2.6,9.3,8651,1602,68.0,1.8,4.6,Low,1.0
38,Male,Medium,Unhealthy,20.6,368.0,3.2,10.3,4126,746,66.0,1.0,3.2,Medium,2.0
49,Female,Medium,Unhealthy,22.0,263.0,2.1,10.2,7209,1154,69.0,1.1,3.4,Medium,0.9000000000000004
52,Female,Low,Average,28.6,320.0,2.0,4.1,3418,1381,84.0,1.4,4.8,Low,0.5999999999999996
32,Female,Medium,Average,28.3,474.0,3.1,7.7,7182,1970,78.0,1.7,2.3,Medium,2.5999999999999996
22,Other,Medium,Healthy,27.9,319.0,2.6,3.5,11223,1818,70.0,2.2,4.2,Low,0.0
63,Male,Medium,Average,22.9,22.0,3.1,5.7,5328,1297,66.0,1.5,5.0,Low,0.0
67,Male,Medium,Unhealthy,28.6,297.0,2.5,5.8,7552,2031,70.0,1.7,4.2,Medium,1.5999999999999996
23,Other,Medium,Average,29.3,190.0,2.3,6.4,5369,1600,75.0,1.8,5.2,Medium,0.7999999999999998
42,Female,High,Healthy,24.0,124.0,2.7,6.6,11349,1659,54.0,2.0,5.1,Low,0.2999999999999998
63,Female,Medium,Average,31.7,201.0,2.7,9.5,10230,1983,73.0,2.0,3.6,Medium,1.2000000000000002
57,Female,High,Healthy,18.9,0.0,1.8,9.2,18034,1733,50.0,2.8,4.9,Low,0.5999999999999996
46,Male,Low,Average,32.1,0.0,2.4,7.7,3350,1848,79.0,2.3,4.8,Low,0.7999999999999998
24,Female,Medium,Average,23.6,132.0,1.3,8.9,9715,1402,67.0,2.1,4.4,Low,0.9000000000000004
57,Female,Medium,Healthy,23.5,166.0,2.2,8.6,11113,1245,60.0,2.3,5.3,Low,0.7999999999999998
30,Female,Medium,Average,25.8,136.0,1.8,11.9,7185,1656,67.0,1.7,2.7,High,1.9000000000000004
55,Male,Medium,Healthy,22.2,417.0,0.5,6.5,9583,1122,63.0,2.1,4.0,Low,0.9000000000000004
35,Male,Low,Healthy,24.7,263.0,4.3,5.1,3365,1434,75.0,2.6,5.5,Low,0.0
19,Male,High,Average,22.0,259.0,1.9,7.5,9940,1644,53.0,2.2,4.4,Low,1.0999999999999996
25,Male,Medium,Average,22.2,142.0,1.7,4.6,8007,1655,67.0,1.8,4.6,Low,2.2
28,Female,High,Unhealthy,26.9,0.0,3.8,6.1,13266,1849,58.0,1.9,4.6,Low,0.7999999999999998
55,Male,Medium,Healthy,21.9,471.0,1.3,5.7,7321,1109,73.0,1.7,2.7,Medium,2.8
65,Male,Medium,Unhealthy,19.5,233.0,2.3,6.4,7546,1567,63.0,2.0,4.8,Low,1.5
44,Female,Medium,Average,23.0,366.0,2.1,6.3,8557,1338,64.0,2.0,4.3,Medium,1.2999999999999998
29,Male,Low,Average,21.6,283.0,1.8,4.3,5561,1333,74.0,2.5,5.5,Low,0.20000000000000018
60,Male,Low,Unhealthy,22.1,233.0,2.3,9.5,3870,1529,70.0,2.1,3.6,Low,1.2000000000000002
48,Male,Medium,Healthy,25.8,51.0,3.8,10.4,6906,1346,65.0,1.5,2.9,Medium,1.2999999999999998
44,Female,Medium,Healthy,23.5,168.0,1.2,9.4,10679,2029,59.0,1.6,3.7,Medium,1.5999999999999996
49,Male,Low,Average,33.9,145.0,3.2,9.4,3850,1420,81.0,2.3,3.5,Medium,1.2999999999999998
27,Female,Medium,Average,24.3,249.0,3.7,6.0,6805,1471,68.0,1.2,4.6,Medium,0.5
20,Male,Medium,Healthy,26.3,0.0,2.0,7.4,8340,1763,63.0,1.3,4.0,Low,0.40000000000000036
62,Male,Medium,Unhealthy,28.8,119.0,2.8,5.1,4348,1820,75.0,2.3,4.9,Low,0.7000000000000002
44,Female,Low,Average,28.7,260.0,2.4,6.7,3295,1281,78.0,2.2,5.1,Low,0.09999999999999964
52,Male,Medium,Average,25.9,94.0,1.1,6.9,6925,1178,70.0,1.1,3.1,Low,1.2000000000000002
48,Female,Medium,Healthy,24.4,62.0,3.5,3.5,6420,1739,68.0,2.4,5.7,Low,0.40000000000000036
32,Male,Medium,Unhealthy,33.1,81.0,2.5,7.3,8760,2054,71.0,1.5,4.6,Low,1.2999999999999998
30,Female,Medium,Average,23.2,0.0,1.3,7.7,11385,1513,52.0,1.4,4.3,Medium,0.7999999999999998
66,Female,Medium,Unhealthy,22.4,88.0,2.9,6.4,7008,1252,64.0,1.1,3.5,Medium,2.3
52,Male,Low,Unhealthy,18.1,342.0,2.6,7.9,3575,1274,73.0,1.5,2.8,Medium,1.7000000000000002
69,Male,Medium,Average,28.3,248.0,3.0,8.7,6640,1608,76.0,1.9,4.3,Medium,0.7999999999999998
28,Male,Low,Average,17.5,263.0,2.9,3.9,4807,1030,63.0,1.5,4.8,Low,0.2999999999999998
38,Female,High,Healthy,25.0,0.0,1.8,6.2,8397,1534,59.0,2.1,5.2,Low,0.9000000000000004
68,Female,High,Unhealthy,24.2,137.0,0.5,5.4,12832,2057,59.0,1.9,5.5,Low,0.9000000000000004
28,Male,Medium,Unhealthy,34.0,182.0,2.4,9.9,8582,2224,74.0,1.4,1.6,Medium,2.3
65,Female,Low,Average,21.4,366.0,2.6,7.1,3356,1244,75.0,1.2,3.8,Medium,2.0
52,Male,High,Average,24.5,343.0,3.7,8.0,16974,1942,53.0,1.2,4.3,Low,0.7999999999999998
39,Male,High,Healthy,24.2,112.0,2.5,3.3,13829,1581,55.0,2.4,4.4,Low,0.9000000000000004
55,Male,Low,Average,22.8,115.0,3.1,7.8,5792,1545,62.0,2.2,4.0,Low,1.4000000000000004
48,Female,Medium,Average,24.7,411.0,2.8,6.4,11274,1610,64.0,2.0,2.9,Low,1.9000000000000004
31,Female,Low,Average,20.0,145.0,1.4,10.4,4796,935,63.0,1.7,3.1,Medium,1.4000000000000004
41,Other,Low,Healthy,26.4,37.0,1.5,6.4,3563,1433,75.0,1.5,4.1,Low,0.7999999999999998
67,Male,Low,Average,17.5,168.0,3.4,4.9,6372,1132,60.0,1.6,4.7,Low,0.7000000000000002
66,Female,Medium,Average,24.9,402.0,1.8,3.6,2946,1632,76.0,1.9,4.6,Low,1.0
49,Female,Low,Healthy,22.6,64.0,2.8,7.5,1672,1368,69.0,2.2,4.5,Low,0.5
53,Male,Low,Healthy,29.1,135.0,1.7,5.6,5155,1463,77.0,1.9,4.5,Low,1.0999999999999996
60,Male,Medium,Average,30.6,243.0,2.3,6.7,8369,1948,70.0,1.6,3.2,Low,2.0999999999999996
52,Male,Low,Average,23.7,338.0,3.0,8.6,3300,1179,75.0,1.8,3.1,High,2.4000000000000004
20,Male,High,Average,21.1,434.0,2.7,11.4,15668,1400,55.0,1.9,3.5,High,1.0
33,Female,Low,Average,32.0,0.0,1.9,4.1,5737,1593,74.0,1.9,5.4,Low,0.1999999999999993
22,Male,Medium,Average,27.1,86.0,2.5,5.4,9497,2027,64.0,1.2,4.0,Medium,1.0
38,Male,Low,Healthy,25.0,134.0,3.0,11.9,4094,1504,67.0,1.5,3.1,Medium,1.0
27,Male,Low,Average,27.7,210.0,3.4,5.1,5550,1682,71.0,1.3,3.5,Medium,1.2000000000000002
42,Female,Low,Average,24.7,126.0,3.9,10.0,4765,1378,65.0,1.5,3.4,Medium,1.2999999999999998
21,Female,High,Healthy,19.7,96.0,1.9,7.0,16912,1937,50.0,2.5,4.7,Low,0.2999999999999998
46,Female,Medium,Average,23.9,343.0,1.3,8.7,6131,1395,74.0,1.6,4.3,Medium,0.5
60,Male,Low,Healthy,24.5,247.0,2.5,11.5,4170,1713,71.0,1.6,3.1,Medium,2.8
19,Female,Medium,Average,28.6,0.0,2.5,5.9,5598,1064,73.0,1.7,3.9,Low,1.0999999999999996
27,Male,Low,Average,26.5,381.0,2.6,4.6,2365,1366,78.0,2.0,4.1,Medium,1.7999999999999998
60,Male,Medium,Average,21.5,227.0,2.0,9.2,6748,1495,65.0,2.0,4.5,Medium,0.2999999999999998
42,Female,High,Unhealthy,19.7,175.0,4.3,8.8,17124,1199,50.0,1.4,4.0,Low,0.1999999999999993
37,Male,High,Healthy,24.4,77.0,3.7,7.4,13412,1727,51.0,1.3,3.8,Medium,0.3000000000000007
65,Male,Low,Average,22.9,105.0,1.6,7.1,4194,1280,67.0,1.2,3.6,Medium,1.2999999999999998
40,Male,Low,Healthy,22.1,0.0,2.5,5.2,4946,1399,67.0,1.4,3.1,Low,1.7999999999999998
41,Female,Low,Average,22.5,77.0,3.0,5.5,4751,1046,68.0,2.6,5.6,Low,0.09999999999999964
28,Female,Low,Healthy,29.2,0.0,1.3,7.8,4101,1494,76.0,2.4,4.7,Medium,0.5
63,Female,Low,Average,25.6,190.0,1.1,6.5,3792,1217,76.0,1.6,4.1,Medium,1.4000000000000004
51,Female,Medium,Average,22.2,27.0,1.5,3.3,10189,1146,56.0,2.3,5.9,Low,0.1999999999999993
45,Male,Medium,Average,25.1,309.0,3.7,5.9,7014,1405,67.0,1.2,4.0,Medium,1.4000000000000004
22,Male,Medium,Average,30.5,0.0,2.0,6.5,10720,2250,66.0,2.0,3.6,Low,2.2
68,Male,Low,Healthy,27.4,325.0,3.0,7.7,3574,1598,81.0,2.2,4.4,Low,0.0
38,Other,Low,Unhealthy,22.0,40.0,2.4,11.4,5062,1060,65.0,1.5,3.0,Medium,2.4000000000000004
29,Female,Medium,Healthy,29.1,185.0,3.2,4.6,12730,1574,65.0,2.2,4.3,Low,0.5999999999999996
67,Male,Medium,Healthy,34.3,71.0,1.5,8.4,4127,1993,77.0,2.9,4.7,Low,0.1999999999999993
21,Male,Low,Unhealthy,21.8,286.0,2.1,8.6,5298,1503,73.0,1.3,3.0,Medium,2.5
66,Male,High,Unhealthy,20.3,469.0,0.7,7.7,15417,1664,55.0,1.1,2.7,Medium,2.9000000000000004
59,Male,Medium,Average,25.7,377.0,2.6,6.3,7093,1720,66.0,1.1,3.1,Medium,1.5999999999999996
37,Male,Medium,Healthy,28.5,96.0,1.9,5.3,8718,1706,67.0,2.3,3.4,Low,0.7000000000000002
55,Female,Medium,Unhealthy,24.6,217.0,4.3,6.9,5598,1465,70.0,1.7,4.4,Medium,0.09999999999999964
42,Female,Medium,Average,20.8,428.0,2.5,2.5,6414,1152,70.0,2.1,5.8,Low,0.8000000000000007
31,Female,Medium,Average,24.6,278.0,3.2,4.7,8855,1661,66.0,2.6,5.5,Low,0.5
28,Male,Medium,Unhealthy,27.4,351.0,3.0,4.6,5983,1572,74.0,1.9,3.8,Medium,2.5
49,Male,Low,Healthy,23.4,297.0,2.4,8.3,4226,1460,71.0,2.0,4.6,Medium,1.0999999999999996
28,Female,High,Average,27.4,211.0,3.3,8.6,12008,2006,64.0,1.2,4.1,Medium,0.9000000000000004
35,Female,Medium,Average,29.7,189.0,2.5,4.3,7093,1698,73.0,1.9,5.0,Low,0.0
44,Female,Medium,Average,26.0,18.0,2.9,3.7,10151,1808,67.0,2.0,4.8,Low,1.9000000000000004
35,Female,Medium,Healthy,24.9,85.0,4.4,3.3,5669,1332,67.0,2.1,5.9,Low,0.1999999999999993
40,Female,Medium,Healthy,28.3,64.0,2.7,9.4,7932,2091,66.0,2.8,4.6,Low,0.09999999999999964
28,Female,Low,Average,21.6,147.0,2.1,9.3,4717,1551,70.0,1.3,3.3,High,1.0999999999999996
38,Male,Medium,Average,21.2,214.0,1.9,8.6,8516,1459,61.0,2.0,4.5,Low,0.40000000000000036
61,Female,Medium,Healthy,23.9,183.0,2.4,10.8,6816,1315,69.0,1.3,3.3,Low,0.9000000000000004
40,Male,Low,Healthy,21.8,299.0,2.5,4.5,2455,945,75.0,2.4,5.3,Low,0.9000000000000004
42,Male,High,Healthy,33.7,310.0,0.7,9.0,18772,2009,67.0,1.4,3.0,Medium,1.9000000000000004
58,Male,Medium,Unhealthy,23.6,370.0,1.7,2.0,9278,1335,69.0,1.2,5.6,Low,0.7000000000000002
27,Male,Medium,Healthy,25.4,262.0,2.5,6.4,8005,1663,62.0,0.9,2.8,Low,2.5
39,Male,High,Average,24.2,118.0,2.6,9.4,15349,2102,50.0,1.6,4.1,Low,0.7000000000000002
36,Male,Low,Average,29.4,342.0,2.9,6.1,2790,1654,83.0,1.9,5.0,Medium,0.9000000000000004
18,Male,Medium,Average,30.2,272.0,2.8,8.8,8562,1788,69.0,2.7,5.3,Low,0.5
24,Male,Medium,Healthy,17.9,292.0,2.1,2.0,7097,985,58.0,2.2,4.6,Low,1.5
21,Male,Medium,Unhealthy,26.9,430.0,1.7,7.7,6840,1516,78.0,1.4,4.0,Medium,1.0
18,Other,Low,Average,19.8,306.0,2.9,5.8,3814,789,67.0,1.1,3.3,Medium,2.2
32,Male,Medium,Healthy,32.0,436.0,2.7,6.4,6797,1792,80.0,1.3,3.9,Low,0.5999999999999996
57,Male,Medium,Average,26.8,177.0,1.6,4.6,8282,2111,67.0,1.1,4.9,Low,0.9000000000000004
29,Female,High,Healthy,21.7,135.0,3.0,11.0,15249,1720,54.0,1.9,4.1,Medium,0.5
39,Female,Medium,Average,24.0,372.0,3.3,7.2,7454,1581,73.0,1.5,3.9,Medium,2.2
39,Female,High,Average,23.8,52.0,3.1,7.4,5444,1035,73.0,1.3,4.1,Medium,0.0
67,Male,High,Average,27.1,483.0,3.3,12.2,11394,2091,72.0,0.9,2.2,Medium,2.2
64,Female,Medium,Average,29.2,395.0,1.9,4.7,5836,1997,83.0,1.5,4.2,Medium,1.2999999999999998
34,Female,Low,Unhealthy,20.4,213.0,3.2,7.3,4555,1245,64.0,1.0,3.4,Medium,2.0999999999999996
63,Female,High,Average,31.4,299.0,4.1,5.2,12497,1936,71.0,1.9,4.8,Low,0.40000000000000036
31,Female,Low,Average,21.5,6.0,3.2,7.8,5259,1230,62.0,2.2,3.8,Low,0.9000000000000004
37,Female,Low,Average,31.8,242.0,3.9,11.9,4304,1668,80.0,1.0,2.2,Medium,2.2
67,Male,Low,Unhealthy,29.9,223.0,2.1,11.5,3073,1983,78.0,2.1,3.9,Medium,0.40000000000000036
65,Female,Medium,Unhealthy,23.7,396.0,2.9,6.6,7057,1878,69.0,1.4,4.5,Medium,1.7000000000000002
50,Female,Medium,Average,28.3,245.0,4.3,3.1,5672,1730,75.0,1.4,5.0,Low,0.5
60,Male,Medium,Healthy,37.0,9.0,3.2,6.3,6957,2104,79.0,1.7,4.3,Low,0.40000000000000036
32,Other,High,Average,25.4,118.0,2.6,9.6,15523,1625,55.0,2.9,4.9,Low,0.9000000000000004
29,Male,Low,Average,22.5,311.0,2.3,4.8,2552,1334,78.0,1.3,3.8,Medium,1.0
57,Male,Low,Average,25.7,0.0,1.7,11.0,2926,1405,67.0,1.4,2.5,Medium,2.4000000000000004
37,Female,High,Average,26.0,0.0,2.3,8.5,20569,2101,50.0,1.6,4.2,Low,0.5999999999999996
55,Male,Low,Average,26.8,339.0,2.3,5.3,4507,1580,78.0,2.2,4.8,Medium,0.09999999999999964
20,Male,Medium,Healthy,20.0,167.0,2.4,5.7,6747,1363,63.0,1.3,3.4,Low,2.3
45,Male,High,Unhealthy,22.3,269.0,3.3,5.0,17126,1793,50.0,1.6,4.8,Low,1.2999999999999998
43,Male,Medium,Unhealthy,28.0,200.0,2.2,4.1,10409,2051,62.0,2.4,6.1,Low,0.5999999999999996
47,Male,Medium,Average,18.0,178.0,2.0,5.6,6790,1167,61.0,1.5,3.9,Low,0.7000000000000002
30,Male,Low,Average,28.6,101.0,3.2,6.0,5603,1624,71.0,1.4,5.0,Medium,0.1999999999999993
30,Other,Low,Average,17.5,325.0,3.1,10.2,6009,890,65.0,1.5,2.9,Medium,3.3
19,Other,High,Average,18.1,11.0,2.3,8.1,7793,1174,54.0,1.7,4.0,Low,1.0
54,Male,Medium,Average,23.0,164.0,3.0,8.2,9719,1525,63.0,1.2,4.8,Low,0.5
66,Female,Low,Average,26.1,371.0,2.3,7.9,2853,927,82.0,2.1,4.0,Medium,1.5999999999999996
55,Male,Medium,Healthy,30.3,85.0,2.3,5.0,10651,2043,69.0,2.2,5.5,Low,0.09999999999999964
19,Male,Medium,Average,25.2,0.0,3.7,9.9,6398,1699,69.0,1.4,4.1,Low,1.2000000000000002
53,Male,Low,Unhealthy,24.0,0.0,2.4,5.9,4910,1836,66.0,2.4,5.2,Low,0.1999999999999993
43,Female,Medium,Healthy,27.3,299.0,2.2,6.2,4480,1358,80.0,1.3,3.1,Low,1.7999999999999998
28,Female,Low,Average,21.5,310.0,2.5,7.9,5673,1280,67.0,1.5,2.8,Medium,1.5999999999999996
25,Male,Medium,Average,25.6,148.0,0.9,13.2,8146,1696,64.0,1.4,3.0,Medium,1.7000000000000002
57,Male,Low,Healthy,25.3,178.0,2.7,2.9,2925,1232,78.0,1.3,4.5,Medium,0.5999999999999996
60,Female,Low,Unhealthy,24.5,376.0,4.1,7.7,4319,1103,74.0,1.3,3.5,Medium,1.9000000000000004
39,Female,High,Healthy,21.8,9.0,2.6,8.7,18557,1846,50.0,2.6,5.3,Low,0.20000000000000018
37,Male,Medium,Unhealthy,25.7,358.0,2.9,5.9,7948,1848,68.0,2.3,5.0,Low,1.0999999999999996
25,Female,Medium,Healthy,25.6,0.0,2.8,5.5,8859,1635,56.0,2.3,4.5,Low,1.2000000000000002
46,Male,Low,Healthy,29.7,29.0,4.3,3.8,5048,1674,72.0,1.2,4.8,Low,0.0
57,Female,Medium,Unhealthy,18.6,216.0,3.3,7.8,4895,1202,64.0,1.2,4.3,Medium,1.0
43,Female,Medium,Unhealthy,24.7,342.0,1.3,11.9,6957,1664,74.0,1.9,2.7,Medium,2.4000000000000004
34,Female,Medium,Healthy,28.5,348.0,1.7,7.8,3904,1333,85.0,2.0,4.5,Low,1.4000000000000004
37,Female,Medium,Average,28.0,432.0,2.0,6.0,10236,1901,73.0,2.5,5.4,Medium,0.5999999999999996
69,Male,Medium,Healthy,27.0,227.0,1.5,8.0,6822,1497,71.0,2.5,4.8,Low,0.09999999999999964
33,Male,Low,Healthy,22.2,106.0,4.0,6.2,7082,1249,63.0,1.4,4.8,Low,1.7000000000000002
63,Female,Low,Healthy,28.5,377.0,3.4,5.4,4655,1395,76.0,2.2,5.2,Low,0.09999999999999964
60,Male,High,Healthy,18.9,404.0,3.5,7.4,11598,1391,57.0,1.7,3.7,Low,0.5999999999999996
24,Male,High,Unhealthy,18.1,339.0,3.3,10.2,16938,1474,50.0,1.5,4.2,Medium,1.0
33,Male,Medium,Healthy,19.9,291.0,3.1,6.5,10866,1371,58.0,1.9,3.8,Low,1.7999999999999998
62,Female,Medium,Average,24.9,408.0,2.2,6.5,9208,1413,68.0,2.4,4.9,Medium,1.2000000000000002
64,Female,Medium,Average,27.7,251.0,2.7,6.3,7108,1848,73.0,1.2,3.2,Medium,2.9000000000000004
65,Female,Low,Healthy,17.5,196.0,2.1,9.0,6157,1043,55.0,1.5,4.6,Low,2.2
44,Female,Low,Unhealthy,30.3,308.0,1.8,9.1,2606,1473,86.0,1.2,2.5,Medium,3.0
40,Male,Medium,Average,25.5,271.0,2.0,4.3,10143,1342,65.0,2.4,4.9,Low,1.0999999999999996
41,Female,Medium,Unhealthy,18.7,332.0,4.4,6.6,3183,1398,71.0,2.3,4.9,Low,0.20000000000000018
26,Female,Medium,Unhealthy,25.4,180.0,2.2,9.8,8235,1288,69.0,1.7,3.6,Medium,1.2000000000000002
37,Male,High,Average,29.4,232.0,3.1,8.7,17914,2109,59.0,1.1,3.5,Low,0.9000000000000004
54,Female,High,Healthy,19.5,87.0,1.9,11.4,7558,1361,59.0,1.4,2.8,Medium,2.3
59,Female,High,Average,23.3,386.0,1.9,6.2,18151,1990,51.0,2.3,4.9,Low,0.0
34,Female,Medium,Average,21.3,18.0,2.6,8.8,4934,1430,67.0,1.3,3.7,Low,0.5999999999999996
64,Other,Low,Unhealthy,31.9,56.0,4.3,8.8,5580,1938,76.0,1.5,4.4,Medium,0.40000000000000036
48,Male,Medium,Average,27.6,225.0,3.6,9.7,6441,1575,77.0,2.4,3.9,Medium,1.2000000000000002
25,Female,Medium,Average,36.4,0.0,2.9,7.9,4092,1903,79.0,1.3,3.0,Low,1.2000000000000002
32,Female,Medium,Healthy,23.1,431.0,2.3,9.8,7094,1848,68.0,1.2,3.6,Medium,1.4000000000000004
48,Male,High,Healthy,22.1,202.0,2.8,5.4,15691,1951,50.0,1.6,5.0,Low,0.7000000000000002
47,Other,High,Average,24.4,430.0,2.7,6.9,11304,1532,69.0,2.4,4.8,Medium,1.0999999999999996
63,Male,Medium,Healthy,30.5,470.0,2.6,3.3,8520,1931,80.0,1.6,4.8,Low,0.2999999999999998
37,Female,Medium,Average,23.5,176.0,1.8,6.3,9379,1629,58.0,1.5,4.5,Low,0.20000000000000018
56,Female,High,Average,25.5,402.0,1.8,4.9,18479,2010,53.0,1.3,4.0,Low,1.2000000000000002
29,Female,Low,Healthy,25.4,40.0,2.8,7.8,4094,1785,66.0,2.3,4.8,Low,0.5999999999999996
34,Male,High,Average,22.4,128.0,2.0,8.4,16547,1765,53.0,1.8,3.9,Low,1.7999999999999998
59,Female,Medium,Average,24.5,304.0,2.5,9.0,7815,1702,67.0,2.2,4.0,Medium,1.4000000000000004
47,Male,Medium,Unhealthy,24.3,332.0,2.8,7.2,10294,1437,59.0,2.2,4.3,Low,1.2999999999999998
46,Female,High,Healthy,25.0,176.0,3.4,6.6,16682,1811,50.0,1.9,4.2,Low,1.9000000000000004
36,Female,Medium,Average,28.8,281.0,1.5,4.1,7667,2040,77.0,1.8,5.2,Low,1.7000000000000002
63,Female,Medium,Unhealthy,32.0,341.0,1.5,2.2,9426,1971,79.0,1.9,5.0,Medium,1.9000000000000004
28,Male,Medium,Average,21.6,228.0,3.5,3.2,8543,1260,67.0,2.4,4.7,Low,0.9000000000000004
51,Female,Low,Average,23.4,580.0,3.8,5.3,4822,1397,77.0,1.9,3.8,Medium,1.5
67,Female,Low,Average,21.7,179.0,1.7,9.3,6824,1386,58.0,1.6,4.0,Medium,2.5
24,Female,High,Average,25.7,448.0,1.8,3.9,11587,2015,68.0,1.5,4.7,Low,1.2999999999999998
61,Male,Low,Healthy,22.8,371.0,2.9,4.9,4382,1532,71.0,1.6,3.7,Medium,1.4000000000000004
37,Male,Medium,Average,29.4,423.0,2.5,10.2,9576,2184,76.0,1.9,3.3,Medium,2.3
67,Female,Low,Average,17.5,361.0,1.9,6.9,3322,1263,68.0,1.2,4.2,Low,1.5
55,Female,High,Average,27.0,217.0,3.1,7.3,12300,1913,62.0,1.3,3.7,Medium,0.40000000000000036
27,Male,Medium,Average,26.8,273.0,2.3,10.5,8950,2056,67.0,1.2,3.8,Medium,1.5
49,Male,Medium,Average,21.4,406.0,1.6,7.2,7085,1607,64.0,2.7,4.7,Medium,0.09999999999999964
69,Female,High,Healthy,29.8,138.0,3.1,2.6,6036,1489,74.0,2.0,4.7,Low,1.2000000000000002
32,Female,Medium,Average,28.7,437.0,2.2,7.3,6095,1559,82.0,2.2,5.6,Low,1.0
54,Female,Medium,Healthy,27.3,37.0,2.5,10.6,10828,1531,67.0,1.7,3.2,Low,1.9000000000000004
37,Female,High,Average,28.2,0.0,3.5,8.6,18640,1940,50.0,2.3,4.4,Low,0.5999999999999996
20,Male,Low,Average,22.0,289.0,1.7,7.5,3255,1483,76.0,1.2,3.5,Medium,1.7000000000000002
54,Female,Medium,Healthy,22.5,388.0,2.4,7.9,11594,1606,62.0,1.9,3.5,Low,2.4000000000000004
57,Female,High,Unhealthy,28.0,173.0,1.3,2.4,13020,1787,64.0,2.4,6.4,Low,0.8000000000000007
25,Female,Medium,Average,21.9,0.0,2.1,2.1,4930,1443,59.0,1.5,4.9,Low,1.0
57,Male,Medium,Healthy,30.8,0.0,3.5,9.2,7387,2003,69.0,2.3,3.7,Low,1.5
40,Male,Low,Average,27.0,198.0,2.7,5.4,3152,1598,76.0,1.9,4.5,Medium,1.5
57,Female,Low,Average,33.4,392.0,3.8,7.5,4905,1994,85.0,2.1,3.6,Medium,1.2999999999999998
28,Male,High,Unhealthy,22.2,210.0,2.9,8.6,14800,1537,52.0,1.0,3.3,Medium,2.3
25,Male,Medium,Unhealthy,29.2,246.0,1.6,6.8,9552,1835,70.0,1.8,4.0,Medium,1.7999999999999998
46,Female,Low,Healthy,28.8,352.0,1.0,8.8,5843,1204,74.0,1.2,2.3,Medium,2.3
47,Male,Low,Average,23.7,402.0,3.7,12.0,4272,1427,73.0,1.2,3.2,Medium,0.9000000000000004
27,Female,Medium,Unhealthy,22.9,183.0,2.2,6.3,9179,1170,64.0,2.0,4.0,Medium,1.4000000000000004
56,Male,Medium,Average,24.1,210.0,1.1,7.2,5087,1552,70.0,2.1,4.2,Low,1.5999999999999996
45,Male,Medium,Healthy,30.8,316.0,1.7,4.2,10783,1894,73.0,1.7,4.6,Low,0.9000000000000004
66,Female,High,Average,23.9,87.0,1.6,4.4,12401,1617,56.0,2.3,6.3,Low,0.6999999999999993
53,Male,Medium,Unhealthy,25.3,310.0,2.1,9.2,6276,1415,70.0,1.4,2.9,Medium,2.0999999999999996
30,Male,Medium,Average,23.3,165.0,4.4,10.0,9773,1433,64.0,2.1,3.9,Low,1.2000000000000002
49,Male,Medium,Average,27.8,188.0,3.2,9.9,7232,1633,73.0,1.8,2.8,Low,2.4000000000000004
53,Female,Medium,Average,25.6,200.0,2.9,4.4,6611,1729,69.0,2.0,5.1,Low,0.5999999999999996
54,Female,Medium,Healthy,21.0,219.0,3.5,6.5,7412,1129,65.0,1.7,4.6,Low,1.0999999999999996
39,Male,Low,Healthy,17.5,129.0,2.9,2.0,2942,1414,62.0,1.5,4.6,Low,1.7999999999999998
48,Female,High,Unhealthy,28.2,417.0,2.0,11.7,17497,2106,62.0,1.8,3.3,Medium,0.7999999999999998
35,Male,Medium,Average,30.3,266.0,1.8,9.8,8130,2008,75.0,1.3,2.4,Medium,1.0999999999999996
55,Female,High,Unhealthy,27.7,315.0,1.7,2.0,11961,2300,71.0,2.0,5.6,Low,0.6999999999999993
41,Female,Low,Healthy,27.2,45.0,2.7,8.0,4620,1855,73.0,1.5,4.0,Low,0.5
40,Female,Medium,Average,24.5,236.0,0.5,7.5,4207,1365,74.0,1.2,3.3,Low,2.0
19,Male,Medium,Healthy,26.1,98.0,2.1,7.3,7860,1577,74.0,2.6,5.1,Low,0.3000000000000007
48,Male,High,Healthy,32.2,294.0,3.2,6.2,10896,2264,69.0,1.1,2.8,Low,1.0999999999999996
28,Female,Medium,Average,24.6,169.0,1.4,2.0,10974,1645,59.0,2.2,4.6,Low,0.7999999999999998
45,Female,Low,Average,30.4,103.0,3.4,7.8,4063,2022,75.0,1.3,4.5,Medium,0.7000000000000002
63,Male,Low,Unhealthy,28.5,351.0,3.6,8.6,3360,1173,80.0,2.6,5.4,Medium,0.40000000000000036
49,Female,Medium,Average,27.9,370.0,2.6,5.6,12099,2001,65.0,2.2,4.7,Low,0.7999999999999998
22,Female,High,Unhealthy,17.5,219.0,2.9,10.1,12423,1521,50.0,1.1,3.2,High,1.7000000000000002
55,Other,Low,Unhealthy,28.7,267.0,1.7,2.9,5122,1136,80.0,2.3,5.4,Low,0.7000000000000002
27,Female,Medium,Healthy,24.5,398.0,2.5,2.7,9386,1273,66.0,1.6,4.9,Low,1.0
57,Other,Medium,Average,23.2,140.0,3.3,7.2,6305,1675,59.0,2.5,4.4,Low,0.5
63,Male,Low,Average,19.1,252.0,2.3,5.3,3790,1210,66.0,1.5,3.9,Medium,2.0999999999999996
41,Female,Low,Healthy,25.0,142.0,3.7,9.4,3621,1553,73.0,1.7,3.4,Medium,2.4000000000000004
52,Female,Medium,Unhealthy,25.1,47.0,1.1,5.9,4466,1769,64.0,1.1,4.2,Low,0.7999999999999998
61,Male,Low,Average,19.8,140.0,2.2,10.4,1053,962,71.0,1.1,2.8,Medium,1.4000000000000004
65,Male,Low,Average,19.1,31.0,1.0,5.2,1000,1329,67.0,1.0,3.3,Low,1.2999999999999998
40,Other,Low,Average,26.9,263.0,2.8,7.4,3325,2063,74.0,1.1,3.6,Medium,1.2000000000000002
34,Male,Low,Healthy,28.5,84.0,2.3,2.0,2510,1778,77.0,2.0,4.6,Low,0.40000000000000036
18,Female,Medium,Average,25.8,0.0,2.4,6.9,6136,1622,71.0,2.7,5.1,Low,0.6999999999999993
48,Male,Medium,Average,29.6,311.0,3.1,7.2,7158,1755,76.0,1.0,3.6,Medium,1.7000000000000002
48,Male,Medium,Average,24.7,301.0,2.3,10.0,8007,1597,67.0,1.1,3.2,Medium,2.5999999999999996
59,Male,Medium,Unhealthy,24.8,150.0,4.7,3.2,7374,1570,64.0,2.1,6.1,Low,0.5
59,Male,High,Average,21.3,305.0,3.1,6.3,11885,1545,64.0,1.7,3.8,Low,1.2000000000000002
51,Female,High,Healthy,18.8,79.0,2.5,10.6,19792,1511,50.0,2.2,4.0,Medium,0.40000000000000036
26,Female,High,Healthy,32.4,144.0,2.0,11.0,13396,2241,65.0,1.3,3.6,Medium,0.0
39,Male,Medium,Average,29.5,261.0,1.8,4.9,9996,1921,73.0,2.5,5.6,Low,0.3000000000000007
42,Male,Medium,Unhealthy,25.6,142.0,2.1,2.8,10670,1820,58.0,1.5,4.4,Low,1.5
65,Male,Medium,Average,24.6,110.0,3.3,2.0,6903,1359,66.0,1.6,5.2,Low,0.09999999999999964
35,Female,Low,Healthy,23.9,347.0,2.4,6.0,8202,1303,66.0,1.6,4.4,Low,1.4000000000000004
68,Male,Medium,Healthy,23.4,291.0,2.4,5.4,5376,1383,74.0,1.2,3.1,Low,2.0
29,Male,Low,Average,26.5,222.0,2.6,12.2,2399,1247,74.0,2.0,3.1,High,1.0
57,Female,Low,Average,28.3,377.0,2.4,7.9,3716,1592,83.0,1.9,4.4,Medium,0.9000000000000004
34,Male,Medium,Healthy,26.6,492.0,2.7,6.5,7290,1486,69.0,2.1,4.8,Medium,0.5
32,Male,Medium,Average,24.5,254.0,4.2,8.6,5654,1706,72.0,2.0,3.5,Low,1.2000000000000002
59,Male,High,Unhealthy,24.4,111.0,2.9,9.6,18421,2073,51.0,1.1,2.0,Medium,2.0999999999999996
32,Female,Medium,Average,28.7,274.0,2.8,10.0,10737,2063,66.0,2.1,4.6,Medium,0.09999999999999964
32,Female,Medium,Average,26.9,77.0,3.1,7.6,7319,1604,70.0,1.5,3.5,Low,2.0999999999999996
56,Female,Medium,Average,25.3,386.0,2.4,6.9,10019,1705,67.0,1.6,3.5,High,2.2
30,Male,Medium,Healthy,24.9,94.0,1.7,7.4,10844,1862,53.0,2.0,4.4,Low,1.4000000000000004
34,Male,Medium,Healthy,26.4,171.0,0.5,6.9,7980,1712,69.0,2.4,4.3,Low,0.5999999999999996
49,Female,High,Healthy,23.1,74.0,0.9,5.7,11990,1776,53.0,1.3,4.6,Low,0.5
26,Female,Medium,Healthy,28.3,227.0,3.1,9.6,10563,1701,70.0,1.2,4.0,Low,1.0
57,Other,Medium,Unhealthy,20.7,232.0,2.8,6.5,10252,1616,63.0,1.0,3.5,Medium,2.0
37,Male,Medium,Healthy,23.4,311.0,2.4,4.5,5493,1272,69.0,2.2,4.0,Low,1.2999999999999998
43,Male,High,Average,27.4,217.0,4.4,7.1,18248,2517,51.0,1.8,5.2,Medium,0.09999999999999964
44,Female,High,Average,20.5,206.0,2.5,8.8,10939,1501,57.0,2.3,4.2,Low,0.09999999999999964
38,Female,Medium,Average,18.7,113.0,0.6,3.4,8758,1506,58.0,1.8,5.1,Low,0.09999999999999964
35,Female,Medium,Average,25.3,157.0,3.1,6.3,6367,1431,67.0,1.8,4.7,Low,0.5999999999999996
30,Female,Medium,Average,18.2,0.0,3.4,5.0,8328,1200,55.0,1.9,4.9,Low,1.0999999999999996
33,Female,High,Average,19.8,409.0,3.1,12.5,14346,1511,58.0,1.4,2.6,High,2.2
26,Female,Medium,Unhealthy,28.0,185.0,3.4,7.2,12464,1546,66.0,1.3,5.2,Medium,0.5
29,Female,Low,Healthy,24.2,446.0,1.1,10.9,1567,745,81.0,1.6,2.6,Low,1.9000000000000004
55,Female,Medium,Average,20.2,0.0,1.8,7.8,7069,915,57.0,2.0,3.7,Medium,0.09999999999999964
36,Male,Medium,Average,24.6,132.0,2.9,6.8,8657,1633,63.0,2.2,4.3,Low,1.4000000000000004
52,Female,Low,Unhealthy,20.3,209.0,2.2,6.8,1000,491,64.0,1.8,4.2,Medium,1.5
65,Male,Medium,Average,29.1,301.0,3.0,5.4,9473,1727,69.0,1.3,3.1,Medium,1.7000000000000002
35,Female,High,Unhealthy,27.0,226.0,1.8,7.0,18004,2065,54.0,1.6,4.3,Low,1.0999999999999996
33,Male,High,Average,18.6,149.0,2.5,2.9,15297,1824,50.0,2.1,5.0,Low,0.2999999999999998
56,Male,Medium,Healthy,24.8,62.0,2.1,7.4,7087,1432,72.0,2.3,3.8,Low,0.40000000000000036
21,Female,High,Average,26.5,139.0,3.9,4.0,14614,1581,59.0,2.3,6.0,Low,0.2999999999999998
42,Male,Low,Unhealthy,22.6,290.0,1.6,7.2,2174,863,71.0,2.2,5.2,Medium,0.0
49,Male,Medium,Average,19.1,328.0,2.6,7.8,10122,1255,56.0,2.2,4.4,Medium,1.5
57,Male,Low,Unhealthy,26.1,98.0,3.6,10.5,4746,1297,69.0,0.9,3.6,Medium,2.0999999999999996
30,Female,Medium,Unhealthy,33.8,351.0,0.9,7.8,6933,1926,81.0,2.2,4.0,Medium,1.2999999999999998
62,Male,High,Average,23.5,285.0,2.8,6.3,14246,1778,58.0,2.1,6.0,Low,0.9000000000000004
34,Female,High,Healthy,31.3,66.0,2.6,5.4,17094,2356,55.0,1.5,4.2,Low,0.20000000000000018
66,Male,Medium,Average,22.0,237.0,2.0,8.8,10328,1626,59.0,0.9,2.6,Medium,2.8
54,Female,Medium,Unhealthy,25.9,255.0,3.5,6.8,7851,1489,68.0,2.1,3.3,Medium,1.9000000000000004
23,Male,High,Average,28.1,40.0,3.9,5.1,20439,2348,50.0,2.8,6.4,Low,0.09999999999999964
36,Male,Low,Average,25.0,0.0,3.0,7.4,6052,1186,64.0,2.0,3.6,Medium,2.3
30,Male,Medium,Average,23.8,271.0,2.3,2.4,9055,1579,63.0,2.3,5.5,Low,0.5
43,Male,Low,Healthy,27.9,131.0,1.3,7.2,3406,1573,73.0,1.7,5.0,Low,1.2999999999999998
31,Female,High,Average,32.6,426.0,2.6,5.0,12904,2171,74.0,1.4,3.7,Medium,3.2
48,Male,Low,Average,26.2,458.0,2.4,6.2,4300,1274,76.0,1.8,4.6,Low,0.40000000000000036
21,Male,Low,Unhealthy,22.9,270.0,2.4,12.0,3834,1112,74.0,1.6,3.3,Medium,0.5999999999999996
56,Female,Medium,Average,24.2,342.0,2.1,5.8,11400,1795,64.0,1.6,4.1,Medium,1.7000000000000002
25,Male,Low,Unhealthy,35.1,46.0,2.0,9.0,2594,1775,80.0,2.0,5.0,Low,1.7999999999999998
42,Male,Low,Healthy,25.5,0.0,2.5,9.6,4758,1583,72.0,2.4,3.8,Low,1.0999999999999996
30,Female,Medium,Healthy,22.6,178.0,1.5,9.1,3996,1168,69.0,1.7,4.7,Low,0.0
49,Female,High,Unhealthy,20.4,7.0,3.3,7.9,15131,2195,50.0,2.5,4.6,Medium,0.2999999999999998
55,Male,Low,Average,17.7,246.0,1.9,4.2,5307,1041,68.0,1.1,4.2,Low,2.0
55,Male,High,Healthy,26.5,82.0,2.6,5.4,18321,2296,50.0,1.6,5.1,Low,0.8000000000000007
45,Female,High,Healthy,27.6,228.0,2.2,4.1,12225,2344,65.0,2.7,5.5,Low,0.0
47,Male,Medium,Average,23.4,174.0,3.0,6.1,6575,1655,66.0,2.0,3.2,Low,2.0999999999999996
20,Other,Medium,Healthy,24.9,295.0,3.0,6.1,10046,1576,70.0,1.1,3.5,Low,1.7999999999999998
45,Male,Low,Average,20.3,248.0,2.9,4.7,5792,1227,70.0,2.3,6.1,Low,1.0999999999999996
20,Female,Medium,Average,25.5,139.0,1.6,8.4,7545,915,67.0,1.7,3.3,Low,1.2999999999999998
62,Male,Low,Average,26.9,0.0,2.3,5.8,1060,919,75.0,2.6,5.2,Low,0.09999999999999964
51,Female,Low,Unhealthy,22.9,224.0,3.8,6.1,2411,1237,76.0,1.6,4.6,Medium,0.20000000000000018
33,Male,Medium,Healthy,31.8,0.0,2.2,3.1,7815,1786,69.0,2.3,6.0,Low,0.0
39,Female,Medium,Average,21.7,386.0,3.3,7.2,5163,1067,71.0,2.4,4.7,Low,0.5999999999999996
49,Male,Medium,Healthy,26.1,279.0,2.5,6.8,9457,1690,65.0,2.2,5.2,Low,0.9000000000000004
55,Male,Medium,Unhealthy,28.4,326.0,2.3,5.5,6454,1560,81.0,1.3,3.3,Low,2.0
25,Female,High,Unhealthy,24.7,54.0,2.6,8.0,13782,1592,58.0,1.3,4.1,Low,0.40000000000000036
25,Female,Low,Average,24.2,253.0,1.8,7.3,5642,1636,75.0,2.0,4.0,Medium,1.7000000000000002
23,Female,Low,Average,19.3,100.0,3.2,8.5,4551,889,61.0,1.8,4.1,Medium,0.20000000000000018
31,Male,Medium,Average,30.4,222.0,1.8,8.6,11888,2134,70.0,1.6,3.5,Medium,1.9000000000000004
49,Female,Low,Unhealthy,24.3,50.0,2.9,8.8,6096,1506,67.0,1.1,3.3,Medium,0.7999999999999998
52,Male,Medium,Average,27.1,187.0,3.4,11.2,5922,1865,73.0,2.0,3.7,Medium,2.0999999999999996
27,Other,Medium,Unhealthy,27.7,0.0,2.8,7.3,9185,1657,69.0,1.0,2.5,Medium,2.0999999999999996
29,Male,Medium,Average,24.2,0.0,2.6,5.9,10374,1498,56.0,2.4,4.5,Low,0.40000000000000036
66,Female,Medium,Average,30.3,462.0,1.9,6.0,9046,1868,75.0,1.3,4.3,Low,0.7000000000000002
48,Female,Medium,Unhealthy,20.5,224.0,2.3,4.7,7000,1502,59.0,2.0,5.2,Medium,0.40000000000000036
46,Male,Low,Average,33.5,200.0,2.1,2.0,4714,2024,76.0,2.2,4.6,Low,1.5999999999999996
22,Female,Low,Average,22.0,301.0,1.9,7.6,3446,1194,71.0,2.2,4.5,High,1.4000000000000004
69,Male,Medium,Unhealthy,20.3,5.0,3.0,7.1,6707,1267,61.0,1.3,2.3,Low,1.5999999999999996
42,Female,Low,Healthy,25.5,82.0,3.3,11.8,3832,1567,70.0,2.0,3.0,Medium,2.0999999999999996
58,Male,Medium,Average,33.8,279.0,3.3,11.6,8497,2240,75.0,2.2,3.3,Medium,1.5
48,Male,Low,Average,17.5,224.0,2.7,8.7,5950,1178,65.0,1.7,4.1,Medium,0.9000000000000004
37,Female,Low,Average,26.9,297.0,2.0,4.9,1124,1437,75.0,1.2,5.6,Medium,0.7999999999999998
56,Female,Medium,Average,25.1,245.0,3.5,7.5,7605,1613,64.0,1.7,4.0,Medium,1.0
39,Other,Low,Average,26.5,275.0,3.2,6.7,4384,1554,80.0,1.5,1.6,High,2.0999999999999996
21,Male,Low,Average,22.1,258.0,2.5,7.4,4273,1076,69.0,1.3,3.7,Medium,1.4000000000000004
30,Male,Medium,Average,22.6,97.0,2.7,5.1,7492,1106,66.0,1.0,3.6,Low,1.5999999999999996
62,Female,Medium,Unhealthy,24.4,188.0,3.3,8.0,9899,1440,66.0,0.9,2.9,Medium,2.7
59,Female,High,Average,20.5,0.0,3.0,3.6,14936,1529,50.0,1.8,5.9,Low,0.9000000000000004
67,Male,High,Unhealthy,24.8,123.0,2.7,14.0,15809,2003,53.0,1.6,3.1,High,0.5
66,Male,Low,Unhealthy,23.4,163.0,2.1,10.6,1244,1165,76.0,1.5,2.6,Medium,1.5999999999999996
37,Female,Low,Unhealthy,23.1,294.0,1.8,10.3,3739,1345,69.0,2.0,4.1,Medium,1.2999999999999998
69,Male,Medium,Unhealthy,26.3,276.0,2.6,3.8,7721,1637,66.0,1.9,5.0,Low,1.7999999999999998
34,Female,High,Average,24.1,83.0,3.1,7.7,13681,1666,51.0,2.6,5.1,Low,0.2999999999999998
53,Female,Low,Average,34.3,396.0,1.1,6.2,3009,1690,90.0,1.0,3.2,Medium,2.4000000000000004
50,Female,Medium,Unhealthy,20.7,155.0,2.7,11.6,6562,968,65.0,1.4,3.7,Medium,1.2999999999999998
18,Male,Medium,Average,30.1,217.0,2.3,8.6,9958,1969,73.0,1.2,3.1,Medium,1.0
32,Female,High,Average,25.2,317.0,2.1,6.9,12258,1151,65.0,1.9,4.4,Medium,1.2000000000000002
30,Female,Low,Healthy,22.6,188.0,2.3,10.7,2720,1271,75.0,1.0,2.0,Medium,2.7
34,Male,Medium,Unhealthy,19.7,177.0,0.5,7.5,9833,1556,54.0,1.9,3.3,Low,1.5
41,Female,Low,Average,25.6,152.0,2.1,7.6,4587,1433,76.0,1.2,4.8,Medium,0.20000000000000018
25,Male,Low,Healthy,30.8,123.0,1.8,9.6,3645,1758,77.0,1.4,3.4,Low,0.7000000000000002
67,Female,Medium,Average,23.4,221.0,1.8,5.3,5344,1297,66.0,1.8,4.8,Low,0.7000000000000002
44,Male,Low,Average,24.7,0.0,5.0,9.5,4831,1427,70.0,2.0,4.1,Low,1.5999999999999996
62,Female,Medium,Healthy,29.0,145.0,1.4,8.4,9653,1803,70.0,1.2,3.4,Low,1.5999999999999996
40,Male,Medium,Average,26.4,281.0,2.8,4.7,6093,1702,68.0,1.2,3.4,Medium,1.7999999999999998
63,Male,High,Healthy,18.7,263.0,1.9,11.9,15094,1481,52.0,1.9,4.3,Low,1.0999999999999996
25,Other,Medium,Healthy,25.4,411.0,1.8,5.9,7798,1344,72.0,2.1,3.7,Low,1.2000000000000002
25,Female,Low,Average,31.0,325.0,1.4,2.9,2673,1722,84.0,2.1,5.5,Low,0.0
43,Male,Low,Unhealthy,24.9,261.0,3.4,5.1,3333,1352,73.0,1.6,4.8,Low,2.2
64,Male,Medium,Average,17.5,204.0,3.5,4.4,7905,1051,62.0,2.4,5.7,Low,1.0
30,Male,Medium,Average,26.6,131.0,2.0,7.5,5363,1673,76.0,2.0,3.7,Medium,1.5999999999999996
56,Female,Medium,Unhealthy,24.2,275.0,3.2,11.1,9141,1974,67.0,1.5,3.8,Medium,1.7000000000000002
54,Female,Medium,Average,17.7,248.0,1.7,7.6,6579,1242,57.0,1.2,3.5,Low,0.7000000000000002
66,Female,Medium,Average,18.3,143.0,2.2,11.0,6659,1340,56.0,2.0,3.0,Medium,2.0
45,Female,Low,Average,28.9,69.0,3.0,9.7,4758,1665,71.0,2.3,4.6,Medium,0.5999999999999996
42,Female,Medium,Average,22.1,192.0,1.7,2.0,7094,1674,67.0,1.9,4.9,Low,0.09999999999999964
33,Male,Medium,Healthy,21.4,373.0,1.9,9.2,7568,1503,65.0,1.9,3.2,Low,1.9000000000000004
19,Male,High,Unhealthy,24.9,216.0,2.5,5.5,13683,1680,60.0,2.5,5.3,Low,0.3000000000000007
35,Female,Medium,Healthy,22.4,204.0,2.5,8.3,6449,1497,64.0,1.3,3.9,Medium,0.9000000000000004
34,Female,Low,Average,25.4,263.0,1.6,6.9,3223,1485,80.0,1.1,3.4,Medium,1.7999999999999998
47,Female,Medium,Average,24.2,272.0,4.3,14.0,7964,1449,64.0,1.7,2.3,High,2.5999999999999996
56,Female,Medium,Average,20.2,237.0,1.8,8.1,7969,1577,61.0,1.9,3.8,Medium,0.5999999999999996
30,Female,Low,Average,23.0,193.0,3.3,8.5,4790,1088,68.0,1.5,2.5,Medium,1.7000000000000002
49,Female,Medium,Average,26.8,123.0,3.0,9.7,9142,1780,67.0,1.6,3.3,Medium,0.7000000000000002
67,Male,Low,Average,25.2,350.0,1.9,3.3,5828,1406,74.0,1.8,5.0,Low,1.9000000000000004
46,Male,Medium,Healthy,24.7,135.0,2.9,9.7,4987,1113,74.0,1.7,4.1,Low,0.5
63,Other,High,Average,32.7,435.0,1.8,6.5,16738,2327,71.0,0.9,3.3,Low,2.3
47,Female,Medium,Healthy,27.9,223.0,2.6,5.3,7318,1604,69.0,1.2,4.0,Low,2.3
30,Male,Low,Average,24.3,313.0,2.1,3.3,4509,1183,73.0,1.8,5.7,Medium,0.09999999999999964
60,Male,Low,Healthy,25.9,102.0,2.8,9.3,3134,1822,71.0,1.2,4.3,Medium,0.2999999999999998
38,Male,Medium,Healthy,23.3,286.0,2.0,6.6,11040,1114,57.0,2.2,4.3,Medium,0.7000000000000002
47,Female,Medium,Unhealthy,28.1,217.0,2.6,6.7,9522,1353,68.0,1.5,4.6,Low,0.7000000000000002
38,Male,Medium,Average,24.6,261.0,2.6,2.0,8841,1688,69.0,1.1,4.5,Low,1.2999999999999998
65,Female,High,Healthy,25.9,97.0,2.2,9.3,20570,2210,50.0,1.9,3.2,Low,1.9000000000000004
34,Male,Medium,Average,25.6,96.0,1.0,7.6,6051,1244,69.0,1.2,5.3,Low,0.09999999999999964
57,Female,Medium,Unhealthy,24.9,0.0,3.1,5.8,8050,1447,67.0,1.5,5.3,Low,0.3000000000000007
36,Male,Medium,Average,36.8,131.0,4.1,4.7,9124,2330,75.0,1.2,3.5,Medium,1.5
69,Female,Medium,Average,22.3,123.0,2.6,9.0,5865,1294,63.0,2.0,4.0,Medium,1.0
32,Female,Medium,Average,22.3,99.0,2.0,7.9,6672,1541,62.0,1.2,3.3,High,1.2000000000000002
26,Female,Medium,Healthy,27.8,182.0,2.7,7.0,9993,1780,70.0,1.8,4.6,Low,1.9000000000000004
69,Male,High,Average,22.6,209.0,3.4,4.5,12510,1525,60.0,1.4,3.7,Low,1.5
61,Male,Medium,Average,20.7,284.0,3.2,7.6,6740,1291,69.0,2.0,3.6,Low,1.5
48,Male,Medium,Average,27.0,297.0,2.9,10.3,12040,1703,62.0,1.4,3.9,Medium,2.0
40,Female,Low,Average,27.0,303.0,3.0,4.0,1000,1589,80.0,1.2,4.6,Medium,1.0999999999999996
69,Female,Medium,Average,23.7,241.0,2.6,5.2,10017,1776,64.0,1.2,4.4,Low,1.0999999999999996
47,Female,Medium,Average,27.9,208.0,1.7,11.9,8501,1685,69.0,1.5,3.3,Medium,1.4000000000000004
50,Female,Medium,Average,17.6,339.0,2.2,7.5,4938,1070,68.0,1.4,4.2,Medium,0.5
69,Male,Medium,Healthy,22.2,303.0,2.2,7.6,7553,1337,71.0,2.0,3.3,Low,0.5999999999999996
26,Male,High,Unhealthy,24.3,0.0,2.7,9.4,8220,1437,61.0,2.2,4.9,Low,0.09999999999999964
64,Male,Medium,Healthy,20.3,174.0,1.1,11.5,8704,1149,61.0,1.8,3.3,Low,1.9000000000000004
18,Female,High,Average,18.0,0.0,2.9,4.1,12209,1401,51.0,2.0,4.3,Low,0.5
61,Female,Low,Average,23.8,0.0,0.9,12.5,1075,1174,74.0,1.4,2.9,Medium,1.9000000000000004
52,Male,Medium,Average,27.8,123.0,2.8,6.9,8331,2021,73.0,2.1,4.1,Low,0.2999999999999998
28,Male,Low,Unhealthy,30.1,180.0,3.4,7.7,4217,1603,79.0,2.4,5.5,Medium,0.5
51,Female,Low,Healthy,22.8,136.0,3.2,7.2,7160,1907,64.0,0.9,3.0,Medium,2.4000000000000004
33,Female,Low,Average,27.9,0.0,1.8,10.7,5242,1966,67.0,1.3,3.8,Low,0.2999999999999998
26,Female,Medium,Healthy,27.5,316.0,3.0,9.4,3225,1360,80.0,2.3,4.3,Low,1.4000000000000004
49,Male,Low,Healthy,29.9,93.0,3.1,6.6,3207,1608,75.0,2.2,4.3,Low,0.9000000000000004
32,Male,Medium,Unhealthy,23.6,273.0,3.9,4.2,10209,1277,60.0,1.3,4.7,Medium,0.09999999999999964
29,Other,Medium,Healthy,17.8,98.0,2.8,6.4,4746,995,62.0,2.5,4.7,Low,0.5999999999999996
62,Male,Low,Healthy,20.9,265.0,2.2,9.2,4002,1246,62.0,1.7,3.0,Medium,2.0999999999999996
31,Female,Low,Average,22.1,147.0,1.8,5.3,3207,1071,76.0,2.4,4.9,Medium,0.7000000000000002
25,Male,Medium,Average,23.6,241.0,3.2,9.9,8366,1614,64.0,1.6,3.9,Medium,1.0
44,Male,Low,Average,25.6,0.0,2.0,9.0,4049,1416,66.0,2.1,4.4,Medium,0.9000000000000004
29,Male,High,Average,27.8,271.0,1.5,8.0,11249,2109,66.0,2.7,4.6,Medium,0.09999999999999964
18,Male,Low,Average,23.5,59.0,2.6,5.0,2346,1250,69.0,2.2,4.6,Low,1.4000000000000004
60,Female,Medium,Average,26.6,33.0,2.5,8.2,8208,1340,63.0,1.9,4.5,Low,0.9000000000000004
57,Male,Low,Average,25.1,91.0,2.7,5.0,3879,1090,70.0,2.4,4.8,Low,0.9000000000000004
59,Female,High,Average,28.7,322.0,3.2,8.2,10348,1773,67.0,2.3,4.3,Medium,0.7999999999999998
68,Other,Medium,Unhealthy,24.2,0.0,3.3,3.7,8468,1310,62.0,1.6,4.5,Low,1.2000000000000002
28,Male,High,Healthy,24.7,297.0,2.5,10.0,14172,1478,60.0,1.7,3.2,Low,2.3
56,Male,Medium,Healthy,23.5,250.0,1.7,7.5,7383,1384,67.0,1.0,3.8,Low,2.4000000000000004
60,Female,Low,Unhealthy,24.4,211.0,1.9,7.0,5788,1610,71.0,0.9,2.9,Medium,3.0999999999999996
48,Female,Medium,Average,21.9,237.0,2.0,8.0,7975,1321,67.0,1.7,3.3,Medium,1.9000000000000004
34,Female,Medium,Unhealthy,21.5,156.0,2.4,6.7,7523,1442,58.0,2.1,5.4,Low,0.6999999999999993
50,Male,Low,Average,28.1,302.0,2.1,7.2,5696,1920,81.0,1.8,4.0,Medium,1.7000000000000002
49,Male,Low,Average,20.7,136.0,2.3,10.2,3773,1262,71.0,2.1,3.1,Medium,1.0999999999999996
46,Female,Medium,Average,23.7,0.0,2.6,9.6,7197,1286,65.0,1.4,2.0,Medium,1.9000000000000004
38,Other,Low,Healthy,29.1,188.0,2.0,8.8,2244,1539,79.0,2.1,4.1,Low,1.9000000000000004
38,Male,Medium,Average,23.6,320.0,2.8,7.6,8121,1417,73.0,1.9,3.2,Medium,2.2
57,Female,Medium,Average,28.3,273.0,4.0,6.2,9864,1910,72.0,1.1,4.2,Low,1.7000000000000002
40,Male,Medium,Unhealthy,22.6,472.0,2.4,9.7,7166,1453,66.0,1.1,3.2,Medium,1.9000000000000004
23,Other,Low,Average,20.8,162.0,2.0,4.7,2006,1063,69.0,1.4,4.8,Low,0.09999999999999964
39,Female,Medium,Healthy,18.6,175.0,2.7,11.5,10021,1346,57.0,1.9,3.8,Low,0.5
67,Male,Low,Average,30.3,165.0,1.9,8.8,5575,1673,72.0,1.8,3.9,Medium,0.7000000000000002
55,Female,Low,Healthy,20.5,83.0,2.4,10.0,4877,900,67.0,2.4,3.6,Low,0.5999999999999996
54,Male,Medium,Average,28.0,129.0,2.0,8.2,8192,1339,68.0,1.5,3.5,Medium,1.4000000000000004
62,Male,High,Average,21.0,44.0,1.6,6.7,15260,1835,50.0,2.3,4.9,Low,1.4000000000000004
68,Male,Low,Average,30.3,0.0,1.8,9.4,1674,1787,78.0,2.1,4.2,Medium,1.5999999999999996
58,Male,Medium,Unhealthy,18.3,203.0,1.7,5.5,9351,1477,51.0,1.8,4.2,Low,1.2999999999999998
66,Female,Medium,Unhealthy,20.7,294.0,3.5,6.5,8676,1725,62.0,1.3,4.5,Medium,0.40000000000000036
52,Female,Medium,Healthy,28.1,113.0,2.8,3.5,9805,1706,65.0,1.1,4.9,Low,0.9000000000000004
68,Male,High,Average,27.1,115.0,3.3,8.6,18601,1952,52.0,2.3,3.4,Low,0.5
28,Female,High,Unhealthy,28.1,354.0,1.4,10.2,10294,1963,67.0,1.6,3.8,Low,0.5
41,Female,Medium,Average,22.7,0.0,2.3,2.7,8967,1773,59.0,1.7,4.6,Low,1.0999999999999996
66,Female,Medium,Healthy,33.0,175.0,2.8,6.0,7483,1814,84.0,2.4,4.9,Low,0.5
68,Male,Low,Unhealthy,20.1,93.0,1.9,7.8,7707,1237,59.0,2.1,4.3,Medium,1.7000000000000002
19,Male,Medium,Average,24.0,0.0,1.5,9.1,4859,1439,67.0,1.9,4.3,Medium,1.4000000000000004
57,Female,Medium,Average,20.2,456.0,2.7,6.3,7636,1242,67.0,1.0,3.5,Medium,1.5999999999999996
36,Male,Low,Healthy,31.4,319.0,2.0,9.4,3645,1765,83.0,1.2,3.9,Medium,1.4000000000000004
56,Male,High,Average,22.4,324.0,3.9,7.2,14143,1475,57.0,2.6,5.4,Medium,0.3000000000000007
45,Male,Medium,Average,27.0,186.0,2.9,5.5,4055,1717,73.0,3.0,5.6,Low,0.5
34,Male,Medium,Average,23.1,296.0,2.3,7.6,6037,1069,74.0,1.1,3.3,Medium,2.0
23,Male,High,Healthy,22.5,0.0,2.3,3.8,14146,1503,52.0,2.6,6.4,Low,2.0999999999999996
36,Female,Medium,Healthy,17.5,134.0,2.4,6.4,5209,1342,58.0,1.6,4.3,Medium,1.2999999999999998
55,Male,High,Average,27.4,342.0,1.0,6.6,16860,2497,63.0,1.9,5.6,Low,0.5999999999999996
45,Female,Low,Average,30.2,0.0,2.5,5.5,4869,1599,71.0,2.6,6.0,Low,0.5999999999999996
19,Female,Low,Average,21.3,149.0,2.1,13.3,1619,1436,67.0,0.8,2.1,High,2.5
55,Male,Low,Average,18.8,247.0,3.0,10.3,3654,1344,65.0,1.5,3.5,Medium,2.7
54,Male,Medium,Average,28.2,82.0,1.8,7.5,8751,1841,71.0,1.2,3.8,Medium,0.9000000000000004
68,Male,Low,Average,18.4,201.0,3.0,8.1,1936,901,64.0,1.7,4.6,Medium,0.5
69,Male,Low,Healthy,29.9,257.0,2.9,8.3,1633,1840,82.0,1.5,3.3,Medium,1.2999999999999998
21,Male,High,Unhealthy,21.4,245.0,2.6,8.6,11127,1477,57.0,1.5,4.2,Medium,0.7999999999999998
39,Male,High,Average,20.6,139.0,3.5,10.9,22062,2005,50.0,2.5,4.5,Medium,0.5999999999999996
43,Female,Medium,Average,26.0,75.0,1.0,9.3,10188,1275,59.0,1.6,3.0,Low,2.4000000000000004
66,Female,High,Unhealthy,20.8,259.0,2.9,2.0,12174,1446,58.0,1.8,5.6,Low,0.09999999999999964
60,Male,High,Average,22.2,250.0,2.5,9.1,10006,1388,57.0,1.1,3.2,Medium,1.5999999999999996
53,Male,Medium,Average,26.4,243.0,2.4,4.9,6349,1599,75.0,1.1,4.9,Medium,1.2999999999999998
30,Female,Medium,Healthy,17.5,217.0,1.7,5.6,11044,1254,55.0,1.7,4.1,Low,2.0
69,Female,High,Average,31.6,251.0,1.4,9.5,20101,2282,59.0,1.1,1.6,Medium,2.0
49,Female,Medium,Average,25.2,331.0,3.2,2.3,6376,1514,72.0,2.1,4.6,Low,0.5999999999999996
34,Female,Low,Average,19.8,246.0,3.1,11.3,4466,1013,63.0,2.1,3.5,Medium,1.7999999999999998
58,Male,Medium,Healthy,20.9,214.0,3.9,9.0,7475,1012,65.0,2.4,3.9,Low,0.09999999999999964
53,Male,Medium,Healthy,29.0,120.0,4.1,7.8,10540,1782,68.0,1.6,3.7,Low,1.4000000000000004
63,Female,High,Average,27.4,407.0,1.3,9.1,10718,1753,67.0,2.1,4.7,Low,0.5999999999999996
36,Male,Medium,Healthy,30.5,31.0,2.4,9.9,9957,2073,63.0,1.4,4.4,Low,0.20000000000000018
52,Other,High,Average,22.3,169.0,2.7,7.6,9979,1473,60.0,1.7,4.7,Medium,0.5
63,Female,Medium,Average,26.2,123.0,3.3,8.9,9895,1783,64.0,1.8,3.1,Low,1.0
57,Female,Medium,Average,26.7,0.0,3.6,4.6,6298,1442,69.0,1.8,5.7,Low,0.5
45,Male,Medium,Healthy,27.8,253.0,1.7,9.0,7371,1681,70.0,2.0,4.4,Medium,0.40000000000000036
18,Female,Low,Healthy,29.5,169.0,2.1,8.5,3031,1250,80.0,1.3,5.1,Low,0.7000000000000002
59,Female,Medium,Average,22.1,204.0,3.6,10.6,11922,1456,60.0,2.3,4.0,Medium,0.40000000000000036
35,Male,High,Unhealthy,24.5,173.0,1.2,7.4,16981,1359,50.0,1.7,4.7,Low,0.5
65,Male,Medium,Average,22.6,312.0,1.6,7.8,7177,1178,60.0,1.1,2.8,Medium,2.3
57,Female,High,Unhealthy,24.8,332.0,2.9,4.7,11525,1446,64.0,1.9,4.6,Low,0.40000000000000036
50,Female,Low,Unhealthy,27.8,34.0,4.1,7.0,5970,1751,70.0,1.8,4.5,Low,1.2999999999999998
29,Male,Medium,Healthy,18.4,464.0,1.2,8.5,1203,1038,72.0,1.8,3.4,Medium,0.7999999999999998
25,Male,Low,Unhealthy,29.4,163.0,2.5,8.8,4718,1872,72.0,1.1,2.8,Medium,1.5
41,Female,Medium,Average,20.4,288.0,2.9,11.3,6081,999,71.0,1.5,3.5,Medium,1.0
33,Female,Medium,Unhealthy,23.8,227.0,3.7,8.2,12508,1854,59.0,1.2,3.0,Medium,1.9000000000000004
67,Female,Medium,Average,30.0,215.0,2.9,6.8,13461,1923,65.0,1.9,4.0,Low,2.0
55,Male,Medium,Unhealthy,26.4,397.0,1.5,5.6,7269,1575,73.0,1.6,3.6,Medium,2.4000000000000004
61,Female,Medium,Healthy,20.3,316.0,3.6,10.3,8136,1661,62.0,2.3,3.0,Medium,1.0999999999999996
44,Male,Medium,Unhealthy,20.8,163.0,2.9,5.3,6756,1885,67.0,2.5,5.4,Low,0.09999999999999964
26,Female,Medium,Healthy,28.8,187.0,1.6,6.0,6411,1781,81.0,1.2,4.7,Low,0.5
33,Male,High,Average,23.0,307.0,2.7,7.2,15871,1718,58.0,2.2,3.8,Low,0.2999999999999998
29,Male,High,Unhealthy,28.9,288.0,0.5,8.6,14399,2283,68.0,1.3,3.3,Medium,1.2999999999999998
48,Female,Medium,Healthy,20.8,148.0,0.8,11.1,8580,1370,57.0,1.4,3.6,Low,1.4000000000000004
41,Male,Medium,Average,26.1,398.0,2.7,6.9,6734,1687,72.0,2.0,4.9,Medium,1.4000000000000004
31,Male,Medium,Average,25.2,361.0,4.1,6.4,6132,1606,69.0,2.6,5.0,Medium,0.40000000000000036
62,Female,Low,Unhealthy,25.0,473.0,2.7,2.0,2584,1318,78.0,1.3,3.8,Medium,1.0
42,Male,Medium,Average,22.9,81.0,0.5,7.6,9543,1230,57.0,1.9,3.5,Low,1.7999999999999998
51,Female,Low,Average,22.7,184.0,1.2,7.1,4119,1028,69.0,1.7,3.2,Low,2.2
20,Male,Low,Average,20.7,170.0,3.0,7.0,4302,1439,62.0,2.1,4.4,Medium,1.2000000000000002
41,Female,Medium,Average,26.9,590.0,3.1,10.8,8682,1729,77.0,1.4,2.9,Medium,2.2
59,Male,Medium,Unhealthy,22.3,201.0,2.3,8.4,7884,1624,66.0,0.9,2.6,Medium,2.3
26,Male,Low,Healthy,28.9,389.0,2.1,6.0,4162,1511,79.0,1.3,3.4,Medium,0.5
43,Female,High,Average,24.1,355.0,3.1,4.7,17887,1851,50.0,1.7,4.0,Low,0.7999999999999998
37,Female,High,Average,20.8,187.0,3.4,4.1,16330,1621,50.0,2.5,5.8,Low,0.40000000000000036
57,Male,High,Healthy,24.0,208.0,3.1,5.9,13482,1405,58.0,2.1,4.3,Low,1.2000000000000002
27,Male,Medium,Average,23.4,278.0,1.7,7.9,7055,1382,65.0,2.3,4.4,Low,0.5999999999999996
36,Female,Low,Unhealthy,29.0,388.0,3.2,2.0,5540,1608,77.0,1.8,4.0,Medium,1.7999999999999998
20,Female,Low,Average,23.5,174.0,2.2,6.7,4499,1352,68.0,2.0,4.8,Low,1.5
41,Other,Low,Healthy,23.9,123.0,2.0,9.0,3538,1286,73.0,1.7,2.4,Low,1.5
22,Other,Low,Healthy,30.6,339.0,2.0,4.4,2062,1884,85.0,1.0,4.8,Medium,1.2999999999999998
20,Female,High,Average,27.0,27.0,2.5,6.6,19082,1997,50.0,2.4,5.5,Low,0.5999999999999996
44,Male,High,Average,31.7,237.0,3.0,4.5,10618,2177,79.0,2.5,5.1,Low,0.09999999999999964
33,Female,High,Unhealthy,30.0,359.0,0.9,2.0,14853,2154,64.0,1.7,4.6,Low,1.2000000000000002
66,Female,Medium,Average,21.5,264.0,1.9,5.0,11650,1547,60.0,1.7,4.0,Low,1.9000000000000004
32,Male,Medium,Average,29.0,114.0,2.1,4.3,7317,1893,71.0,2.4,5.5,Low,0.5
52,Male,Medium,Average,31.1,49.0,3.3,8.9,7909,1803,69.0,2.2,4.0,Low,1.2000000000000002
29,Male,High,Average,31.1,378.0,1.8,8.2,16561,2112,67.0,2.1,4.9,Medium,0.9000000000000004
58,Male,Medium,Unhealthy,29.0,173.0,2.2,4.4,5613,1602,80.0,1.2,3.1,Medium,2.0999999999999996
61,Male,Low,Average,28.9,64.0,3.1,10.2,1495,1546,75.0,1.4,4.7,High,0.5999999999999996
43,Female,Low,Healthy,23.8,370.0,2.5,8.8,3464,961,73.0,1.0,3.0,High,3.0
64,Female,Medium,Average,21.7,320.0,3.7,6.4,8161,1377,69.0,2.2,3.8,Low,1.5
51,Female,Medium,Average,23.6,42.0,2.4,7.8,8138,1644,68.0,1.6,3.9,Medium,1.5
40,Male,High,Average,18.3,577.0,4.0,4.6,18251,1640,52.0,1.8,4.1,Medium,2.0999999999999996
48,Male,Medium,Unhealthy,30.4,118.0,4.2,2.0,6108,1787,78.0,1.6,5.6,Low,0.09999999999999964
67,Female,Medium,Average,23.9,317.0,2.9,7.2,7712,1595,67.0,2.1,4.3,Medium,1.5
37,Male,Low,Average,30.2,497.0,2.8,3.6,6260,1778,76.0,1.2,3.7,Medium,2.2
29,Female,Medium,Average,20.1,333.0,2.9,6.4,7444,978,64.0,2.2,4.2,Medium,1.7000000000000002
40,Other,Medium,Unhealthy,29.3,238.0,3.2,8.0,11973,2235,71.0,1.9,4.2,Medium,0.7999999999999998
21,Male,Medium,Unhealthy,23.0,0.0,2.6,2.1,7531,1974,59.0,2.8,5.8,Low,0.5999999999999996
40,Male,Medium,Unhealthy,19.9,506.0,3.4,7.5,6611,1564,73.0,1.1,3.7,Medium,0.5
65,Male,High,Healthy,31.5,329.0,2.9,9.1,13882,2087,72.0,1.6,3.8,Low,0.7999999999999998
65,Female,Medium,Average,29.4,0.0,3.6,2.0,8519,1633,68.0,1.7,5.4,Low,0.5999999999999996
18,Female,Medium,Average,25.8,431.0,1.3,8.8,7176,1879,82.0,1.6,2.9,Low,2.3
42,Female,High,Average,25.1,209.0,2.7,11.7,15194,1891,56.0,1.9,4.1,Medium,0.7000000000000002
19,Male,High,Healthy,26.8,158.0,3.3,6.4,13552,2068,56.0,2.5,4.4,Low,0.5999999999999996
47,Other,Low,Healthy,25.8,114.0,1.6,8.9,5904,1327,68.0,1.3,2.5,Medium,2.7
20,Male,High,Average,21.8,225.0,2.8,4.5,15523,1813,53.0,1.5,4.9,Low,0.40000000000000036
38,Male,Low,Average,23.4,321.0,3.0,9.3,4016,1408,71.0,1.8,3.9,Medium,2.5999999999999996
37,Female,Low,Healthy,35.7,219.0,2.2,7.5,5204,2156,85.0,2.6,4.8,Medium,0.1999999999999993
66,Male,Medium,Average,31.3,707.0,2.7,7.4,8062,1920,87.0,1.5,3.6,Medium,3.5
69,Male,Medium,Average,26.9,271.0,2.1,8.0,7095,2007,72.0,1.1,3.0,Low,2.7
39,Male,Medium,Average,23.6,344.0,2.4,6.8,6553,1388,70.0,2.1,4.7,Low,0.20000000000000018
38,Male,Medium,Average,21.8,56.0,3.8,4.6,9398,1772,56.0,2.3,5.0,Low,0.2999999999999998
50,Male,Medium,Unhealthy,22.1,0.0,2.5,6.6,7056,1500,58.0,2.4,5.0,Low,0.7000000000000002
69,Other,Low,Healthy,22.8,419.0,1.9,6.9,3550,1430,74.0,2.3,4.8,Medium,0.7999999999999998
55,Female,High,Healthy,33.6,376.0,2.4,4.1,15659,2901,65.0,2.8,5.4,Low,0.8000000000000007
32,Female,Medium,Average,32.2,457.0,2.1,6.7,10141,1587,75.0,1.1,3.5,Medium,1.4000000000000004
63,Female,Medium,Unhealthy,28.0,188.0,2.1,6.8,9190,1489,69.0,2.4,4.5,Low,1.0999999999999996
69,Female,High,Healthy,21.2,388.0,2.1,5.7,16558,1957,50.0,1.5,3.3,Low,2.3
32,Female,Low,Healthy,28.6,0.0,2.1,7.9,5064,1815,65.0,1.4,4.2,Low,1.5999999999999996
63,Female,Medium,Unhealthy,24.0,281.0,1.6,8.5,8016,1546,66.0,1.0,2.9,Low,2.9000000000000004
42,Male,Medium,Healthy,17.5,354.0,2.6,5.3,8789,1450,56.0,2.3,4.1,Low,1.2000000000000002
38,Female,Low,Average,26.1,96.0,1.7,7.4,6738,1351,66.0,1.3,5.2,Low,0.1999999999999993
41,Female,Medium,Unhealthy,21.6,358.0,3.4,9.3,7608,1775,69.0,2.0,4.0,Low,2.0
22,Female,High,Unhealthy,21.8,173.0,2.3,4.5,10722,1796,61.0,1.6,4.6,Low,0.09999999999999964
23,Other,Low,Average,24.0,188.0,2.8,2.8,1000,1577,75.0,2.8,5.3,Low,0.0
66,Male,Medium,Unhealthy,23.0,161.0,2.8,4.6,11871,1310,59.0,1.2,4.4,Medium,0.5
60,Female,Medium,Average,24.9,437.0,1.0,8.3,11961,1936,71.0,1.1,2.5,Medium,1.7999999999999998
65,Male,Medium,Healthy,24.7,131.0,2.3,5.9,6018,1476,67.0,0.9,3.9,Low,2.0
61,Female,Medium,Average,17.5,113.0,3.9,3.9,10571,1775,50.0,1.2,4.5,Low,0.09999999999999964
64,Male,High,Average,31.1,71.0,1.9,10.2,17097,2291,60.0,2.7,5.1,Low,0.1999999999999993
40,Male,Medium,Average,21.1,144.0,4.3,4.0,9282,1248,57.0,2.2,5.0,Low,0.7000000000000002
21,Male,Medium,Unhealthy,21.2,229.0,2.9,6.6,9006,1536,58.0,2.2,4.1,Medium,1.4000000000000004
44,Female,Medium,Healthy,23.7,295.0,2.9,8.8,6510,1106,68.0,1.1,3.8,Low,0.7999999999999998
35,Male,Medium,Average,24.6,87.0,2.7,8.7,8258,1771,65.0,1.2,3.8,Low,0.7999999999999998
38,Female,High,Average,30.8,255.0,3.3,8.0,15043,2056,65.0,3.0,5.2,Low,0.5
57,Male,Medium,Unhealthy,25.9,187.0,1.4,8.0,10031,2021,60.0,1.2,4.6,Medium,1.2000000000000002
40,Male,Medium,Unhealthy,26.2,211.0,3.2,10.4,9748,1643,70.0,2.1,3.6,Low,2.0
20,Female,High,Average,17.5,120.0,2.6,4.0,16797,1650,50.0,2.5,5.7,Low,0.5
57,Female,Medium,Average,24.0,179.0,1.8,8.0,8458,1650,57.0,1.5,4.7,Low,0.09999999999999964
27,Male,Low,Average,38.0,479.0,2.4,9.4,2202,1830,95.0,1.8,3.1,High,1.7999999999999998
42,Female,Medium,Average,20.2,206.0,1.7,11.4,8139,879,59.0,2.1,3.9,Medium,1.0999999999999996
69,Other,Medium,Average,26.7,400.0,2.5,11.4,9416,1932,75.0,1.1,2.4,Medium,2.5999999999999996
66,Male,Medium,Average,22.7,412.0,1.2,9.1,9086,1291,70.0,1.1,3.7,High,1.4000000000000004
25,Male,Medium,Average,33.2,2.0,2.1,5.5,8748,2411,74.0,2.5,5.2,Low,0.2999999999999998
28,Male,Low,Unhealthy,19.6,156.0,1.6,5.9,5390,1071,63.0,2.6,4.8,Medium,0.2999999999999998
22,Female,Medium,Average,27.5,412.0,2.7,8.8,10882,2064,71.0,1.6,3.3,Medium,2.0
54,Male,Medium,Average,23.7,182.0,2.1,6.4,8600,1845,62.0,1.8,4.2,Low,1.0
62,Male,Medium,Average,24.9,312.0,4.3,5.2,6555,1583,71.0,1.6,5.4,Low,0.09999999999999964
55,Male,Medium,Healthy,29.3,360.0,3.2,4.1,10140,1966,73.0,2.1,4.8,Low,0.40000000000000036
46,Male,Low,Average,20.7,195.0,3.0,7.6,5085,1007,70.0,1.5,3.4,Medium,2.2
22,Male,Low,Average,27.7,158.0,3.5,9.0,2544,1638,80.0,2.2,4.7,Low,1.4000000000000004
26,Other,Low,Unhealthy,25.1,0.0,2.9,8.5,3989,1600,71.0,2.4,4.5,Low,1.0
65,Male,Medium,Unhealthy,26.1,207.0,1.4,7.3,4997,1539,72.0,1.7,5.0,Low,0.7000000000000002
19,Male,Low,Average,28.8,142.0,1.4,6.1,5424,1876,73.0,1.3,4.6,Low,1.0
18,Female,Medium,Healthy,19.9,49.0,0.5,5.7,6928,1354,60.0,2.2,3.4,Low,0.7999999999999998
68,Female,High,Healthy,22.7,137.0,1.7,5.7,12963,1677,52.0,2.6,7.0,Low,1.5999999999999996
47,Male,High,Healthy,29.4,225.0,2.0,5.6,15751,2322,60.0,1.7,3.6,Low,1.9000000000000004
28,Male,High,Healthy,26.3,158.0,2.2,8.0,14860,1962,57.0,2.4,4.8,Low,0.5999999999999996
45,Female,Medium,Average,24.2,267.0,2.0,4.5,7021,1902,70.0,1.4,4.9,Low,0.9000000000000004
61,Female,Medium,Average,22.6,226.0,2.5,7.2,7790,1374,64.0,2.3,5.3,Low,0.7000000000000002
29,Male,Medium,Average,28.3,391.0,2.3,5.7,7416,1693,81.0,1.6,3.8,Low,1.7000000000000002
56,Female,High,Average,30.0,119.0,2.2,5.3,11197,1815,64.0,1.9,5.1,Low,0.5999999999999996
43,Female,High,Unhealthy,22.9,466.0,1.3,6.4,8403,1403,69.0,2.5,5.3,Medium,0.5999999999999996
30,Male,Medium,Unhealthy,20.5,360.0,2.7,8.9,7987,1240,64.0,1.4,2.7,Medium,1.9000000000000004
45,Female,Medium,Healthy,19.2,237.0,2.7,7.7,7968,1697,60.0,1.5,4.7,Low,0.40000000000000036
26,Female,Medium,Healthy,20.7,119.0,2.0,8.6,6808,1591,63.0,2.0,4.2,Medium,1.7000000000000002
56,Female,High,Average,23.3,462.0,2.3,6.6,13874,1687,58.0,1.8,5.0,Medium,0.7999999999999998
48,Female,Medium,Average,19.7,364.0,2.5,8.4,8972,1430,58.0,1.7,3.7,Medium,1.0
38,Male,Medium,Average,17.5,48.0,2.4,6.6,8881,1537,56.0,1.5,4.8,Low,1.0
64,Male,High,Healthy,20.5,346.0,3.4,8.1,13232,1507,56.0,2.3,5.5,Low,0.5999999999999996
51,Female,Low,Average,27.6,76.0,0.7,9.6,3918,1336,78.0,1.6,4.9,Low,1.0
48,Male,Low,Healthy,19.9,248.0,2.1,8.3,3875,1244,68.0,1.3,3.4,Medium,1.5999999999999996
69,Male,Medium,Healthy,23.6,323.0,3.8,3.9,9366,1393,61.0,1.8,4.9,Low,1.7999999999999998
42,Male,Low,Average,32.8,418.0,2.1,5.8,2957,1765,89.0,1.9,4.6,Medium,0.5999999999999996
29,Male,Medium,Healthy,24.8,235.0,3.2,8.6,3132,1430,69.0,1.0,2.4,Medium,2.2
18,Other,Low,Average,26.4,179.0,3.0,2.0,3485,1595,70.0,2.7,6.6,Low,1.5999999999999996
39,Male,Low,Unhealthy,21.2,206.0,2.4,7.8,6531,1459,64.0,1.5,3.9,Medium,1.5999999999999996
57,Female,Medium,Unhealthy,33.7,360.0,2.8,7.7,9602,2130,78.0,2.5,4.7,Low,0.20000000000000018
54,Male,Medium,Healthy,22.8,318.0,2.4,13.8,4862,1506,71.0,2.3,3.0,High,1.2000000000000002
64,Female,Medium,Average,24.1,197.0,0.8,8.1,9350,1891,61.0,2.2,4.4,Low,1.5
18,Male,Low,Average,30.3,0.0,2.9,6.7,4312,1858,72.0,2.8,6.4,Low,0.09999999999999964
18,Female,Medium,Unhealthy,24.3,0.0,2.0,9.9,7250,1716,71.0,2.5,4.4,Low,0.2999999999999998
59,Female,Medium,Unhealthy,25.2,233.0,1.4,6.1,5843,1315,67.0,1.5,4.1,Low,1.4000000000000004
59,Male,Medium,Healthy,23.9,22.0,2.8,7.1,6372,1495,62.0,1.2,3.3,Medium,2.2
38,Female,Low,Unhealthy,23.9,120.0,2.8,7.2,3160,1405,75.0,1.1,3.6,Medium,2.2
32,Male,Medium,Healthy,26.5,165.0,3.3,8.5,11670,2257,60.0,2.2,4.4,Low,0.7000000000000002
34,Female,Medium,Average,27.2,511.0,2.3,4.7,9280,1293,73.0,1.8,4.5,Low,1.5
39,Other,Medium,Average,22.4,218.0,3.2,9.1,6580,1561,66.0,1.8,4.4,Medium,1.2000000000000002
55,Female,High,Average,21.9,307.0,2.5,5.7,12373,1700,57.0,1.9,5.6,Low,0.09999999999999964
52,Female,High,Unhealthy,22.6,275.0,2.8,12.1,13887,1833,60.0,1.9,4.2,Medium,1.5999999999999996
62,Male,Medium,Average,19.4,0.0,2.8,3.2,7133,983,60.0,1.9,5.3,Low,0.3000000000000007
33,Male,Low,Unhealthy,18.6,140.0,1.4,5.1,4023,1131,66.0,1.6,4.0,Medium,1.2999999999999998
25,Male,Medium,Unhealthy,26.2,16.0,2.8,2.0,7708,1994,69.0,1.7,4.3,Low,0.20000000000000018
64,Female,Low,Unhealthy,28.8,459.0,2.6,14.0,4145,1376,82.0,1.4,2.3,High,2.2
34,Female,Medium,Average,28.5,0.0,2.3,3.9,4003,1729,77.0,1.2,3.9,Low,1.2999999999999998
34,Male,Medium,Average,17.5,136.0,2.6,8.9,9600,1142,55.0,2.3,4.3,Medium,1.2000000000000002
43,Female,High,Average,24.0,160.0,4.5,8.8,12319,2028,55.0,2.4,4.6,Low,0.09999999999999964
30,Male,High,Average,20.6,52.0,1.0,4.7,16720,1867,50.0,2.2,4.3,Low,0.3000000000000007
34,Male,Medium,Healthy,25.6,215.0,2.4,8.9,12392,1871,60.0,2.5,3.9,Low,0.20000000000000018
55,Female,Medium,Average,23.3,193.0,3.1,4.3,5094,1220,64.0,1.2,3.8,Low,1.2000000000000002
34,Male,Medium,Average,27.4,224.0,1.5,5.0,8196,1669,65.0,1.5,4.9,Low,0.3000000000000007
65,Female,Low,Average,24.9,275.0,2.8,3.1,3369,1307,72.0,2.2,6.3,Low,0.7000000000000002
31,Male,High,Unhealthy,17.5,235.0,2.7,8.7,15184,1307,52.0,1.5,3.7,Low,1.2999999999999998
62,Female,Medium,Healthy,21.1,257.0,1.2,2.1,3785,1176,61.0,2.3,5.4,Low,0.5999999999999996
52,Male,Medium,Average,25.4,0.0,3.9,6.7,6362,1669,67.0,2.5,4.5,Low,0.5
63,Female,Low,Average,19.4,304.0,1.2,11.4,6440,1144,64.0,1.0,2.4,High,3.0999999999999996
31,Female,Low,Average,18.9,43.0,2.1,7.1,6788,1075,57.0,1.3,5.1,Low,0.1999999999999993
64,Male,Medium,Healthy,25.2,103.0,2.4,9.1,7427,1270,63.0,1.6,4.5,Low,1.7000000000000002
25,Male,Medium,Unhealthy,19.4,218.0,2.5,8.3,5705,1281,68.0,1.1,3.8,Medium,1.2999999999999998
32,Female,Medium,Unhealthy,18.3,261.0,2.2,6.7,6322,1553,61.0,2.0,4.6,Medium,0.20000000000000018
44,Male,Medium,Healthy,23.2,279.0,2.6,9.8,8078,1422,62.0,1.9,3.6,Low,2.0999999999999996
30,Female,Low,Healthy,23.0,58.0,2.5,7.9,1897,1500,69.0,2.0,4.9,Low,0.40000000000000036
66,Female,Medium,Healthy,21.5,444.0,3.1,9.2,9038,1552,66.0,1.3,4.0,Low,0.9000000000000004
48,Male,Medium,Average,22.2,137.0,3.2,4.7,7607,1382,60.0,1.4,4.6,Low,0.5999999999999996
23,Female,Low,Healthy,22.1,9.0,2.7,9.0,4591,943,64.0,2.6,5.1,Low,0.09999999999999964
22,Male,Low,Average,25.3,0.0,1.2,4.3,6069,1536,67.0,1.6,4.0,Medium,1.4000000000000004
39,Female,High,Healthy,23.5,0.0,2.6,6.8,15905,1740,53.0,2.6,4.4,Low,0.6999999999999993
66,Male,High,Unhealthy,25.7,247.0,3.4,2.7,14878,1943,53.0,1.0,4.1,Low,1.5999999999999996
40,Female,High,Unhealthy,28.5,290.0,1.2,3.0,14747,1783,61.0,2.3,5.6,Low,0.7999999999999998
42,Male,Low,Unhealthy,28.4,70.0,1.4,6.9,1032,1622,76.0,1.6,4.2,Medium,0.6999999999999993
43,Male,Medium,Average,28.4,168.0,1.3,11.7,9224,1917,68.0,1.7,2.1,Medium,1.5999999999999996
64,Male,High,Healthy,26.0,214.0,2.4,6.2,13636,1744,59.0,2.2,5.2,Low,1.0999999999999996
22,Female,Low,Average,23.3,239.0,2.1,4.6,6497,1517,62.0,1.1,3.0,Medium,1.7999999999999998
43,Male,Low,Healthy,23.4,55.0,3.6,9.3,1771,1099,67.0,2.1,2.9,Medium,0.7000000000000002
37,Male,Medium,Average,21.5,174.0,2.7,2.0,6520,1165,67.0,2.0,4.8,Low,0.5999999999999996
23,Male,Low,Average,25.0,435.0,3.1,6.0,3047,1689,75.0,2.2,4.2,Medium,1.4000000000000004
23,Male,Medium,Average,27.8,20.0,2.5,5.1,8018,2051,68.0,2.7,5.2,Low,0.0
67,Female,High,Unhealthy,22.1,195.0,4.1,6.8,12060,1358,51.0,1.8,4.4,Medium,0.09999999999999964
35,Female,Medium,Average,24.9,274.0,1.9,10.4,5518,1497,67.0,1.5,3.3,Medium,1.5
21,Male,Medium,Average,22.3,54.0,2.8,2.0,7288,1561,63.0,2.7,6.8,Low,0.3000000000000007
34,Female,High,Average,25.8,291.0,3.5,7.8,17044,1958,60.0,1.4,4.2,Low,0.1999999999999993
31,Female,Low,Unhealthy,22.8,0.0,3.7,7.9,5131,1338,67.0,1.2,4.7,Low,0.5999999999999996
31,Female,Low,Average,22.0,295.0,2.3,6.8,2957,1362,71.0,1.1,4.9,Medium,0.5999999999999996
30,Male,Medium,Average,22.3,206.0,0.9,7.7,7253,1514,62.0,2.4,4.3,Low,1.0
24,Female,Low,Unhealthy,27.0,0.0,2.2,8.3,2833,1373,74.0,1.6,3.1,Medium,1.2999999999999998
61,Female,Low,Average,24.6,303.0,3.9,7.4,2107,1419,72.0,1.9,4.3,Medium,1.2999999999999998
32,Female,Medium,Unhealthy,23.3,65.0,1.9,2.0,8853,1466,62.0,1.5,6.2,Low,0.1999999999999993
36,Male,High,Healthy,26.0,177.0,2.7,4.8,10156,1635,62.0,1.0,2.4,Low,1.7999999999999998
60,Male,High,Average,23.3,294.0,2.3,11.0,15988,1657,59.0,2.3,3.8,Medium,1.0
64,Female,Medium,Healthy,29.5,55.0,2.4,4.1,11637,1793,64.0,2.4,5.5,Low,0.0
61,Male,Low,Average,21.1,120.0,3.5,7.2,4563,1289,65.0,2.1,5.3,Medium,0.9000000000000004
52,Female,Low,Healthy,24.3,368.0,2.7,5.2,4934,1106,74.0,1.5,2.9,Low,2.0
34,Male,Medium,Healthy,19.4,0.0,4.1,8.5,9188,1025,53.0,2.1,4.7,Low,0.2999999999999998
52,Female,Low,Healthy,23.6,412.0,3.3,6.5,3266,1277,78.0,1.6,4.1,Low,2.0
36,Female,Low,Average,18.3,0.0,2.6,8.6,4554,1097,57.0,2.9,4.8,Low,0.40000000000000036
37,Female,Medium,Healthy,28.0,95.0,2.4,8.0,8624,1535,70.0,1.9,4.6,Low,0.20000000000000018
53,Female,Medium,Unhealthy,28.1,242.0,2.8,6.0,6748,2025,72.0,1.6,4.5,Low,0.9000000000000004
52,Female,Low,Healthy,28.1,290.0,1.5,2.0,1000,1295,85.0,2.0,5.7,Low,1.0
49,Male,Medium,Average,25.1,244.0,1.7,4.8,5904,1360,73.0,1.7,4.7,Low,2.0999999999999996
65,Female,Medium,Healthy,21.5,207.0,3.1,4.0,6115,1172,66.0,2.3,5.8,Low,0.5999999999999996
61,Male,Medium,Healthy,21.8,134.0,3.2,4.0,9002,1640,62.0,1.6,4.5,Low,1.2000000000000002
57,Female,Low,Unhealthy,31.1,434.0,1.4,8.3,1781,1965,86.0,1.8,3.7,High,0.40000000000000036
41,Male,High,Unhealthy,30.7,315.0,3.2,12.1,19612,2126,60.0,1.0,2.0,Medium,3.2
24,Female,Low,Average,22.9,136.0,1.8,3.2,5578,1421,63.0,2.2,4.5,Low,1.0999999999999996
60,Male,Medium,Healthy,30.5,0.0,2.2,7.6,6979,1651,70.0,1.2,3.9,Low,1.5999999999999996
67,Male,Medium,Healthy,22.2,353.0,3.2,6.4,3842,1316,67.0,2.2,4.7,Low,1.0999999999999996
18,Other,Medium,Average,25.9,253.0,3.0,8.1,9664,1417,66.0,1.5,4.5,Medium,0.0
52,Male,Medium,Unhealthy,30.4,227.0,2.7,6.9,6504,1730,82.0,1.7,4.2,Medium,1.5
49,Male,Medium,Unhealthy,21.7,114.0,2.8,10.3,9575,1267,56.0,1.7,3.2,Medium,1.0999999999999996
53,Male,Medium,Average,28.3,147.0,1.6,8.4,9202,1715,68.0,1.9,3.0,Low,1.7999999999999998
30,Other,Medium,Average,27.1,110.0,2.9,9.2,7119,1653,66.0,2.0,3.9,Low,1.9000000000000004
23,Other,Low,Healthy,24.8,206.0,2.1,9.5,2169,1625,78.0,1.0,1.7,Medium,3.0999999999999996
31,Female,Low,Average,21.0,29.0,4.1,4.0,4280,1231,63.0,1.7,5.6,Low,1.0
54,Female,Medium,Average,22.1,314.0,2.2,8.5,4860,1100,70.0,1.2,3.3,Low,1.7000000000000002
65,Male,Medium,Average,26.2,505.0,4.3,8.6,8562,1655,73.0,1.1,2.5,High,3.0
32,Other,Low,Unhealthy,19.3,110.0,2.4,6.1,4705,738,62.0,1.7,5.5,Low,0.5999999999999996
64,Male,Medium,Average,25.5,0.0,2.4,6.1,6680,1713,61.0,2.6,5.3,Low,0.2999999999999998
21,Male,Low,Healthy,27.2,184.0,2.3,6.2,1745,1267,79.0,1.8,5.5,Low,0.40000000000000036
57,Male,Medium,Healthy,28.9,247.0,1.5,4.8,11256,2275,66.0,1.2,4.1,Low,2.2
33,Female,Medium,Average,19.4,267.0,3.6,3.5,6930,1430,58.0,1.3,4.7,Low,0.5
33,Male,Medium,Average,31.8,322.0,3.0,9.7,10182,1937,73.0,2.1,4.4,Medium,1.7000000000000002
21,Other,High,Healthy,26.6,0.0,3.8,7.1,12295,1735,57.0,2.3,4.4,Low,0.0
62,Male,Low,Unhealthy,20.8,14.0,2.4,3.3,2857,1081,62.0,1.3,4.6,Low,0.5999999999999996
43,Male,High,Average,23.7,260.0,2.4,8.4,20030,1984,51.0,1.1,3.9,Medium,0.5
45,Male,Medium,Unhealthy,24.8,131.0,2.6,6.1,6534,1420,66.0,1.9,4.3,Medium,0.9000000000000004
49,Female,Medium,Average,26.1,427.0,1.5,6.6,10433,1833,70.0,2.2,5.5,Low,1.7000000000000002
62,Female,Low,Average,25.1,59.0,1.0,12.6,4229,1718,67.0,1.4,4.0,Medium,1.0999999999999996
19,Male,Medium,Healthy,26.1,344.0,1.3,11.7,8263,1656,69.0,1.4,3.3,Medium,1.9000000000000004
48,Female,Medium,Unhealthy,24.6,102.0,3.5,2.0,6986,1730,64.0,2.5,7.1,Low,0.09999999999999964
20,Male,Medium,Healthy,26.1,239.0,2.2,7.9,7600,1344,68.0,1.5,4.3,Low,1.4000000000000004
25,Female,High,Healthy,23.2,75.0,3.1,7.4,19361,2005,50.0,2.2,5.2,Low,0.40000000000000036
41,Other,Medium,Healthy,23.6,283.0,2.3,7.9,9710,1585,63.0,1.3,4.2,Low,0.09999999999999964
32,Male,Low,Average,22.7,360.0,1.2,5.6,1955,934,78.0,2.0,4.0,Medium,1.0999999999999996
60,Female,Low,Unhealthy,32.7,237.0,3.2,7.0,2512,1684,81.0,1.1,3.6,Medium,0.7999999999999998
48,Female,Low,Unhealthy,30.9,486.0,1.8,4.3,4574,1899,82.0,1.4,4.1,Medium,1.7000000000000002
26,Male,High,Average,27.2,91.0,3.0,9.6,15916,1458,56.0,1.3,3.4,Medium,0.20000000000000018
56,Female,Low,Unhealthy,30.3,214.0,3.2,9.5,5150,1681,80.0,0.8,1.7,Medium,2.7
62,Female,Medium,Healthy,28.2,326.0,2.5,11.1,7846,1633,73.0,1.0,3.5,Low,1.4000000000000004
19,Male,Medium,Unhealthy,25.7,57.0,2.9,5.1,6301,1590,69.0,1.0,3.1,Low,1.4000000000000004
25,Male,High,Average,19.0,209.0,1.4,7.7,11570,1594,51.0,2.2,5.0,Low,0.40000000000000036
24,Male,Medium,Average,24.0,299.0,4.8,12.1,3398,1475,73.0,1.0,3.4,Medium,1.2000000000000002
68,Female,Medium,Healthy,20.5,371.0,3.1,4.5,2741,1370,71.0,1.7,4.2,Low,0.7000000000000002
56,Female,High,Average,19.1,69.0,3.2,7.8,13275,1413,50.0,2.1,5.7,Low,1.0999999999999996
59,Male,Low,Healthy,27.0,243.0,2.4,9.9,1342,918,79.0,1.3,2.7,Medium,1.5999999999999996
33,Male,Low,Average,26.3,2.0,2.6,5.3,3123,1574,68.0,2.2,5.5,Low,0.2999999999999998
52,Male,Low,Healthy,20.3,91.0,3.4,11.8,4864,1007,60.0,1.1,3.0,Medium,1.0
47,Female,Medium,Healthy,22.0,173.0,2.2,4.7,3426,1293,67.0,1.6,5.0,Low,0.40000000000000036
27,Other,Medium,Unhealthy,29.6,371.0,2.8,8.6,8705,1544,79.0,1.8,3.7,Medium,1.9000000000000004
55,Female,Low,Unhealthy,21.5,279.0,2.9,5.3,5307,1139,67.0,1.3,5.1,Low,0.40000000000000036
35,Male,Low,Unhealthy,25.7,206.0,1.9,5.8,3374,1535,73.0,2.0,4.3,Medium,1.0
67,Female,Medium,Average,24.2,267.0,2.9,9.1,13478,1660,61.0,1.0,3.6,Medium,1.2999999999999998
22,Female,Low,Average,27.0,278.0,1.1,6.5,1000,1056,81.0,1.8,3.6,Medium,1.7000000000000002
46,Male,Medium,Unhealthy,21.6,255.0,3.2,3.2,4574,992,67.0,2.5,5.0,Low,0.0
56,Female,Low,Average,25.4,113.0,3.8,5.0,3545,1637,72.0,1.9,4.5,Low,1.5
51,Male,Medium,Average,25.7,56.0,3.2,8.8,7434,1511,63.0,1.8,3.8,Low,2.2
60,Male,Medium,Healthy,25.9,166.0,3.7,8.0,8228,1558,63.0,1.6,3.5,Low,2.8
62,Male,Medium,Healthy,25.3,80.0,1.9,8.8,9856,1537,65.0,1.9,4.5,Low,0.40000000000000036
40,Male,Low,Unhealthy,26.4,293.0,2.3,5.5,2116,1100,80.0,1.5,4.0,Medium,1.5
22,Male,Low,Average,33.8,429.0,2.6,4.4,1962,1714,85.0,1.8,4.8,Low,1.7999999999999998
47,Male,High,Average,35.2,284.0,2.6,5.0,11916,2484,77.0,2.0,4.5,Low,0.5
23,Male,Medium,Healthy,22.4,0.0,2.2,5.1,10061,1366,56.0,1.9,3.8,Low,1.5
63,Female,Medium,Average,17.5,105.0,1.8,6.9,9618,882,52.0,2.3,5.0,Low,0.5999999999999996
61,Other,Medium,Average,27.4,202.0,3.9,4.0,7860,1839,72.0,1.4,5.2,Low,1.0
21,Female,Low,Average,25.7,0.0,1.8,9.7,3236,1431,68.0,2.0,3.7,Medium,0.5
46,Male,High,Average,29.2,204.0,3.8,8.3,13541,2039,63.0,2.0,4.7,Medium,0.40000000000000036
40,Male,Medium,Average,26.1,270.0,2.9,4.8,8724,1729,72.0,2.3,5.6,Low,0.2999999999999998
23,Male,Medium,Average,25.2,411.0,2.7,6.5,8197,1238,70.0,2.8,5.6,Low,0.5
49,Male,High,Unhealthy,29.5,472.0,2.9,4.8,9775,1843,73.0,1.3,3.3,Medium,1.2000000000000002
59,Female,Low,Unhealthy,30.1,21.0,3.7,6.6,1782,1624,83.0,2.3,5.6,Medium,1.0999999999999996
35,Female,Medium,Healthy,19.5,182.0,0.5,4.9,7482,1265,59.0,2.0,5.0,Low,1.2999999999999998
32,Female,High,Average,21.7,184.0,2.8,12.4,16174,1721,52.0,1.1,1.3,High,2.4000000000000004
57,Female,Medium,Average,24.6,93.0,2.6,3.0,5878,1696,63.0,2.1,4.4,Low,0.40000000000000036
49,Male,Low,Average,25.4,214.0,2.6,3.8,4611,1542,75.0,2.0,5.0,Low,0.7999999999999998
26,Male,Medium,Average,24.1,187.0,3.3,6.4,4422,1507,69.0,1.6,4.6,Low,0.7999999999999998
54,Female,Low,Healthy,26.7,292.0,2.0,7.2,4106,1467,79.0,1.3,3.0,Low,2.0999999999999996
27,Male,High,Average,29.0,403.0,1.6,7.3,11655,1404,68.0,0.9,2.9,Medium,2.5999999999999996
37,Male,Low,Average,31.9,219.0,1.4,9.3,1000,1569,87.0,1.3,3.1,Medium,3.0
23,Male,Medium,Unhealthy,27.3,126.0,1.8,8.1,6907,1636,64.0,2.5,4.8,Low,0.9000000000000004
65,Male,Medium,Healthy,21.6,46.0,3.0,4.7,5473,1260,63.0,1.2,4.1,Low,0.2999999999999998
20,Male,Low,Healthy,24.4,506.0,2.9,9.7,3585,1348,79.0,2.0,5.2,Low,0.5999999999999996
59,Female,High,Average,24.7,336.0,3.2,8.6,15237,1887,55.0,1.2,4.9,Low,0.09999999999999964
28,Female,Medium,Average,27.1,259.0,2.1,10.5,8913,1901,69.0,0.8,2.7,Low,2.7
60,Male,Medium,Average,26.6,175.0,2.2,7.1,4045,1320,82.0,1.6,3.2,Low,2.0
34,Male,Low,Unhealthy,33.2,441.0,3.8,9.7,4862,1813,83.0,1.9,4.3,Medium,1.5
49,Female,Medium,Average,23.2,176.0,3.3,2.0,8825,1820,64.0,2.0,4.8,Low,0.5
21,Male,Medium,Unhealthy,34.4,239.0,1.0,4.7,5463,1883,86.0,2.5,5.6,Low,0.09999999999999964
34,Male,Medium,Average,22.7,15.0,4.1,8.8,7183,985,62.0,1.3,4.2,Medium,0.7000000000000002
58,Male,Low,Average,25.6,240.0,2.4,5.2,6416,1485,69.0,2.3,4.6,Low,1.0
36,Female,High,Average,21.2,401.0,2.6,9.4,15789,1711,55.0,1.7,4.0,Medium,2.0999999999999996
22,Female,Medium,Average,25.3,0.0,2.9,9.0,9945,1299,65.0,1.9,3.9,Low,1.7000000000000002
49,Male,Medium,Average,21.9,65.0,2.6,5.5,6022,1377,62.0,1.2,4.1,Low,0.20000000000000018
39,Male,Medium,Average,29.2,329.0,2.4,7.6,6934,1601,78.0,1.5,3.7,Medium,2.4000000000000004
52,Male,High,Healthy,21.3,262.0,3.0,7.3,12004,1640,59.0,2.0,4.4,Medium,1.7000000000000002
39,Other,Medium,Unhealthy,28.4,262.0,3.2,8.9,10716,1740,67.0,1.8,3.2,Medium,2.2
18,Female,High,Healthy,25.7,333.0,3.5,6.2,12652,1749,67.0,1.5,4.1,Low,0.9000000000000004
37,Female,Medium,Healthy,28.8,103.0,1.6,2.9,6621,2014,71.0,1.3,4.8,Low,0.7000000000000002
39,Female,Medium,Average,20.4,0.0,2.1,8.5,8477,1336,60.0,1.5,3.8,Low,0.40000000000000036
65,Female,High,Average,26.5,259.0,3.2,9.7,12276,1546,61.0,2.6,4.4,Low,0.0
28,Female,Low,Average,28.1,0.0,1.2,2.8,4139,1342,68.0,1.7,4.4,Low,0.5
30,Male,Medium,Average,23.3,340.0,2.6,6.9,6862,1401,66.0,1.9,3.8,Medium,2.3
59,Male,Medium,Unhealthy,20.0,193.0,1.9,4.7,8381,1560,61.0,1.6,4.1,Low,1.0999999999999996
20,Female,High,Average,24.8,155.0,2.9,9.8,12859,1656,55.0,2.7,4.4,Medium,0.09999999999999964
26,Male,Low,Average,29.9,303.0,1.8,10.0,2323,1369,76.0,1.2,2.5,Medium,2.4000000000000004
29,Other,Low,Unhealthy,29.5,0.0,2.2,5.0,5581,1700,71.0,1.5,3.4,Low,1.4000000000000004
40,Female,Low,Healthy,23.3,169.0,2.3,3.7,6726,1499,66.0,1.3,3.7,Low,1.9000000000000004
31,Female,Medium,Unhealthy,19.9,267.0,2.7,7.6,8995,1458,59.0,2.7,5.1,Low,0.20000000000000018
50,Male,Low,Average,23.3,237.0,3.3,4.2,1747,894,71.0,1.2,3.2,Medium,2.7
35,Female,Medium,Unhealthy,23.1,126.0,3.3,9.1,7543,1519,67.0,1.8,2.7,Medium,2.0999999999999996
58,Other,Medium,Unhealthy,24.6,431.0,1.6,11.0,4629,1327,77.0,1.0,2.4,High,2.3
26,Male,Low,Average,22.0,336.0,4.6,11.1,3195,1455,77.0,1.9,3.1,High,2.3
40,Female,High,Average,29.4,100.0,2.4,10.9,9785,1951,64.0,1.7,3.3,Low,0.7000000000000002
27,Female,Medium,Average,25.6,402.0,2.7,8.0,5940,1346,74.0,1.8,3.2,Medium,2.0
36,Male,Low,Unhealthy,26.7,313.0,2.7,4.6,4509,1609,80.0,1.4,4.0,Low,1.9000000000000004
64,Male,Medium,Average,18.1,273.0,2.8,3.3,7901,843,60.0,2.1,3.8,Low,1.2000000000000002
22,Other,Medium,Average,17.5,278.0,1.8,8.5,5809,1011,67.0,1.5,2.3,Medium,2.4000000000000004
64,Male,Medium,Average,19.2,28.0,2.9,8.7,7865,1192,51.0,2.3,4.8,Low,0.20000000000000018
69,Female,Medium,Average,23.1,425.0,4.0,7.7,7275,1578,64.0,2.3,4.8,Medium,0.5
40,Male,Low,Average,27.3,342.0,0.9,3.7,5324,2185,75.0,1.0,3.0,Medium,2.5
47,Female,High,Average,17.5,236.0,2.5,5.0,7778,1127,60.0,1.7,4.7,Low,0.09999999999999964
42,Female,Medium,Healthy,31.4,236.0,1.6,7.2,6518,2123,79.0,1.5,3.7,Low,1.0999999999999996
45,Male,Medium,Unhealthy,25.7,186.0,3.3,5.5,11034,1997,62.0,1.9,3.9,Medium,0.9000000000000004
62,Female,Low,Average,21.5,280.0,2.4,4.6,2378,1437,74.0,1.2,3.8,Low,1.5999999999999996
65,Male,Low,Healthy,27.0,80.0,2.5,6.7,3222,1337,74.0,1.2,4.9,Low,0.09999999999999964
42,Female,Low,Unhealthy,28.3,214.0,0.6,4.9,4603,2058,76.0,1.7,5.9,Low,0.7999999999999998
27,Male,Low,Average,24.1,257.0,2.3,7.0,2406,1404,73.0,1.0,2.5,Medium,2.5
31,Male,Medium,Average,26.9,341.0,2.3,7.6,7831,1529,71.0,1.2,3.9,Medium,1.4000000000000004
59,Female,Medium,Healthy,29.4,260.0,2.5,7.9,7296,1850,71.0,1.5,3.6,Medium,1.7000000000000002
63,Male,Medium,Average,22.4,304.0,0.5,4.6,8899,1170,64.0,1.4,5.6,Low,1.0999999999999996
47,Male,Medium,Average,26.0,0.0,1.1,6.2,7916,1829,61.0,1.2,4.6,Low,0.5999999999999996
58,Male,High,Healthy,17.5,269.0,1.3,7.0,14589,1329,50.0,2.4,5.0,Medium,0.7999999999999998
42,Female,High,Average,27.8,211.0,2.6,7.3,13035,1419,61.0,2.6,5.7,Low,0.09999999999999964
31,Female,Low,Unhealthy,32.8,255.0,3.0,3.7,5983,1807,75.0,1.1,4.0,Low,1.4000000000000004
52,Female,Medium,Healthy,20.0,120.0,1.6,6.1,7914,1213,61.0,1.5,4.4,Low,0.09999999999999964
69,Male,Low,Average,24.6,372.0,2.3,8.5,3060,1452,79.0,1.8,3.9,Medium,1.9000000000000004
65,Male,Low,Unhealthy,28.5,237.0,2.0,5.5,5590,1417,78.0,1.2,4.2,Low,0.40000000000000036
51,Male,Medium,Unhealthy,25.1,88.0,4.1,7.9,9181,1691,61.0,2.6,4.8,Low,0.2999999999999998
27,Male,Medium,Healthy,25.7,114.0,2.2,7.0,6180,1396,70.0,1.1,4.5,Low,0.5999999999999996
52,Female,Medium,Average,23.4,335.0,2.2,5.9,1000,1195,74.0,1.6,3.3,Medium,1.7000000000000002
28,Male,Medium,Unhealthy,23.3,187.0,1.8,10.2,9080,1741,61.0,1.2,2.6,Medium,2.9000000000000004
28,Male,Low,Healthy,24.7,199.0,1.0,6.2,3346,1588,76.0,1.8,4.4,Low,0.7000000000000002
38,Male,High,Average,25.2,170.0,3.0,6.5,14127,2080,60.0,2.1,4.4,Low,0.9000000000000004
38,Female,Low,Average,20.3,351.0,2.3,5.8,5773,1093,68.0,1.1,4.2,Medium,1.2000000000000002
39,Female,Low,Average,24.7,272.0,2.2,10.7,2570,1397,78.0,1.9,3.0,Medium,0.9000000000000004
62,Female,Low,Average,31.3,21.0,2.6,10.5,2312,1725,78.0,2.0,3.1,Medium,1.7000000000000002
24,Female,High,Unhealthy,23.3,53.0,1.2,9.9,9811,1807,62.0,2.2,4.0,Low,0.5999999999999996
34,Female,Medium,Average,20.1,200.0,3.9,9.2,12406,1435,51.0,1.2,2.1,Medium,2.7
19,Male,Medium,Average,24.4,103.0,1.0,4.8,10383,1337,61.0,1.4,5.2,Low,0.40000000000000036
29,Male,Medium,Average,22.1,0.0,3.9,5.9,9343,1648,61.0,2.0,4.1,Medium,1.0999999999999996
59,Female,Medium,Average,19.6,88.0,2.5,5.1,4146,1414,62.0,1.2,4.4,Low,2.5
35,Female,High,Healthy,25.6,158.0,2.2,9.6,9728,1732,64.0,2.3,4.1,Low,0.5
28,Female,Medium,Unhealthy,22.2,139.0,3.0,12.8,9405,1267,61.0,1.3,3.5,Low,0.5
33,Female,High,Average,22.5,308.0,2.2,8.7,15204,2166,58.0,1.1,4.0,Medium,1.0
66,Female,Medium,Average,25.6,0.0,3.2,11.2,7456,1602,62.0,1.5,2.5,Low,2.0999999999999996
35,Female,Medium,Healthy,18.0,319.0,3.1,7.8,10110,1523,60.0,2.0,4.2,Low,1.7000000000000002
52,Female,High,Average,27.7,99.0,3.3,5.5,19375,2492,54.0,1.4,5.6,Low,0.09999999999999964
43,Male,Medium,Healthy,17.5,18.0,2.4,8.5,8877,908,52.0,2.1,3.1,Low,1.7000000000000002
33,Female,Medium,Average,21.1,97.0,3.3,9.3,6488,1422,61.0,1.2,3.1,Medium,2.4000000000000004
23,Female,Medium,Healthy,17.8,266.0,2.9,9.6,11048,1591,55.0,2.2,4.5,Medium,1.2999999999999998
61,Male,Medium,Unhealthy,23.1,161.0,3.6,7.3,8337,1467,61.0,1.3,3.7,Medium,1.5
60,Female,Low,Average,26.7,91.0,2.2,7.5,6444,1622,70.0,1.5,4.4,Medium,1.5
64,Female,Medium,Average,25.4,272.0,3.6,6.8,7283,1535,70.0,1.4,4.2,Medium,0.5
64,Male,Medium,Average,34.6,256.0,1.9,5.6,12124,2521,66.0,1.0,3.3,Low,1.5
65,Female,Low,Healthy,29.3,10.0,0.9,9.2,3327,1377,76.0,2.0,3.7,Low,0.7000000000000002
59,Male,Medium,Unhealthy,21.3,214.0,1.4,2.3,6677,1280,63.0,2.1,5.3,Low,1.0999999999999996
29,Female,Medium,Healthy,20.2,5.0,2.2,2.8,9658,1826,55.0,2.6,5.9,Low,0.6999999999999993
30,Female,Low,Average,35.8,375.0,2.7,5.6,3890,1821,94.0,2.8,5.3,Medium,0.09999999999999964
21,Male,Low,Healthy,29.3,384.0,2.5,3.8,4581,1339,78.0,2.5,5.7,Low,0.5999999999999996
56,Male,High,Unhealthy,27.4,156.0,3.1,9.7,10944,1805,63.0,1.1,3.8,Low,1.5999999999999996
19,Female,Medium,Average,25.3,359.0,1.5,5.9,5998,1720,72.0,2.0,4.5,Medium,0.5999999999999996
43,Male,Low,Healthy,26.1,86.0,3.9,9.2,3427,1434,68.0,1.7,3.2,Low,1.2000000000000002
44,Male,High,Average,19.1,179.0,3.6,10.3,15075,1460,50.0,1.4,4.3,Medium,0.5999999999999996
44,Female,Medium,Unhealthy,25.6,112.0,3.2,7.2,6444,1637,69.0,2.0,5.1,Low,1.2999999999999998
32,Male,Medium,Average,25.3,196.0,3.5,7.8,10138,2168,62.0,1.6,3.2,Low,1.5
25,Male,Medium,Average,21.4,209.0,1.3,10.1,7785,1330,64.0,1.9,3.4,Medium,1.2999999999999998
24,Female,Low,Average,22.8,199.0,3.1,9.5,6560,1816,70.0,1.3,5.1,Medium,0.09999999999999964
64,Female,High,Healthy,31.1,186.0,3.1,2.0,10843,2071,67.0,1.4,5.2,Low,0.1999999999999993
63,Female,Medium,Healthy,24.5,219.0,3.3,6.0,8684,1399,65.0,1.6,5.2,Low,1.2000000000000002
57,Female,Medium,Average,33.3,388.0,3.2,8.3,8918,2354,78.0,0.9,2.8,High,2.2
30,Male,Low,Unhealthy,22.9,488.0,2.8,4.5,3926,990,78.0,2.5,4.7,Medium,0.20000000000000018
60,Male,Low,Average,18.8,147.0,3.5,2.7,5270,1209,65.0,1.7,3.7,Low,1.0
34,Female,Low,Healthy,20.2,188.0,2.0,8.5,2146,1002,69.0,1.9,3.7,Medium,1.5999999999999996
34,Female,Low,Average,21.7,399.0,2.8,4.9,4424,1624,77.0,1.1,3.7,Low,2.2
53,Female,Medium,Average,26.3,291.0,2.1,6.7,6027,1637,76.0,1.7,4.7,Low,0.7000000000000002
38,Female,Medium,Average,26.1,280.0,2.4,7.4,6841,1471,68.0,2.2,5.2,Low,0.9000000000000004
25,Female,Low,Average,22.3,386.0,0.5,6.6,4402,1464,69.0,1.2,4.1,Medium,0.2999999999999998
22,Male,Low,Healthy,17.5,175.0,1.8,4.7,5422,1092,61.0,1.7,5.1,Low,0.20000000000000018
43,Male,Low,Healthy,30.9,337.0,2.2,6.8,1939,1687,87.0,1.6,3.9,Medium,1.5
33,Male,High,Average,23.9,10.0,2.2,5.6,18952,1476,50.0,2.5,5.3,Low,1.0999999999999996
53,Male,Medium,Healthy,20.5,262.0,2.2,11.1,10004,1194,57.0,1.3,3.7,Low,0.5999999999999996
45,Female,Medium,Average,26.1,284.0,1.6,7.5,8087,1674,72.0,2.3,5.3,Low,1.2000000000000002
46,Male,Medium,Average,25.8,371.0,2.2,13.4,5864,1268,75.0,1.8,3.4,High,1.7999999999999998
64,Female,Medium,Unhealthy,23.7,306.0,3.4,3.7,11057,1508,62.0,0.9,3.8,Low,2.3
29,Female,Low,Unhealthy,25.6,230.0,2.3,6.2,4693,1653,71.0,1.7,4.0,Medium,0.9000000000000004
54,Male,High,Unhealthy,20.4,152.0,3.5,6.2,15384,1738,50.0,2.5,4.8,Low,0.40000000000000036
47,Male,Medium,Unhealthy,28.0,150.0,3.5,5.1,6644,1899,69.0,2.3,4.9,Low,0.9000000000000004
40,Male,Medium,Unhealthy,21.0,151.0,2.0,6.1,8388,1388,63.0,2.4,5.1,Low,0.5999999999999996
33,Male,Medium,Average,22.6,5.0,3.0,5.8,6747,1263,64.0,1.1,3.7,Low,1.4000000000000004
31,Female,Medium,Unhealthy,27.6,461.0,1.4,4.6,10430,2079,68.0,2.1,5.4,Low,0.5
27,Male,Low,Average,29.8,349.0,1.7,11.5,5859,1733,76.0,1.6,2.8,High,1.2999999999999998
24,Female,Low,Unhealthy,31.3,238.0,2.6,6.8,3769,1501,85.0,1.7,4.2,Medium,0.5999999999999996
62,Female,Medium,Healthy,29.2,322.0,2.9,9.3,6829,2059,78.0,1.6,3.9,Medium,1.0
69,Female,Low,Average,23.7,312.0,3.8,9.5,5187,1406,73.0,2.3,4.3,Medium,0.7999999999999998
54,Female,Low,Unhealthy,18.8,51.0,2.4,10.6,4977,1334,64.0,2.1,4.5,Low,1.0999999999999996
20,Male,High,Healthy,30.5,390.0,2.6,10.2,13125,2245,69.0,1.7,2.9,Medium,2.5999999999999996
32,Male,High,Average,22.3,98.0,3.9,6.8,20578,2067,50.0,2.4,6.1,Low,0.40000000000000036
53,Male,Low,Average,28.7,0.0,3.6,12.1,3987,1533,78.0,1.1,2.6,Medium,0.7999999999999998
64,Female,Low,Average,23.7,25.0,2.8,8.3,4352,1286,69.0,1.0,3.0,Low,1.9000000000000004
63,Female,Medium,Average,31.0,185.0,3.1,4.1,9090,2056,72.0,2.1,5.3,Low,1.7999999999999998
69,Male,High,Healthy,22.9,17.0,2.8,10.1,12323,1661,55.0,1.5,4.0,Medium,2.0999999999999996
30,Male,High,Average,28.1,101.0,3.2,3.8,15134,1923,55.0,3.0,5.7,Low,0.8000000000000007
59,Female,Medium,Average,32.2,199.0,2.3,8.9,10250,1966,69.0,1.7,3.1,Medium,2.5
38,Female,Low,Unhealthy,23.1,123.0,2.6,11.0,1472,912,79.0,1.4,3.3,High,1.2999999999999998
54,Female,Low,Average,26.6,194.0,2.6,8.2,4531,1613,72.0,1.0,2.8,Medium,2.5
44,Female,Low,Average,21.1,290.0,2.6,4.6,4314,1099,72.0,0.9,4.2,Low,2.2
69,Male,Medium,Unhealthy,28.4,56.0,2.1,9.5,5165,1648,65.0,1.1,2.8,Medium,1.7000000000000002
46,Male,Low,Unhealthy,28.6,242.0,2.8,8.7,3600,1561,77.0,2.6,5.1,Medium,0.09999999999999964
37,Male,Medium,Average,34.6,72.0,2.1,6.4,8788,2121,74.0,1.9,4.2,Low,1.5
19,Female,Medium,Unhealthy,27.2,227.0,3.5,7.5,7069,1628,72.0,1.9,4.5,Medium,1.4000000000000004
39,Female,High,Average,23.5,385.0,3.1,10.0,20016,1981,50.0,1.6,3.6,Medium,1.7999999999999998
49,Male,High,Average,25.5,196.0,3.4,10.8,14984,1702,55.0,1.7,3.7,Medium,1.5
33,Male,Low,Average,25.7,105.0,3.9,5.7,4464,1267,67.0,2.1,4.4,Low,0.5
35,Female,Medium,Unhealthy,23.6,339.0,2.0,3.0,5345,1280,68.0,1.7,5.6,Low,1.0
22,Female,Low,Average,25.3,249.0,3.1,5.2,3526,1441,71.0,1.8,4.3,Low,1.7999999999999998
53,Male,Medium,Average,23.5,332.0,3.1,9.0,6942,1235,68.0,1.9,3.8,Medium,1.0999999999999996
62,Female,High,Healthy,29.3,3.0,3.2,9.7,13035,1864,59.0,1.3,3.7,Low,0.20000000000000018
36,Male,Low,Average,25.7,536.0,2.6,5.1,3073,1406,80.0,1.4,4.4,High,0.5999999999999996
40,Female,Medium,Average,26.4,109.0,3.0,5.6,7543,1755,65.0,2.1,3.0,Low,1.2000000000000002
51,Male,High,Average,19.2,25.0,1.4,6.6,10751,1095,53.0,1.6,5.4,Low,0.20000000000000018
30,Female,Medium,Unhealthy,26.7,307.0,2.5,9.4,9190,1975,65.0,1.8,3.6,Medium,2.5
60,Female,Low,Average,27.1,58.0,3.1,3.0,5207,1386,67.0,1.2,4.4,Low,2.3
46,Other,Medium,Healthy,23.4,141.0,3.3,7.7,8996,1795,65.0,1.7,3.7,Low,1.7000000000000002
53,Male,Low,Average,33.3,218.0,1.8,7.7,5283,1980,82.0,2.1,4.6,Medium,1.5999999999999996
39,Male,Low,Healthy,17.5,178.0,2.4,4.5,5178,721,62.0,2.0,4.8,Low,1.7000000000000002
69,Male,Medium,Healthy,28.1,145.0,1.6,7.9,5431,1591,76.0,2.1,4.3,Medium,1.2999999999999998
69,Male,Low,Average,27.9,438.0,2.2,6.6,6238,1487,78.0,1.7,3.4,High,2.5
64,Female,Medium,Unhealthy,27.2,183.0,2.8,4.2,9738,2077,63.0,2.5,6.0,Low,0.6999999999999993
53,Female,Medium,Unhealthy,25.7,65.0,3.3,6.8,4181,1494,72.0,1.8,4.2,Low,1.9000000000000004
26,Male,Medium,Average,27.2,346.0,3.2,4.4,6479,1231,76.0,2.1,4.8,Low,1.7999999999999998
56,Male,Low,Average,28.5,91.0,2.7,5.4,2151,1763,73.0,2.1,4.4,Low,1.2999999999999998
68,Male,Low,Unhealthy,22.1,183.0,2.0,9.2,4650,1400,69.0,1.3,3.6,Medium,0.5999999999999996
36,Male,Low,Average,26.2,64.0,2.4,6.2,3198,1521,74.0,1.5,4.6,Low,0.20000000000000018
55,Male,Low,Average,24.3,231.0,4.5,9.1,4035,1380,74.0,1.4,3.7,High,1.4000000000000004
23,Male,Medium,Average,20.6,205.0,1.4,6.6,11469,1204,59.0,1.1,4.1,Low,1.5999999999999996
69,Female,Medium,Healthy,27.9,195.0,1.5,4.6,10888,2146,67.0,1.6,3.1,Low,3.0
32,Female,Medium,Unhealthy,19.0,322.0,3.1,8.4,8915,1594,57.0,1.5,3.5,Medium,1.5
37,Female,Low,Average,22.8,305.0,3.2,3.9,6740,1412,72.0,1.6,4.3,Low,1.2999999999999998
26,Male,Low,Healthy,21.8,44.0,2.7,9.8,2627,1157,62.0,1.9,4.1,Low,0.2999999999999998
49,Female,High,Average,29.1,98.0,1.3,10.8,16903,1785,59.0,1.4,4.7,Low,0.5
21,Female,Medium,Average,25.6,338.0,2.3,8.6,7663,1444,68.0,1.7,4.3,Medium,2.0999999999999996
67,Female,Medium,Unhealthy,30.5,82.0,1.1,7.2,6118,2034,77.0,2.5,5.2,Low,0.40000000000000036
35,Male,Low,Healthy,22.3,273.0,2.8,12.0,6271,1510,69.0,1.5,2.2,High,3.0
22,Male,Low,Average,28.5,325.0,2.9,8.3,3357,1664,79.0,1.4,4.0,Medium,1.2999999999999998
37,Female,Low,Average,36.4,0.0,2.4,7.5,3775,2089,82.0,1.2,4.2,Low,0.0
40,Female,High,Unhealthy,26.4,139.0,1.6,11.2,12935,1838,58.0,1.3,3.7,Medium,0.5
28,Male,Low,Average,28.4,322.0,1.8,11.0,5580,1549,79.0,1.6,3.0,High,2.3
54,Male,Medium,Unhealthy,27.8,177.0,1.2,3.4,9966,1628,62.0,2.4,5.1,Low,0.09999999999999964
39,Male,Medium,Healthy,19.3,139.0,2.5,5.7,6516,1134,60.0,1.4,2.7,Low,2.3
21,Male,Medium,Healthy,27.3,324.0,5.0,8.5,8231,1722,73.0,0.9,2.0,Medium,2.4000000000000004
46,Female,Low,Average,26.2,365.0,2.4,10.1,4553,1337,71.0,1.4,3.2,Medium,2.5
61,Male,Medium,Average,24.0,98.0,2.2,4.1,9950,1601,56.0,1.9,4.3,Low,2.0999999999999996
51,Male,Low,Average,21.5,465.0,2.7,9.3,3088,1214,79.0,1.2,4.1,Medium,1.0
30,Female,High,Healthy,27.8,0.0,1.6,6.0,18147,2079,50.0,3.0,6.2,Low,1.0
59,Male,Low,Average,21.1,0.0,1.6,8.8,5221,935,59.0,2.3,5.2,Medium,1.0999999999999996
26,Female,Low,Average,33.5,131.0,2.0,5.6,2575,1567,88.0,2.3,5.3,Medium,0.09999999999999964
59,Female,Medium,Average,25.5,149.0,3.2,2.0,8969,1601,66.0,1.1,4.3,Low,1.2999999999999998
48,Male,High,Healthy,20.1,156.0,2.8,2.6,15467,1196,52.0,1.7,4.6,Low,0.40000000000000036
24,Female,Low,Unhealthy,22.9,119.0,2.4,4.2,2936,1467,68.0,2.3,5.0,Low,1.0
21,Female,Medium,Average,23.9,91.0,3.1,5.5,8853,1809,58.0,1.9,4.4,Low,1.7000000000000002
36,Male,Low,Average,34.6,166.0,3.9,7.0,4003,2060,84.0,1.8,4.3,Medium,0.7000000000000002
59,Male,Low,Average,21.5,111.0,3.1,5.7,1703,1199,71.0,1.3,4.4,Low,0.9000000000000004
47,Female,Medium,Average,24.5,302.0,1.7,6.9,1608,1042,73.0,1.6,3.9,Medium,1.7000000000000002
52,Female,Medium,Average,27.0,166.0,1.1,7.0,7751,1941,66.0,2.1,4.7,Low,0.40000000000000036
38,Male,Medium,Unhealthy,22.9,189.0,3.2,9.3,8215,1246,64.0,1.9,3.7,Low,1.7000000000000002
36,Male,Low,Healthy,24.2,127.0,3.2,8.4,3102,1497,71.0,1.1,4.7,Medium,0.5999999999999996
48,Female,Medium,Healthy,23.8,8.0,2.1,8.8,12336,1471,58.0,2.1,4.3,Low,0.7000000000000002
49,Female,High,Healthy,22.6,53.0,2.8,6.6,21253,1778,50.0,1.9,4.5,Low,0.20000000000000018
19,Female,Medium,Average,22.8,165.0,3.1,2.5,4289,1210,71.0,2.1,6.1,Low,0.9000000000000004
69,Female,Low,Healthy,29.7,272.0,1.9,7.6,4086,1637,82.0,1.4,3.7,Low,1.0999999999999996
27,Female,Medium,Unhealthy,23.7,331.0,3.2,5.3,11736,1579,64.0,1.2,3.3,Low,1.2999999999999998
19,Female,High,Average,20.5,447.0,2.0,9.2,14593,1048,57.0,1.6,3.7,Medium,2.0
19,Male,Medium,Average,23.2,310.0,1.9,10.4,9368,1274,70.0,2.1,2.9,Medium,1.4000000000000004
41,Female,High,Average,25.2,67.0,3.2,6.4,13491,1798,56.0,2.8,4.9,Low,0.09999999999999964
34,Female,Medium,Unhealthy,19.7,169.0,3.0,7.4,9030,1384,60.0,2.3,4.8,Medium,0.3000000000000007
49,Male,Low,Healthy,31.5,0.0,2.9,8.7,6168,2002,69.0,1.5,4.2,Low,1.0999999999999996
33,Female,Low,Average,28.5,153.0,1.6,5.0,4782,1483,77.0,1.7,4.9,Medium,0.5999999999999996
63,Female,Low,Average,26.6,0.0,3.1,3.1,3053,1453,71.0,2.0,5.6,Low,0.09999999999999964
56,Female,High,Average,17.5,516.0,4.3,9.6,16320,1360,55.0,1.8,3.8,Medium,1.0
48,Male,Medium,Healthy,31.1,143.0,3.9,11.2,7864,1993,70.0,1.1,2.0,Medium,1.9000000000000004
60,Female,Medium,Average,21.5,0.0,2.1,7.2,6909,1447,57.0,1.9,4.2,Low,0.7000000000000002
41,Male,Medium,Unhealthy,21.9,158.0,2.0,5.1,5819,1791,66.0,2.5,5.3,Low,0.7999999999999998
18,Female,Medium,Healthy,25.6,447.0,3.9,7.7,6006,1733,76.0,1.4,3.1,Low,1.4000000000000004
28,Male,Low,Average,30.5,486.0,3.0,3.8,2927,1333,85.0,1.4,4.9,Medium,0.5
38,Male,High,Healthy,29.2,208.0,2.1,5.9,15370,2261,57.0,2.1,5.4,Low,0.6999999999999993
21,Male,Medium,Average,28.6,214.0,2.6,6.0,6965,1422,76.0,1.5,3.6,Low,2.2
24,Male,Medium,Average,23.8,383.0,1.5,5.7,8355,1819,63.0,2.6,5.0,Low,0.5999999999999996
43,Female,High,Average,23.7,177.0,3.3,7.5,14472,1704,56.0,1.3,3.4,Medium,1.4000000000000004
64,Female,Medium,Average,26.4,269.0,3.6,8.1,9537,1764,65.0,1.8,3.5,Medium,0.9000000000000004
67,Male,High,Healthy,24.5,325.0,3.7,7.0,11534,1949,64.0,1.7,2.9,Low,0.5999999999999996
29,Male,High,Average,28.6,38.0,3.4,9.3,18849,2278,51.0,2.1,4.6,Low,1.0999999999999996
48,Male,Low,Average,28.3,430.0,2.2,8.0,1361,1631,90.0,2.5,4.8,High,0.40000000000000036
34,Female,Low,Healthy,27.4,68.0,3.2,5.8,3511,1380,78.0,2.1,4.8,Low,1.0999999999999996
50,Female,High,Average,17.5,104.0,3.7,6.7,12725,1197,50.0,1.6,5.1,Low,0.40000000000000036
28,Male,Medium,Healthy,25.5,214.0,3.3,6.8,6420,1537,73.0,1.9,4.5,Low,1.0999999999999996
45,Female,Low,Unhealthy,24.6,340.0,3.2,6.0,1000,1401,74.0,1.1,4.4,Medium,2.5999999999999996
49,Male,Medium,Healthy,25.7,301.0,2.7,8.3,10426,1681,65.0,2.2,4.2,Low,1.5999999999999996
18,Female,Medium,Average,22.0,192.0,1.8,2.0,9658,1814,59.0,2.1,6.1,Low,0.0
64,Female,Medium,Average,19.7,242.0,4.0,7.1,8997,1458,53.0,1.5,3.4,Low,1.5
45,Female,High,Average,26.9,360.0,2.5,7.8,11821,1757,65.0,1.7,3.9,Medium,1.7999999999999998
59,Female,High,Average,23.6,201.0,3.5,8.5,12483,1648,62.0,2.1,5.5,Low,0.2999999999999998
24,Female,High,Average,27.3,78.0,4.5,9.8,12991,1774,60.0,2.4,4.4,Medium,0.9000000000000004
59,Female,Medium,Healthy,30.7,336.0,3.4,9.1,9590,1840,70.0,1.6,3.1,Low,2.7
21,Male,Low,Unhealthy,26.2,0.0,1.9,7.7,2714,1724,71.0,2.3,4.6,Medium,0.40000000000000036
61,Male,High,Average,24.1,154.0,3.5,3.5,14439,1873,56.0,1.3,5.0,Medium,0.5
36,Female,Medium,Average,28.4,188.0,2.1,9.7,8085,1733,72.0,2.1,3.9,Medium,2.0
43,Male,High,Unhealthy,26.6,329.0,1.4,7.2,15510,1906,60.0,2.5,5.7,Low,1.0
28,Male,Low,Healthy,26.0,0.0,1.2,6.4,6083,1807,65.0,2.6,4.6,Low,0.5
57,Male,High,Average,29.2,251.0,2.3,4.1,12779,2049,64.0,1.8,4.7,Low,1.0999999999999996
67,Male,Low,Average,30.7,372.0,2.3,2.0,5398,1902,79.0,1.2,5.5,Medium,0.7000000000000002
60,Female,Low,Average,20.0,77.0,3.3,11.8,4213,1052,62.0,2.2,2.8,High,1.4000000000000004
28,Female,Medium,Healthy,20.8,212.0,1.7,7.8,10048,1176,56.0,2.5,4.7,Low,0.2999999999999998
62,Female,Medium,Unhealthy,21.9,0.0,3.6,4.2,10464,1770,57.0,2.3,5.8,Low,1.4000000000000004
20,Female,Medium,Average,19.0,330.0,1.5,3.8,6485,1422,64.0,1.5,4.6,Low,1.0999999999999996
29,Female,High,Healthy,24.7,319.0,1.6,6.3,19938,1821,52.0,1.4,4.0,Medium,0.20000000000000018
20,Female,Medium,Healthy,27.4,197.0,2.6,9.0,8362,1871,68.0,2.1,3.4,Low,1.7000000000000002
59,Male,Low,Healthy,24.9,0.0,2.5,8.6,2279,1609,71.0,1.6,3.8,Low,1.9000000000000004
44,Female,Low,Unhealthy,22.9,300.0,3.0,8.7,2291,1158,69.0,2.0,3.7,Medium,1.4000000000000004
66,Male,Medium,Average,29.5,163.0,1.6,4.8,10946,1903,69.0,1.6,4.2,Low,2.3
66,Female,Medium,Unhealthy,26.4,316.0,1.2,7.3,10193,1980,68.0,1.2,4.5,Low,0.5
33,Male,Low,Unhealthy,29.6,374.0,0.7,6.9,3188,1460,85.0,1.5,3.5,Medium,1.2000000000000002
19,Male,Medium,Average,24.5,400.0,4.0,8.4,7252,1386,76.0,0.7,3.0,Medium,3.0999999999999996
47,Male,Low,Average,33.2,8.0,3.3,10.9,1636,1679,80.0,1.3,3.5,High,1.0999999999999996
37,Male,Medium,Average,23.2,0.0,2.5,7.5,7416,1509,65.0,2.0,4.4,Low,1.9000000000000004
45,Male,Low,Average,21.1,277.0,2.1,3.4,6250,1054,65.0,2.3,5.4,Medium,0.09999999999999964
42,Female,High,Healthy,27.1,58.0,2.9,7.4,13173,1760,55.0,2.3,4.7,Low,0.40000000000000036
49,Female,Medium,Unhealthy,22.4,0.0,2.1,5.4,7332,1039,61.0,2.1,4.5,Low,1.9000000000000004
27,Male,Medium,Healthy,29.5,308.0,3.7,8.1,8578,1970,77.0,1.0,3.4,Medium,2.7
59,Female,Medium,Healthy,23.1,148.0,3.0,7.9,9701,1553,57.0,1.5,3.1,Medium,2.4000000000000004
57,Male,High,Average,26.2,293.0,1.8,10.9,18658,2012,50.0,1.4,2.3,Medium,1.9000000000000004
50,Male,Medium,Healthy,22.4,202.0,1.2,7.5,6601,1298,67.0,1.3,2.4,Low,2.0999999999999996
58,Female,Low,Healthy,22.4,190.0,3.2,5.4,4205,1369,71.0,1.6,5.3,Low,0.1999999999999993
59,Male,Low,Healthy,31.7,146.0,3.1,3.4,3600,1490,81.0,1.9,5.0,Low,1.0999999999999996
64,Female,Low,Average,21.0,131.0,3.8,9.7,3069,1025,69.0,1.4,3.2,Medium,1.7999999999999998
33,Female,Medium,Average,28.8,272.0,2.6,6.2,5563,1148,76.0,2.3,5.7,Low,0.7000000000000002
62,Female,High,Average,22.6,387.0,3.1,2.2,12181,1973,63.0,1.5,6.3,Low,0.40000000000000036
39,Female,Low,Average,25.0,124.0,3.5,10.4,2150,1471,70.0,2.0,5.0,Low,0.09999999999999964
37,Male,Medium,Average,23.7,479.0,3.0,10.0,8024,1343,70.0,1.1,3.0,High,2.5
67,Male,High,Healthy,19.7,256.0,2.5,6.7,12825,1545,53.0,2.4,4.3,Medium,0.9000000000000004
60,Female,Low,Healthy,24.7,238.0,3.3,9.7,3181,1129,73.0,1.3,3.6,Medium,3.0999999999999996
44,Female,Medium,Unhealthy,30.1,298.0,2.6,6.9,8031,1926,76.0,1.6,4.2,Medium,2.3
58,Male,High,Average,29.0,346.0,2.1,7.5,6579,2193,79.0,1.8,4.2,Medium,1.2000000000000002
33,Male,High,Healthy,25.9,131.0,2.6,2.9,13048,2007,61.0,2.4,4.7,Low,0.7000000000000002
51,Male,High,Unhealthy,29.4,283.0,2.2,10.1,14583,1657,66.0,1.3,3.5,Medium,1.7999999999999998
49,Male,High,Average,20.8,356.0,2.4,2.6,16924,1410,52.0,1.8,5.2,Low,1.2000000000000002
43,Male,Medium,Healthy,23.7,143.0,1.8,11.3,9218,1256,58.0,1.4,3.5,Medium,0.7999999999999998
42,Female,Low,Unhealthy,26.6,200.0,3.3,11.6,5905,1482,71.0,1.0,1.5,High,2.8
19,Female,Medium,Average,24.5,84.0,2.7,2.0,5133,1417,69.0,2.2,5.8,Low,0.8000000000000007
29,Female,High,Unhealthy,24.0,126.0,3.1,10.9,17139,2167,51.0,1.3,3.2,Medium,1.7999999999999998
57,Female,Medium,Healthy,20.2,147.0,2.9,6.4,8597,1082,61.0,2.5,5.9,Low,0.3000000000000007
26,Female,Low,Healthy,17.5,64.0,1.8,8.1,3194,1007,63.0,0.9,3.0,Low,2.0999999999999996
29,Male,Medium,Average,28.3,190.0,3.6,3.5,8216,1216,70.0,1.1,3.6,Low,1.7999999999999998
26,Female,Low,Healthy,28.6,264.0,2.2,4.0,4217,1330,77.0,1.2,5.3,Low,1.0
27,Female,Medium,Average,23.3,78.0,2.7,5.0,8160,1063,65.0,1.7,5.0,Low,0.0
49,Male,Medium,Healthy,22.1,109.0,2.7,10.1,9718,1645,58.0,1.6,2.8,Low,2.0999999999999996
51,Other,Medium,Unhealthy,25.0,327.0,4.6,9.5,7562,1421,72.0,1.2,2.2,Medium,1.9000000000000004
65,Male,Medium,Average,28.4,108.0,3.0,9.1,6415,1712,66.0,2.1,3.8,Medium,1.2000000000000002
37,Male,Low,Unhealthy,24.1,323.0,2.1,5.7,6106,1172,68.0,2.5,5.7,Medium,0.7999999999999998
56,Male,Medium,Average,28.2,90.0,4.0,5.3,5121,1850,68.0,2.6,4.6,Low,0.40000000000000036
19,Male,Medium,Average,21.0,256.0,1.2,2.9,8086,1182,56.0,1.3,5.4,Low,0.20000000000000018
18,Female,Medium,Average,24.4,312.0,2.1,8.7,7870,1757,63.0,2.2,4.0,Medium,0.5
68,Female,Low,Average,24.7,0.0,2.1,11.8,2750,1559,70.0,2.0,3.5,Medium,1.4000000000000004
53,Male,Medium,Average,29.9,330.0,2.5,10.6,5364,1760,83.0,1.4,4.1,Medium,0.5999999999999996
41,Female,Medium,Healthy,25.8,395.0,2.8,7.1,7745,1670,67.0,1.1,2.9,Low,1.5999999999999996
44,Female,High,Healthy,32.0,153.0,2.8,8.2,15098,2001,63.0,1.3,4.4,Low,0.5999999999999996
48,Female,High,Average,25.5,74.0,3.0,9.3,11685,1780,59.0,2.4,4.6,Medium,0.5999999999999996
31,Male,Medium,Average,25.7,254.0,2.5,11.4,6431,1585,70.0,1.5,3.4,Medium,1.0999999999999996
19,Female,Medium,Healthy,27.5,569.0,3.5,5.6,11052,1741,70.0,1.2,4.2,Low,1.4000000000000004
46,Male,Low,Average,21.7,0.0,1.2,5.7,3298,1052,59.0,1.7,3.9,Low,1.7999999999999998
32,Female,Medium,Unhealthy,31.7,124.0,0.5,6.3,7332,1705,76.0,1.3,2.7,High,2.2
29,Male,Medium,Average,25.1,319.0,3.1,6.9,10437,1376,68.0,2.4,4.5,Medium,1.0999999999999996
54,Female,Medium,Unhealthy,20.7,389.0,2.2,8.8,4707,1414,70.0,1.4,4.1,Medium,2.4000000000000004
45,Female,Medium,Unhealthy,24.9,0.0,3.9,6.8,5597,1329,66.0,1.2,4.1,Low,0.40000000000000036
37,Male,Low,Healthy,23.7,104.0,3.3,4.9,6087,1239,62.0,1.8,4.0,Low,2.0
56,Male,Low,Unhealthy,36.1,112.0,3.0,4.9,3097,2054,84.0,2.4,4.4,Medium,0.7999999999999998
41,Female,High,Healthy,29.2,102.0,2.1,4.1,12398,1850,65.0,2.2,6.3,Low,0.7000000000000002
27,Male,Low,Average,24.6,0.0,2.2,9.6,3519,1597,68.0,1.9,3.4,Low,2.0
63,Female,High,Average,28.8,161.0,2.5,8.1,12622,1714,70.0,2.1,4.3,Medium,0.20000000000000018
31,Male,Medium,Average,29.0,59.0,2.2,8.4,8284,1562,69.0,2.0,4.3,Low,0.20000000000000018
35,Male,Low,Average,27.6,94.0,2.3,4.1,2794,1486,84.0,1.8,4.9,Low,0.40000000000000036
41,Male,Low,Average,25.1,174.0,3.3,7.4,3113,1261,75.0,2.2,4.3,Low,0.40000000000000036
31,Female,Medium,Healthy,19.8,44.0,2.9,10.1,8064,1684,55.0,2.4,3.8,Low,0.5
51,Female,Medium,Average,28.5,342.0,2.1,9.1,11143,1752,69.0,1.6,1.7,Medium,3.0999999999999996
29,Male,Low,Healthy,34.0,151.0,2.1,5.3,3556,1972,78.0,2.1,4.5,Low,0.0
39,Female,High,Average,27.2,202.0,1.5,12.7,11302,1637,62.0,2.6,4.4,Medium,0.0
23,Male,Low,Average,29.4,178.0,0.9,2.0,1000,1673,84.0,2.7,6.5,Low,0.09999999999999964
53,Female,Low,Average,32.2,201.0,3.2,7.1,2858,2014,79.0,1.7,3.2,Medium,2.2
62,Male,High,Average,21.7,200.0,2.2,7.3,11397,1436,53.0,2.1,4.4,Low,1.5999999999999996
53,Female,Low,Average,17.6,320.0,1.5,6.5,2212,934,72.0,1.7,3.3,Medium,3.0999999999999996
39,Female,High,Unhealthy,27.6,157.0,2.9,8.3,14211,1905,66.0,1.8,4.3,Low,0.1999999999999993
31,Male,Medium,Average,24.0,92.0,1.9,6.5,7474,1552,66.0,2.6,5.1,Low,0.1999999999999993
33,Female,Low,Unhealthy,19.5,206.0,2.4,3.3,6139,1418,68.0,2.1,4.7,Low,0.40000000000000036
53,Male,Medium,Unhealthy,24.7,108.0,1.5,6.8,8430,1447,60.0,2.3,4.4,Low,0.2999999999999998
42,Male,Medium,Unhealthy,27.9,188.0,3.0,7.4,10017,2005,68.0,1.1,3.3,Low,1.4000000000000004
49,Male,High,Unhealthy,24.4,42.0,2.6,9.3,13486,1799,58.0,2.6,4.7,Low,0.20000000000000018
62,Male,Medium,Healthy,24.1,82.0,2.2,4.9,9237,1642,58.0,1.5,4.7,Low,0.5
53,Male,Low,Average,24.9,379.0,2.7,11.2,2306,1056,78.0,1.8,3.0,High,1.7000000000000002
37,Male,Medium,Average,17.5,190.0,1.3,5.9,10314,1430,55.0,2.1,5.0,Low,0.40000000000000036
35,Male,Low,Unhealthy,24.4,328.0,4.3,5.7,2878,1336,75.0,1.6,4.3,Medium,2.0
20,Female,High,Average,27.6,0.0,3.9,2.1,15128,2089,51.0,2.4,5.2,Low,1.4000000000000004
49,Male,Low,Average,29.1,575.0,1.7,10.3,5815,1649,84.0,1.6,3.0,Medium,1.7000000000000002
62,Male,Medium,Healthy,23.4,110.0,2.1,8.2,11840,1539,58.0,1.5,3.9,Low,1.0
33,Female,High,Average,22.8,364.0,2.5,7.6,11751,1746,59.0,1.8,3.5,Medium,1.7999999999999998
22,Female,Low,Healthy,26.2,5.0,2.4,7.9,3018,1365,67.0,2.1,4.4,Low,0.5
21,Male,Low,Healthy,21.5,226.0,4.0,10.2,4103,1267,69.0,1.1,2.8,Medium,2.2
38,Male,Low,Average,26.1,252.0,1.8,4.8,5301,1550,71.0,1.8,5.3,Low,0.20000000000000018
57,Male,Low,Average,22.1,625.0,2.0,9.3,5836,1436,80.0,1.2,2.3,High,3.2
68,Male,Medium,Average,22.8,152.0,3.1,7.2,7283,1336,68.0,2.2,3.3,Low,1.0999999999999996
31,Female,Medium,Unhealthy,26.6,93.0,1.2,5.0,8275,1901,60.0,1.3,5.0,Low,0.20000000000000018
56,Female,Medium,Healthy,20.4,252.0,2.5,8.2,7296,1519,62.0,1.6,4.0,Low,1.0
48,Male,Medium,Average,19.9,61.0,2.6,7.2,7174,1657,57.0,1.3,4.0,Low,0.09999999999999964
31,Female,High,Average,26.0,261.0,2.8,5.0,12405,1615,59.0,1.9,4.0,Low,1.2999999999999998
23,Male,Medium,Unhealthy,24.9,191.0,2.8,4.3,5272,1492,70.0,1.8,5.0,Low,0.2999999999999998
29,Male,High,Average,25.7,86.0,4.1,5.9,16589,1631,50.0,1.6,4.3,Low,0.5
33,Female,Medium,Healthy,26.3,274.0,1.8,5.7,8203,1418,66.0,2.2,5.6,Low,1.0
34,Female,Medium,Average,25.2,216.0,2.0,10.1,11051,1850,59.0,1.7,3.4,Medium,3.0
62,Male,Medium,Unhealthy,27.4,314.0,3.0,6.5,9648,1732,73.0,2.2,4.9,Low,0.40000000000000036
40,Male,Medium,Average,25.4,447.0,2.7,6.1,7199,1364,73.0,0.9,3.7,Low,2.3
31,Female,High,Healthy,17.5,124.0,2.8,9.8,10576,1453,52.0,2.6,4.6,Low,0.5
24,Female,Low,Average,18.0,138.0,1.4,10.4,6801,1239,62.0,1.4,3.6,Medium,0.2999999999999998
63,Male,Medium,Healthy,32.7,0.0,4.2,4.9,4602,1340,76.0,1.9,5.1,Low,1.1999999999999993
49,Male,Medium,Average,25.0,278.0,2.9,3.9,7316,1763,70.0,1.8,5.5,Low,0.2999999999999998
32,Male,Medium,Healthy,28.8,103.0,1.2,8.3,7347,1746,68.0,1.3,3.6,Low,0.5999999999999996
61,Female,Medium,Healthy,23.6,251.0,3.0,6.5,6705,1338,66.0,1.8,5.1,Low,0.5
34,Female,Medium,Average,24.8,374.0,1.6,5.6,6297,1223,73.0,2.1,4.7,Low,1.7000000000000002
58,Male,Low,Healthy,23.2,97.0,3.2,9.6,2168,1339,72.0,1.4,3.7,Low,1.2000000000000002
64,Female,High,Healthy,34.9,128.0,1.4,6.3,11823,2121,73.0,1.7,5.1,Low,0.3000000000000007
51,Male,Medium,Healthy,22.9,306.0,1.5,7.1,8611,1500,65.0,1.5,3.2,Low,2.8
22,Male,Low,Average,18.4,290.0,1.7,7.4,3212,1153,71.0,2.1,4.5,Medium,0.2999999999999998
62,Female,Low,Unhealthy,32.9,141.0,2.6,12.6,3204,1830,80.0,1.2,3.1,Medium,1.0
44,Female,Medium,Healthy,24.3,0.0,2.0,7.8,5915,1754,67.0,2.0,3.4,Medium,1.7999999999999998
69,Female,Medium,Healthy,28.0,93.0,2.1,5.2,8335,1378,65.0,1.9,4.5,Low,1.7000000000000002
40,Female,Medium,Average,28.4,48.0,1.3,4.4,8096,1629,65.0,2.0,5.6,Low,0.2999999999999998
57,Male,Low,Average,23.1,287.0,2.2,5.8,4569,1554,74.0,2.3,6.0,Low,1.6999999999999993
31,Male,Low,Average,27.7,242.0,3.2,7.6,3188,1924,71.0,2.3,5.1,Medium,1.2000000000000002
60,Male,Low,Healthy,21.0,135.0,3.2,3.2,3970,1310,67.0,1.2,4.7,Low,2.0
50,Female,Low,Average,29.7,271.0,3.0,7.0,4780,1851,79.0,1.9,4.1,Medium,1.0
48,Female,Medium,Unhealthy,24.4,152.0,1.1,10.2,6225,1638,72.0,1.4,3.1,Low,0.7999999999999998
52,Female,Medium,Healthy,27.1,112.0,2.5,7.7,6744,1509,66.0,1.8,4.5,Low,1.2999999999999998
45,Female,High,Average,27.6,117.0,1.3,3.2,10484,1606,68.0,1.9,5.3,Low,0.2999999999999998
36,Female,Medium,Unhealthy,18.8,300.0,1.5,6.4,6906,1243,62.0,1.3,2.9,Medium,2.0
40,Female,Low,Average,23.7,0.0,2.1,8.4,5200,1488,67.0,1.6,2.9,Medium,3.0999999999999996
49,Male,Medium,Healthy,21.7,98.0,1.3,4.9,8059,1301,61.0,1.1,4.3,Low,1.5999999999999996
57,Male,Medium,Average,26.7,322.0,2.0,8.0,10530,1771,67.0,2.3,4.7,Medium,1.0999999999999996
30,Male,Medium,Healthy,29.7,180.0,2.7,8.2,10550,1706,67.0,1.2,3.0,Low,2.0
37,Male,Medium,Average,30.4,0.0,2.0,6.8,8030,1767,75.0,2.1,4.3,Low,0.40000000000000036
52,Female,Low,Average,23.6,259.0,1.5,8.2,1000,1452,75.0,1.3,2.5,High,2.7
22,Female,Medium,Unhealthy,26.2,112.0,1.8,7.8,8796,1290,68.0,1.6,3.9,Low,0.7000000000000002
46,Female,Low,Unhealthy,27.5,603.0,0.8,6.6,4948,1853,79.0,1.8,3.6,Medium,2.4000000000000004
23,Male,Medium,Healthy,21.5,257.0,2.3,3.9,8697,1601,63.0,2.1,4.5,Low,0.09999999999999964
42,Other,Medium,Healthy,32.3,291.0,2.4,3.3,7504,1932,77.0,1.2,4.3,Low,2.8
48,Male,Low,Average,28.7,161.0,1.9,7.6,2232,1674,82.0,2.1,3.7,Low,0.7000000000000002
19,Female,High,Average,29.8,353.0,3.3,6.4,13414,2173,66.0,2.3,4.4,Low,1.0999999999999996
62,Female,High,Healthy,27.1,109.0,3.3,8.0,14936,2198,53.0,2.1,3.6,Low,1.7000000000000002
22,Female,Low,Average,20.9,165.0,2.6,7.0,3119,1216,75.0,1.8,4.1,Medium,1.0
44,Male,High,Healthy,24.4,469.0,2.1,12.5,19998,2220,50.0,1.9,3.1,Medium,2.0999999999999996
42,Female,Medium,Average,18.4,149.0,2.6,8.1,8478,1056,66.0,2.6,4.8,Low,0.2999999999999998
25,Male,High,Healthy,26.7,382.0,2.8,6.3,12860,1617,67.0,1.4,3.9,Low,0.20000000000000018
18,Male,Medium,Unhealthy,24.3,258.0,2.4,8.5,5727,1600,72.0,1.3,3.3,Medium,1.4000000000000004
37,Female,High,Healthy,24.8,117.0,2.8,3.7,9803,2126,57.0,1.3,4.2,Low,1.0
61,Female,Medium,Unhealthy,29.8,251.0,2.2,9.5,9241,1877,73.0,1.8,3.0,Medium,1.5999999999999996
40,Female,Low,Unhealthy,23.2,92.0,0.5,5.7,3126,1462,65.0,2.5,4.2,Medium,0.7000000000000002
49,Female,Low,Average,24.0,335.0,2.3,9.8,3325,745,75.0,1.0,2.7,Medium,1.7999999999999998
28,Female,Medium,Unhealthy,25.1,387.0,3.0,8.0,6914,1653,75.0,2.2,3.8,Low,1.7999999999999998
56,Female,Low,Healthy,17.6,207.0,2.5,8.6,2361,876,62.0,1.1,4.5,Low,1.7999999999999998
64,Female,Medium,Average,23.9,401.0,2.8,5.6,7419,1892,72.0,1.5,4.0,Medium,2.4000000000000004
41,Female,High,Unhealthy,17.5,224.0,2.3,4.1,14169,1596,50.0,2.1,5.5,Low,0.5
28,Female,Low,Healthy,22.7,337.0,2.3,4.1,2490,1251,76.0,1.1,4.1,Low,1.0
46,Other,Medium,Average,28.4,642.0,2.6,2.7,8663,1657,74.0,1.4,5.4,Low,1.4000000000000004
43,Male,Medium,Average,26.8,571.0,4.1,6.0,5552,1818,84.0,1.5,4.1,Medium,1.7000000000000002
33,Female,Medium,Average,22.6,172.0,3.2,5.5,7118,1676,66.0,1.9,4.2,Low,2.4000000000000004
52,Female,Low,Unhealthy,25.2,244.0,3.1,9.5,4546,1280,70.0,1.7,3.5,Medium,2.0999999999999996
37,Male,Low,Average,20.7,41.0,2.7,4.4,3979,1428,62.0,2.3,6.0,Low,0.40000000000000036
63,Female,High,Healthy,25.0,319.0,1.4,12.5,9076,1816,71.0,1.2,3.3,Medium,0.9000000000000004
20,Male,High,Unhealthy,36.7,258.0,3.5,4.5,5641,2115,84.0,1.5,4.7,Low,0.5999999999999996
64,Female,Medium,Unhealthy,25.2,378.0,2.8,3.3,9380,1748,70.0,1.3,4.0,Low,2.0
18,Male,Medium,Unhealthy,25.6,160.0,2.5,7.0,8874,1427,67.0,1.4,2.5,Medium,1.9000000000000004
34,Male,Medium,Unhealthy,21.1,121.0,2.9,6.2,7545,1428,59.0,2.2,4.5,Low,1.4000000000000004
19,Female,Medium,Average,21.8,259.0,2.3,6.7,7503,1364,69.0,1.8,3.0,Medium,1.5
46,Male,Low,Average,26.4,130.0,3.1,8.0,3840,1256,73.0,1.6,3.6,Medium,1.5
37,Male,Medium,Average,22.9,195.0,1.8,9.5,9170,1355,65.0,1.7,3.9,Medium,1.2999999999999998
25,Female,Medium,Average,31.3,107.0,1.5,7.0,8747,1566,67.0,2.5,4.4,Medium,0.7999999999999998
46,Female,Low,Average,26.3,301.0,2.6,9.1,5971,1438,77.0,1.7,2.2,Medium,3.0999999999999996
65,Female,Medium,Average,25.4,112.0,2.3,4.3,6065,1734,71.0,2.6,5.6,Low,1.4000000000000004
68,Male,Medium,Average,18.3,54.0,2.4,13.9,7629,962,57.0,1.5,1.8,High,1.4000000000000004
50,Female,Medium,Average,28.0,187.0,1.5,12.9,6283,1411,65.0,1.6,2.1,Medium,2.0
20,Female,Medium,Average,20.4,602.0,2.7,6.8,7213,1691,71.0,0.9,2.7,Medium,2.2
52,Male,High,Average,23.3,317.0,1.7,4.2,13696,1522,56.0,1.4,4.6,Low,0.5
22,Female,Low,Average,28.8,269.0,2.9,4.6,2680,1553,76.0,2.2,4.9,Low,1.4000000000000004
61,Female,Medium,Average,23.1,142.0,1.8,8.6,5386,1331,60.0,1.3,3.7,Medium,1.2999999999999998
29,Male,High,Average,23.4,0.0,1.7,2.4,15330,1774,50.0,2.1,5.9,Low,0.9000000000000004
37,Male,Medium,Average,22.2,469.0,3.0,4.6,6663,1215,74.0,1.1,5.0,Medium,1.4000000000000004
62,Male,Medium,Healthy,20.2,240.0,2.1,7.4,7562,1182,64.0,2.2,3.6,Low,1.0999999999999996
37,Male,Low,Average,22.5,227.0,2.8,3.5,4074,1352,73.0,1.7,6.2,Medium,0.0
56,Male,Medium,Average,27.7,513.0,3.9,8.1,7432,1968,78.0,2.6,5.0,Medium,0.5
21,Female,High,Average,26.6,244.0,2.7,6.6,14739,1561,56.0,1.1,3.1,Medium,1.9000000000000004
68,Male,Low,Healthy,27.2,171.0,1.6,5.2,2301,1494,71.0,2.1,4.1,Low,1.5999999999999996
36,Male,Low,Average,21.2,469.0,3.5,7.2,3758,997,70.0,1.1,3.2,High,2.3
55,Female,Low,Unhealthy,20.2,180.0,3.7,8.3,2533,1205,66.0,0.9,2.2,Medium,2.5999999999999996
44,Male,Low,Average,25.2,0.0,2.5,4.7,3788,1217,67.0,1.1,4.0,Low,1.0999999999999996
62,Female,High,Average,25.3,0.0,3.6,7.9,14382,1958,57.0,2.6,5.2,Low,0.1999999999999993
60,Male,High,Average,24.4,171.0,2.8,7.8,13297,1914,57.0,1.3,3.4,Medium,0.40000000000000036
30,Male,Medium,Healthy,23.8,243.0,1.2,8.3,7153,1656,74.0,2.4,3.8,Low,1.0
39,Female,High,Average,26.7,62.0,2.1,7.3,12790,2147,56.0,2.2,5.5,Low,1.0999999999999996
45,Male,Low,Healthy,32.9,166.0,2.2,6.6,3378,1791,85.0,2.4,4.4,Low,0.40000000000000036
69,Male,Medium,Healthy,30.1,78.0,1.8,6.3,5894,1732,76.0,1.3,4.5,Low,0.2999999999999998
64,Female,High,Average,31.8,367.0,1.7,8.8,15517,2320,66.0,1.6,4.4,Low,1.0
62,Other,Medium,Average,20.7,392.0,3.6,6.8,7915,1024,65.0,1.3,3.5,Medium,1.5
39,Female,Low,Unhealthy,27.4,493.0,1.1,8.3,3280,1455,80.0,0.9,2.7,Medium,2.0
60,Male,Low,Average,23.3,252.0,1.9,8.3,2441,1335,81.0,1.7,4.3,Medium,0.7000000000000002
36,Other,High,Average,18.3,479.0,3.0,4.7,21010,1638,50.0,1.9,4.4,Medium,0.5
25,Male,Low,Average,31.0,96.0,2.1,6.2,1000,1582,81.0,2.1,5.0,Low,0.5999999999999996
69,Male,Medium,Average,23.8,232.0,2.8,6.9,6483,1783,73.0,1.5,4.7,Low,0.7000000000000002
25,Female,Medium,Average,20.8,40.0,2.2,7.2,7035,1161,58.0,2.3,4.6,Low,0.9000000000000004
59,Male,High,Average,23.3,286.0,2.8,8.1,16761,1995,56.0,1.9,5.0,Medium,0.2999999999999998
43,Male,Medium,Average,21.8,242.0,1.7,7.4,7370,1259,65.0,1.8,4.3,Medium,1.7999999999999998
65,Male,Low,Average,22.2,0.0,1.0,7.1,4272,1297,64.0,1.8,3.9,Low,0.7000000000000002
68,Male,Medium,Average,24.1,366.0,2.2,5.9,7117,1596,67.0,1.1,2.7,Low,1.2999999999999998
43,Female,Low,Average,31.9,328.0,1.1,9.6,6765,2030,77.0,2.2,2.5,Medium,1.7999999999999998
40,Female,Low,Healthy,22.3,116.0,2.4,7.9,4593,1373,69.0,2.1,4.6,Low,1.0
60,Male,High,Healthy,31.6,242.0,1.6,6.7,12048,2210,69.0,2.4,4.2,Low,1.0999999999999996
30,Female,Low,Unhealthy,28.4,0.0,1.6,6.0,5055,1586,70.0,3.0,5.9,Low,1.4000000000000004
45,Female,Low,Healthy,26.6,84.0,3.7,7.7,3628,1388,77.0,1.9,5.2,Low,0.0
37,Male,Medium,Average,25.1,26.0,1.3,3.2,10702,1315,59.0,2.6,5.5,Low,0.09999999999999964
36,Other,Medium,Average,30.1,201.0,2.5,4.5,8588,1767,70.0,2.2,5.0,Low,0.09999999999999964
65,Female,Medium,Average,27.3,0.0,2.4,10.3,7526,1616,67.0,2.2,3.9,Medium,0.2999999999999998
56,Male,Medium,Average,18.3,250.0,0.8,7.9,6730,1219,63.0,1.2,3.3,Low,1.5
68,Male,Medium,Unhealthy,26.2,284.0,2.8,5.4,9764,1880,67.0,1.2,4.6,Low,1.2999999999999998
32,Female,Low,Average,23.8,270.0,2.2,4.8,3562,1288,71.0,2.0,5.1,Medium,0.5
31,Female,Medium,Healthy,22.5,116.0,2.1,9.6,9010,1542,60.0,1.9,4.5,Low,0.9000000000000004
28,Male,Low,Average,19.5,41.0,2.8,6.5,5335,1214,62.0,1.1,4.7,Medium,1.0
43,Female,Low,Average,18.8,111.0,2.3,9.1,2832,1373,68.0,1.9,3.3,Medium,2.5
59,Male,Medium,Average,18.9,0.0,2.3,11.1,8887,1494,61.0,1.2,3.6,Low,1.0
44,Female,Medium,Unhealthy,27.7,211.0,1.9,6.0,12487,2415,65.0,2.0,4.5,Low,1.2999999999999998
28,Female,Medium,Average,17.5,179.0,4.1,3.8,8191,811,51.0,2.1,5.8,Low,0.40000000000000036
55,Male,Medium,Average,22.3,271.0,2.3,8.1,8907,1730,67.0,1.2,3.3,Medium,1.7999999999999998
60,Male,High,Average,23.9,198.0,2.7,7.0,15660,1685,52.0,1.5,4.6,Medium,0.7000000000000002
36,Female,Medium,Average,17.6,382.0,0.5,7.4,5685,1084,67.0,1.0,2.9,Medium,2.2
63,Male,Low,Average,19.9,0.0,1.6,7.8,4149,1071,61.0,1.7,4.2,Low,0.20000000000000018
69,Male,Medium,Average,29.5,198.0,3.3,5.9,9089,1770,71.0,1.2,3.6,Low,1.5
55,Male,High,Healthy,22.5,90.0,1.5,8.6,14264,2356,50.0,1.4,3.3,Low,0.7000000000000002
66,Female,Medium,Unhealthy,24.6,201.0,2.9,9.0,9886,1625,63.0,0.8,2.3,Medium,3.0999999999999996
45,Female,Medium,Average,26.0,460.0,2.7,4.7,5385,1590,78.0,1.5,3.8,Medium,0.7999999999999998
18,Male,Low,Healthy,25.1,212.0,2.5,10.2,3823,1426,74.0,1.2,1.7,High,3.0999999999999996
52,Male,Medium,Average,23.3,247.0,2.2,12.7,8958,1298,67.0,1.5,3.1,Medium,1.9000000000000004
57,Other,Medium,Unhealthy,26.4,193.0,2.4,10.2,7306,1805,72.0,1.7,3.5,Medium,2.0
25,Male,Medium,Unhealthy,26.9,271.0,1.4,10.6,6657,1601,70.0,1.7,3.3,Medium,1.0999999999999996
69,Female,Medium,Average,21.9,167.0,2.6,5.9,8696,1131,62.0,2.1,4.0,Low,1.2999999999999998
64,Male,Medium,Average,26.7,316.0,3.3,11.2,6144,1613,75.0,2.1,4.0,Low,1.4000000000000004
28,Female,Medium,Healthy,27.8,406.0,2.5,6.9,7375,1917,78.0,2.0,4.4,Low,1.7999999999999998
56,Other,Medium,Average,28.7,274.0,2.4,5.8,8994,1525,70.0,2.5,5.7,Low,0.7000000000000002
21,Female,Medium,Average,25.7,177.0,2.8,5.5,5677,1488,68.0,1.9,4.9,Low,1.0999999999999996
42,Male,Low,Unhealthy,21.3,326.0,2.1,7.0,6030,1170,67.0,1.3,3.3,Medium,1.0999999999999996
29,Male,Medium,Average,21.8,273.0,1.3,4.1,8937,1280,58.0,1.6,3.8,Medium,1.7000000000000002
43,Female,Medium,Average,26.3,324.0,1.6,5.3,9227,1729,63.0,1.0,3.3,Low,1.9000000000000004
55,Female,Low,Unhealthy,28.8,212.0,0.6,4.6,2064,1433,82.0,1.9,4.3,Low,1.7999999999999998
63,Female,Low,Average,36.1,163.0,3.1,10.8,2875,2020,85.0,1.1,3.2,Medium,1.2999999999999998
29,Male,Low,Average,28.9,220.0,2.8,11.1,4298,1438,73.0,1.8,3.3,Medium,0.5999999999999996
60,Female,High,Average,20.3,124.0,2.5,13.4,10751,1416,50.0,2.6,4.5,Medium,0.40000000000000036
68,Female,Medium,Average,21.9,346.0,1.9,6.8,6746,1422,64.0,2.0,4.4,Medium,1.5999999999999996
54,Female,Medium,Average,34.1,420.0,2.4,7.1,9510,2169,77.0,1.0,3.3,Low,1.7000000000000002
41,Male,Medium,Average,25.2,412.0,2.1,3.8,8747,1601,72.0,1.7,5.2,Low,0.09999999999999964
33,Other,Medium,Unhealthy,21.2,369.0,2.1,4.6,6345,1198,69.0,0.8,2.9,Low,2.9000000000000004
30,Female,Medium,Average,31.3,159.0,3.5,3.0,9201,2250,69.0,1.2,4.5,Low,1.0
42,Female,Low,Healthy,27.0,325.0,1.5,9.1,2318,1485,84.0,1.7,3.7,Medium,1.5
69,Female,Medium,Average,21.9,7.0,3.3,4.8,9187,1235,55.0,1.6,4.2,Low,0.5999999999999996
21,Female,Medium,Average,21.0,227.0,1.2,9.5,12326,1150,56.0,1.0,4.2,Medium,1.5
28,Female,Medium,Average,26.2,22.0,3.8,5.8,6930,1826,70.0,2.9,5.5,Low,0.9000000000000004
66,Male,Medium,Average,28.3,0.0,2.9,6.6,10278,1863,65.0,2.0,3.8,Low,1.2000000000000002
63,Male,Medium,Average,23.9,140.0,2.4,5.8,5660,1450,66.0,1.0,4.1,Low,2.2
28,Male,Low,Average,22.8,335.0,2.4,9.6,4508,1382,71.0,0.9,2.2,High,2.2
45,Male,Medium,Unhealthy,24.4,188.0,3.0,6.6,8433,1717,61.0,2.0,4.1,Low,1.7999999999999998
58,Male,High,Healthy,22.8,0.0,0.9,7.9,12102,1605,50.0,2.5,5.2,Low,0.5999999999999996
40,Male,Medium,Healthy,24.5,127.0,2.5,7.3,6657,1473,64.0,2.0,3.9,Medium,0.2999999999999998
62,Male,High,Unhealthy,25.1,120.0,2.6,4.5,16605,1705,53.0,1.8,4.8,Low,0.7999999999999998
40,Male,Low,Healthy,21.4,197.0,2.0,10.4,2517,1119,67.0,1.3,3.7,Medium,0.7999999999999998
67,Female,Low,Healthy,27.5,426.0,2.4,5.4,1943,1460,85.0,1.9,5.3,Low,0.5999999999999996
45,Female,Medium,Average,23.5,451.0,2.0,9.0,6449,1441,71.0,0.9,3.0,Medium,1.9000000000000004
60,Male,Low,Healthy,21.6,165.0,2.9,8.8,5298,1258,69.0,2.2,4.4,Low,0.9000000000000004
64,Female,Low,Average,23.6,10.0,2.8,3.3,3607,1109,64.0,2.1,4.7,Low,0.3000000000000007
43,Female,Medium,Average,26.0,88.0,2.7,6.6,6871,1315,67.0,2.0,4.7,Low,1.2000000000000002
42,Male,Low,Average,25.3,271.0,3.0,8.4,3897,1722,71.0,1.6,4.5,Medium,1.5999999999999996
46,Female,Low,Average,26.7,183.0,3.5,6.3,4731,1641,67.0,2.2,5.2,Medium,0.7000000000000002
36,Female,High,Unhealthy,28.6,0.0,1.7,6.7,18604,2645,50.0,2.1,4.8,Low,0.09999999999999964
53,Male,Low,Average,26.1,396.0,2.8,6.1,6940,1715,73.0,1.6,4.3,Medium,0.7999999999999998
31,Female,Low,Unhealthy,20.7,243.0,2.1,7.9,5097,1057,68.0,1.4,4.7,Low,1.4000000000000004
31,Male,High,Average,23.9,207.0,4.3,7.1,13107,2013,53.0,2.4,5.7,Low,0.20000000000000018
52,Female,Medium,Healthy,21.0,141.0,2.2,6.5,9782,1071,60.0,2.1,4.2,Low,0.7000000000000002
47,Other,Low,Healthy,31.8,131.0,1.5,4.6,4955,1917,74.0,2.2,4.3,Low,1.2000000000000002
45,Female,Low,Unhealthy,32.9,281.0,2.1,8.0,5743,1896,79.0,2.4,5.3,Medium,0.2999999999999998
34,Female,Medium,Average,27.6,221.0,2.1,2.0,9473,2050,66.0,1.3,5.1,Low,0.09999999999999964
20,Male,Low,Unhealthy,28.4,315.0,3.4,7.7,4170,1560,79.0,1.9,3.9,Medium,2.3
33,Other,High,Average,26.0,281.0,2.4,7.0,12557,1809,64.0,2.3,5.0,Low,0.20000000000000018
63,Female,Medium,Average,26.5,202.0,2.6,5.0,8269,1269,69.0,1.5,5.0,Low,1.2000000000000002
47,Male,Low,Healthy,18.6,257.0,2.6,3.5,1776,622,67.0,2.2,4.8,Low,0.20000000000000018
69,Female,High,Unhealthy,24.7,111.0,3.4,8.0,13511,1849,58.0,2.5,5.3,Low,0.3000000000000007
46,Male,Medium,Average,21.5,192.0,2.2,6.4,5640,1528,68.0,1.3,5.0,Low,0.5999999999999996
62,Male,Low,Average,26.1,401.0,2.3,7.3,4687,1550,75.0,2.5,5.9,Medium,0.5999999999999996
32,Female,Medium,Average,24.8,201.0,1.9,2.4,9668,1599,59.0,2.2,5.7,Low,0.20000000000000018
63,Male,Medium,Healthy,32.8,167.0,2.2,8.2,8631,2046,73.0,1.0,3.0,Low,1.5
42,Female,Low,Average,28.7,231.0,2.9,9.3,3756,1624,81.0,1.3,2.6,Medium,3.0999999999999996
55,Male,Low,Healthy,23.9,233.0,3.9,4.8,5801,1234,63.0,1.3,4.6,Low,1.4000000000000004
59,Other,High,Healthy,31.7,454.0,2.4,8.1,16959,2314,67.0,1.2,4.1,Medium,0.7999999999999998
64,Male,Medium,Average,24.9,78.0,2.3,6.3,5877,1277,68.0,1.4,4.1,Low,1.7999999999999998
69,Female,Low,Average,26.3,240.0,2.8,9.2,4382,1710,79.0,1.1,2.8,Medium,2.5
55,Female,Medium,Healthy,25.2,196.0,2.1,7.1,8650,1387,66.0,2.1,4.4,Low,1.5
40,Female,Medium,Healthy,23.4,192.0,2.0,2.0,7589,1428,66.0,2.3,5.3,Low,0.7999999999999998
42,Female,High,Unhealthy,25.1,189.0,2.8,2.0,9902,1770,62.0,1.2,5.1,Low,0.0
59,Female,Medium,Healthy,17.5,307.0,2.2,5.2,3890,766,63.0,2.4,4.4,Low,0.09999999999999964
24,Male,High,Healthy,18.8,35.0,2.3,8.1,14516,1357,50.0,1.1,3.8,Low,0.9000000000000004
39,Female,Medium,Average,26.4,303.0,3.0,5.8,4613,1951,76.0,1.6,4.6,Medium,1.2999999999999998
34,Male,Low,Healthy,31.3,210.0,2.7,8.2,3214,1881,78.0,1.3,4.3,Medium,0.5999999999999996
35,Female,High,Average,26.4,0.0,4.1,5.3,16053,2029,56.0,1.9,4.7,Low,0.7999999999999998
66,Female,Medium,Unhealthy,22.1,256.0,3.2,12.2,8831,1587,64.0,2.4,3.9,Medium,0.9000000000000004
58,Female,Medium,Average,19.2,217.0,1.9,6.5,6806,891,57.0,1.2,3.2,Low,1.9000000000000004
27,Female,High,Average,28.1,69.0,2.2,7.7,16686,2198,55.0,2.3,4.4,Low,0.7999999999999998
27,Female,Medium,Unhealthy,22.7,224.0,1.4,4.6,9052,1888,61.0,2.0,5.0,Low,1.5
24,Female,Low,Healthy,27.6,2.0,1.7,6.0,3267,1411,78.0,2.6,5.8,Low,0.5999999999999996
65,Female,High,Average,26.6,97.0,3.5,8.2,18563,2437,50.0,1.5,4.1,Medium,0.5
67,Male,Low,Average,26.9,205.0,2.3,6.9,4731,1441,73.0,1.8,4.6,Low,1.2999999999999998
44,Female,Low,Average,26.5,27.0,0.9,8.2,1000,1097,77.0,2.0,5.0,Medium,0.0
69,Female,Low,Average,24.5,49.0,1.3,8.5,4335,1485,71.0,2.5,5.0,Medium,0.40000000000000036
18,Male,Medium,Healthy,21.1,266.0,2.5,9.7,8041,1332,64.0,1.0,3.5,Low,1.5
61,Male,Medium,Healthy,17.5,66.0,2.2,7.5,7526,1003,61.0,2.1,4.5,Low,0.5999999999999996
51,Female,High,Average,24.3,57.0,3.1,13.0,7405,1556,66.0,2.4,3.8,Medium,0.7000000000000002
21,Female,Medium,Healthy,31.1,220.0,1.8,7.6,7415,1726,80.0,1.2,4.0,Low,1.5999999999999996
34,Male,Medium,Average,27.9,216.0,3.5,2.0,5794,1848,75.0,1.6,5.5,Low,0.5999999999999996
21,Male,Medium,Average,25.9,94.0,2.4,7.6,6983,1626,63.0,1.1,3.2,Medium,1.2000000000000002
60,Male,Medium,Average,22.1,474.0,2.9,9.8,6842,1281,65.0,1.8,3.9,Medium,2.0999999999999996
43,Male,Medium,Average,29.0,227.0,2.1,3.6,8127,1975,70.0,2.7,5.7,Low,0.0
21,Male,Medium,Average,24.5,174.0,3.3,6.3,8599,1482,62.0,1.9,4.3,Medium,0.40000000000000036
18,Female,Medium,Unhealthy,31.3,142.0,1.4,10.0,8922,2116,77.0,1.5,3.8,Medium,0.5999999999999996
24,Other,Medium,Unhealthy,21.1,351.0,1.5,5.6,3204,1206,78.0,2.7,5.6,Low,0.1999999999999993
47,Male,Medium,Average,22.0,281.0,1.7,6.4,10842,1152,62.0,1.2,3.2,Low,1.7999999999999998
67,Male,Medium,Healthy,21.6,0.0,3.4,9.0,4736,1387,65.0,1.7,3.8,Low,0.9000000000000004
52,Male,High,Average,21.3,132.0,1.7,7.0,11514,1636,57.0,2.5,3.7,Medium,0.9000000000000004
25,Male,Medium,Unhealthy,25.4,198.0,2.3,4.6,8591,1656,62.0,1.3,4.9,Low,1.5
41,Male,Low,Average,22.2,294.0,2.6,6.3,1255,1204,72.0,2.3,5.3,Low,1.2999999999999998
36,Male,Low,Average,17.5,39.0,1.6,7.6,6323,1136,61.0,1.9,4.6,Medium,0.20000000000000018
53,Female,Medium,Average,29.3,188.0,2.6,9.7,7281,2332,73.0,1.7,3.6,Medium,1.7000000000000002
67,Female,Medium,Average,18.3,454.0,2.4,7.8,9001,1380,64.0,1.9,4.1,Medium,1.5999999999999996
69,Female,High,Average,27.4,204.0,2.1,5.6,11598,1480,57.0,1.5,3.7,Low,1.2000000000000002
60,Male,Low,Healthy,25.1,95.0,1.5,10.0,6491,1213,65.0,2.0,3.9,Low,1.7999999999999998
44,Female,Low,Healthy,33.5,0.0,3.2,8.5,1941,1839,80.0,2.0,3.3,Low,2.0
49,Female,High,Average,29.0,126.0,2.1,2.1,6107,1579,76.0,2.4,4.7,Low,0.20000000000000018
31,Male,Low,Unhealthy,23.0,38.0,0.5,9.1,6044,1606,67.0,1.2,3.5,High,1.2000000000000002
35,Male,Medium,Average,22.2,140.0,2.8,7.2,5647,1400,68.0,1.1,3.7,Medium,1.0999999999999996
45,Female,Low,Average,31.0,281.0,2.8,6.9,3895,1781,82.0,1.3,4.4,Low,1.9000000000000004
46,Male,Medium,Average,19.1,205.0,3.2,10.0,11116,1215,59.0,2.1,3.6,Medium,1.2000000000000002
52,Female,Medium,Healthy,24.5,0.0,2.6,9.2,8520,1600,60.0,1.5,3.2,Low,1.7000000000000002
64,Female,Medium,Average,23.6,324.0,2.1,10.2,9629,1377,70.0,1.1,2.8,Medium,1.5999999999999996
48,Male,High,Average,26.4,147.0,2.1,7.2,14090,1697,58.0,2.2,4.2,Low,0.5
21,Female,Low,Average,25.8,216.0,3.0,8.1,5951,1859,75.0,2.1,3.7,Medium,1.4000000000000004
54,Female,Low,Healthy,26.8,63.0,2.4,8.7,5058,1655,69.0,1.3,4.2,Medium,0.20000000000000018
34,Male,Low,Average,25.6,138.0,1.4,8.2,2658,1309,74.0,1.7,3.7,Medium,0.7999999999999998
56,Female,High,Healthy,26.7,113.0,2.2,9.2,16195,1873,58.0,2.6,6.6,Low,1.4000000000000004
63,Male,Medium,Average,22.4,63.0,0.9,5.4,7940,1495,60.0,2.5,6.2,Low,0.5999999999999996
43,Female,Low,Average,25.0,197.0,3.1,3.9,4498,1160,68.0,1.2,3.7,Low,1.7000000000000002
65,Male,Medium,Healthy,22.1,244.0,2.5,11.2,9841,1473,58.0,2.0,2.4,Medium,2.0999999999999996
56,Male,Medium,Unhealthy,21.9,97.0,1.4,2.8,6074,928,62.0,1.9,4.7,Low,2.0
58,Male,Medium,Average,23.7,19.0,2.3,10.3,10610,1604,59.0,1.8,3.5,Medium,0.7999999999999998
21,Female,Medium,Average,24.5,146.0,2.4,8.2,10487,1935,59.0,2.0,4.0,Medium,0.40000000000000036
47,Female,Low,Average,25.1,316.0,3.3,4.8,3051,1116,78.0,1.9,3.6,Medium,1.2999999999999998
47,Male,Medium,Average,28.7,59.0,3.2,3.8,11517,1867,64.0,2.0,4.3,Low,1.7999999999999998
39,Female,High,Average,23.0,201.0,3.4,6.9,13479,1645,55.0,2.4,6.2,Low,1.0999999999999996
19,Female,Medium,Unhealthy,25.5,369.0,2.0,8.0,7076,1467,73.0,1.4,3.4,Medium,1.9000000000000004
29,Female,Medium,Average,25.3,299.0,1.9,6.5,7110,1355,73.0,2.0,4.7,Medium,2.0
53,Female,Low,Healthy,25.7,431.0,2.5,10.2,1000,1402,83.0,1.6,3.0,Medium,1.4000000000000004
35,Male,Medium,Average,25.9,0.0,3.3,8.0,7056,1511,63.0,2.9,5.1,Low,0.1999999999999993
43,Female,High,Unhealthy,22.2,0.0,2.3,5.7,12304,1870,57.0,1.9,4.9,Low,0.2999999999999998
24,Male,Low,Average,32.9,374.0,0.9,10.6,1162,1837,89.0,1.2,2.2,High,3.0
43,Male,Medium,Healthy,18.3,107.0,1.7,6.7,7228,1180,60.0,1.0,2.8,Low,2.8
40,Male,Low,Average,28.4,0.0,1.7,7.7,1272,1261,74.0,2.4,5.0,Medium,0.40000000000000036
43,Male,Medium,Average,24.5,212.0,0.5,9.3,9203,1555,69.0,1.3,2.7,Low,2.5
62,Male,Low,Average,23.8,0.0,3.8,7.0,5634,1818,68.0,1.6,3.9,Medium,1.0
23,Female,Low,Healthy,22.8,75.0,0.8,10.6,3798,1091,74.0,1.6,4.0,Low,1.0
23,Female,Medium,Average,32.5,227.0,2.0,6.0,4980,1994,82.0,1.8,4.4,Low,1.7999999999999998
61,Female,High,Unhealthy,26.4,247.0,3.0,4.5,8348,1448,68.0,2.0,4.6,Low,0.7999999999999998
25,Female,Medium,Unhealthy,27.2,437.0,3.0,11.0,5550,1508,74.0,1.4,2.6,High,2.4000000000000004
41,Female,High,Unhealthy,25.7,144.0,1.3,6.2,11510,1645,61.0,2.0,3.9,Medium,0.5
39,Male,Low,Average,26.1,53.0,3.5,8.5,6564,1384,67.0,2.3,4.4,High,0.9000000000000004
36,Male,High,Unhealthy,30.6,337.0,3.3,8.9,13387,2221,72.0,2.1,3.9,Medium,1.0999999999999996
54,Male,Medium,Unhealthy,24.0,256.0,2.4,12.2,5454,1706,70.0,1.6,3.9,Medium,1.7999999999999998
35,Male,High,Unhealthy,19.2,145.0,2.5,6.3,12155,1626,50.0,2.8,5.8,Low,0.40000000000000036
48,Male,Medium,Unhealthy,28.5,204.0,1.8,8.3,10141,1835,62.0,1.9,5.1,Low,0.09999999999999964
54,Male,Low,Unhealthy,27.0,143.0,2.7,5.0,4832,1245,72.0,1.6,4.2,Low,0.40000000000000036
59,Male,Medium,Healthy,26.9,453.0,2.1,5.1,7662,1776,73.0,1.1,3.3,Low,2.5999999999999996
50,Female,Low,Average,23.5,91.0,3.0,9.1,4005,1316,68.0,1.4,2.5,Medium,3.0999999999999996
27,Male,High,Average,25.1,263.0,2.8,9.3,14467,2099,58.0,1.8,3.6,Medium,1.2999999999999998
54,Female,Low,Average,24.5,0.0,5.0,7.9,3708,1333,66.0,1.5,3.6,Medium,0.40000000000000036
29,Female,Medium,Average,22.6,39.0,1.8,5.1,8204,1338,58.0,1.8,5.2,Low,0.7999999999999998
47,Female,Low,Healthy,29.8,284.0,3.6,5.4,3549,1829,85.0,1.4,3.6,Medium,0.5
44,Male,Low,Healthy,19.4,189.0,1.8,5.2,2716,1251,67.0,1.6,4.4,Low,1.0999999999999996
56,Male,Medium,Average,34.4,33.0,2.9,7.9,7472,2318,77.0,1.4,4.3,Low,0.7999999999999998
26,Male,Medium,Healthy,28.5,201.0,0.5,3.0,8660,1875,69.0,1.7,5.3,Low,1.2000000000000002
38,Male,High,Average,17.9,331.0,2.1,6.0,11817,1206,54.0,2.5,5.9,Low,0.20000000000000018
29,Male,Low,Unhealthy,24.1,0.0,2.9,3.7,4631,872,70.0,1.6,5.2,Low,0.40000000000000036
46,Female,High,Average,24.3,461.0,2.7,8.3,16489,1530,57.0,2.1,4.0,Medium,1.9000000000000004
50,Female,Medium,Average,26.6,285.0,0.9,4.5,8682,1561,72.0,1.4,4.5,Low,2.3
60,Female,High,Healthy,21.0,288.0,2.2,11.9,12315,1807,59.0,1.3,3.2,Low,0.7000000000000002
32,Male,Low,Average,25.1,199.0,3.7,9.6,4144,1665,71.0,2.0,3.6,Medium,1.0999999999999996
19,Male,Medium,Unhealthy,24.5,462.0,3.3,6.8,8306,1476,67.0,2.1,4.3,Low,1.4000000000000004
69,Female,Medium,Average,22.0,344.0,3.3,8.0,8398,1598,68.0,1.4,2.9,Medium,2.2
56,Male,Medium,Healthy,21.5,144.0,4.4,8.2,10980,1238,55.0,2.5,4.3,Low,0.5
61,Female,Low,Unhealthy,28.7,313.0,1.1,4.6,2262,1773,81.0,1.9,4.6,Medium,1.7000000000000002
35,Female,Medium,Unhealthy,18.2,90.0,2.2,10.1,8413,1190,54.0,1.3,3.7,Medium,0.5
20,Male,Low,Average,26.9,157.0,2.5,6.8,3399,1610,70.0,2.0,3.7,Medium,1.7999999999999998
24,Male,Medium,Healthy,28.2,419.0,1.9,5.1,5508,1737,79.0,1.0,3.4,Low,2.3
60,Male,Medium,Average,24.1,258.0,2.6,8.4,5484,1517,64.0,1.5,3.9,Low,1.4000000000000004
61,Male,High,Unhealthy,29.7,375.0,2.6,8.6,9787,1759,75.0,1.5,4.3,Medium,0.5
55,Male,Low,Unhealthy,22.2,282.0,0.7,7.9,4448,1498,70.0,1.0,3.5,Medium,1.2000000000000002
54,Male,Medium,Average,22.6,78.0,3.0,5.4,8262,1562,57.0,1.9,5.5,Low,0.1999999999999993
50,Female,Medium,Average,23.0,449.0,2.5,9.4,6283,1185,73.0,2.2,4.0,Medium,1.5999999999999996
61,Female,Medium,Average,29.7,277.0,0.8,8.8,9672,1947,60.0,1.6,2.7,Medium,1.4000000000000004
48,Male,High,Average,30.2,288.0,2.0,6.2,10455,1718,71.0,0.9,3.3,Low,2.5999999999999996
28,Female,High,Average,19.4,208.0,1.1,8.3,12352,1211,57.0,1.5,3.9,Medium,1.5999999999999996
21,Female,High,Unhealthy,29.0,366.0,2.3,3.7,10726,1754,71.0,2.9,5.3,Medium,0.3000000000000007
35,Female,High,Unhealthy,28.3,487.0,2.1,8.2,16294,2047,62.0,1.1,3.0,Medium,2.0
21,Female,High,Healthy,31.2,143.0,1.3,3.4,17550,2021,55.0,2.5,5.2,Low,0.40000000000000036
66,Male,Medium,Average,26.5,359.0,2.7,7.3,8497,1843,78.0,1.1,3.0,Medium,1.7999999999999998
51,Male,High,Average,24.8,205.0,1.6,8.7,21617,1962,50.0,1.1,2.6,Medium,1.5999999999999996
46,Female,Medium,Average,29.6,0.0,3.6,7.8,8891,1829,66.0,1.1,3.9,Low,1.2999999999999998
41,Female,Low,Average,27.8,0.0,2.6,10.9,4948,1677,69.0,1.2,3.5,Medium,1.2000000000000002
39,Female,Low,Average,34.0,263.0,2.3,5.0,5509,2289,79.0,2.0,4.7,Medium,2.0
61,Female,Medium,Average,25.6,291.0,2.7,2.0,8816,1571,66.0,1.5,5.2,Low,1.2999999999999998
23,Male,Medium,Average,20.3,315.0,2.8,5.7,6066,1060,66.0,1.2,3.3,Low,1.0999999999999996
59,Male,Low,Unhealthy,22.7,588.0,2.4,6.2,2022,965,77.0,1.8,4.5,High,1.0999999999999996
42,Male,Medium,Healthy,19.3,279.0,2.2,10.9,10184,1176,50.0,1.3,4.1,Low,0.5999999999999996
38,Female,Low,Healthy,24.1,160.0,2.8,6.9,2725,1284,73.0,2.0,3.9,Low,1.0
48,Female,Medium,Healthy,25.0,445.0,0.5,4.7,11263,1674,71.0,2.0,4.4,Low,0.20000000000000018
31,Female,High,Average,29.1,9.0,4.0,6.2,8566,1685,66.0,1.6,5.1,Low,0.09999999999999964
56,Female,Low,Average,26.4,385.0,1.7,4.9,4976,1541,71.0,1.3,3.5,Medium,1.7000000000000002
45,Female,High,Average,23.4,202.0,2.7,4.5,13934,2057,60.0,1.7,4.7,Low,0.5999999999999996
49,Female,Medium,Healthy,25.4,75.0,1.1,4.7,7859,1433,69.0,2.3,4.5,Low,1.2000000000000002
45,Male,Medium,Healthy,26.9,0.0,3.7,5.5,8119,1761,60.0,2.6,4.8,Low,0.0
66,Female,Medium,Average,25.6,71.0,3.4,6.9,9046,1682,67.0,2.1,4.7,Low,0.5999999999999996
26,Male,High,Average,21.9,209.0,2.3,3.6,10846,1656,64.0,1.5,5.4,Low,0.5999999999999996
62,Male,Medium,Healthy,23.3,53.0,2.4,5.7,9004,1799,64.0,1.3,3.6,Low,0.7999999999999998
49,Male,Low,Healthy,29.9,214.0,3.5,5.2,7155,2008,74.0,1.2,4.3,Low,1.0999999999999996
22,Male,Medium,Healthy,19.1,0.0,2.4,10.7,7790,1347,54.0,0.8,2.8,Medium,2.7
40,Male,Medium,Average,17.5,135.0,3.1,9.6,8358,950,54.0,1.3,3.2,Medium,0.5999999999999996
22,Female,Medium,Average,25.3,408.0,0.8,6.5,11541,1687,62.0,1.1,4.0,Medium,1.7999999999999998
59,Female,High,Healthy,28.6,53.0,1.8,5.4,11676,2361,64.0,2.6,5.2,Low,0.6999999999999993
49,Male,Medium,Average,22.9,145.0,2.7,4.6,7977,1441,62.0,2.4,4.4,Low,0.5
27,Male,Medium,Average,29.1,378.0,1.2,7.5,5179,1599,78.0,1.8,4.0,Low,2.0999999999999996
56,Other,Medium,Average,25.2,251.0,2.8,8.0,6059,1438,70.0,2.3,4.5,Medium,1.4000000000000004
32,Female,Medium,Healthy,24.3,17.0,2.0,10.4,5152,1327,70.0,1.9,3.7,Low,2.3
24,Female,Low,Average,28.0,233.0,1.9,7.9,5197,1332,77.0,1.4,3.0,High,1.9000000000000004
64,Male,Medium,Average,23.9,207.0,2.6,10.4,7125,1325,74.0,1.5,3.3,High,0.9000000000000004
20,Male,High,Average,27.7,341.0,1.6,9.0,12479,1813,69.0,1.5,3.9,Low,0.5
36,Female,Low,Healthy,24.9,236.0,3.4,5.3,5455,1573,69.0,2.0,4.8,Medium,1.5
27,Male,Medium,Average,32.6,186.0,2.9,6.8,7989,1875,75.0,2.2,4.3,Low,0.20000000000000018
45,Male,Low,Average,27.8,178.0,0.9,8.7,2699,1523,77.0,1.2,3.7,Medium,1.2000000000000002
46,Male,Low,Healthy,27.5,361.0,2.3,7.8,5609,1362,73.0,2.0,4.4,Medium,1.0
32,Male,Medium,Average,24.8,91.0,2.8,4.5,7717,1205,63.0,1.5,4.8,Low,0.1999999999999993
52,Female,Low,Unhealthy,28.5,0.0,2.4,7.4,5015,1695,68.0,1.7,4.7,Medium,0.5999999999999996
23,Male,Medium,Average,23.7,166.0,0.5,5.3,8143,1640,67.0,2.1,5.0,Low,1.5999999999999996
29,Female,Medium,Average,26.1,256.0,2.6,7.2,12155,1987,58.0,1.3,4.8,Low,0.2999999999999998
64,Female,Low,Average,21.3,137.0,3.1,3.8,3689,1453,65.0,1.7,4.9,Low,0.2999999999999998
55,Male,Medium,Healthy,29.2,121.0,2.4,4.8,3983,1883,73.0,1.2,4.8,Low,0.40000000000000036
30,Female,Low,Average,26.2,145.0,2.5,12.2,3658,1593,79.0,1.3,2.4,High,2.5
46,Other,High,Average,32.9,196.0,3.3,5.9,14799,2122,68.0,2.4,5.2,Low,0.5
36,Female,Low,Unhealthy,34.6,5.0,1.2,9.8,4689,1974,81.0,1.1,3.5,High,0.7000000000000002
20,Male,Low,Average,28.1,299.0,3.1,6.7,5213,1549,80.0,1.6,3.0,Medium,2.4000000000000004
25,Male,Medium,Average,25.3,0.0,2.8,4.0,6838,1492,65.0,2.1,4.4,Low,0.5999999999999996
25,Male,High,Average,21.2,281.0,1.2,4.3,18691,1885,50.0,2.5,4.7,Low,0.5999999999999996
37,Female,High,Unhealthy,28.6,246.0,3.1,5.0,16894,2358,58.0,1.8,5.0,Medium,0.5
64,Female,Low,Average,25.8,274.0,3.9,12.4,4196,1609,73.0,1.1,3.0,Medium,2.0
21,Female,Low,Healthy,27.2,0.0,2.8,6.4,2959,1476,75.0,2.1,3.8,Low,0.7000000000000002
68,Male,Medium,Unhealthy,31.9,243.0,2.9,7.5,11855,2088,73.0,1.7,4.0,Low,0.5
38,Male,High,Healthy,21.7,118.0,1.6,8.7,16187,1804,51.0,1.3,3.1,Low,0.7000000000000002
20,Female,Medium,Healthy,21.3,440.0,2.0,8.3,7015,1581,67.0,1.6,3.3,Low,2.2
62,Female,Medium,Average,24.1,254.0,1.7,9.2,10804,2008,61.0,1.2,3.5,Medium,1.2999999999999998
25,Female,Low,Average,28.3,23.0,2.8,5.7,4330,1614,79.0,1.5,4.8,Medium,0.1999999999999993
40,Male,Low,Average,27.2,0.0,2.1,4.0,6263,1569,67.0,2.4,6.3,Low,0.1999999999999993
33,Male,Medium,Average,21.4,107.0,2.0,4.6,6313,1354,67.0,1.6,3.2,Low,2.5
30,Male,Low,Healthy,28.0,321.0,3.1,3.2,3699,1754,78.0,1.6,3.5,Medium,2.0
20,Male,Low,Average,20.2,372.0,3.8,5.7,6072,1357,66.0,1.6,3.2,Medium,2.7
65,Male,Low,Average,21.6,227.0,2.4,2.0,2996,1097,72.0,1.4,4.9,Low,0.2999999999999998
26,Male,Medium,Unhealthy,24.5,212.0,1.2,8.8,7493,1527,71.0,1.2,4.6,Medium,0.5
31,Male,Low,Average,22.8,150.0,2.5,8.4,1000,1183,75.0,2.4,4.6,Medium,1.2000000000000002
30,Male,Medium,Healthy,28.6,196.0,2.7,4.6,8824,1653,68.0,1.8,4.6,Low,0.7999999999999998
24,Male,High,Average,26.1,382.0,3.2,3.6,17462,1871,64.0,2.3,5.4,Low,1.4000000000000004
32,Female,Low,Healthy,32.1,148.0,2.2,10.8,2618,1467,83.0,2.0,3.9,Medium,0.5999999999999996
24,Male,Medium,Healthy,24.0,298.0,3.2,9.4,8895,1526,65.0,1.7,3.1,Low,2.2
55,Female,High,Average,24.5,120.0,3.1,6.4,12376,1946,60.0,1.8,5.1,Low,0.5
51,Female,Medium,Average,29.8,351.0,2.3,5.3,4981,1893,77.0,2.0,3.7,Medium,1.7000000000000002
58,Female,Low,Average,24.6,286.0,3.2,7.1,3512,1365,77.0,1.8,4.2,Medium,0.0
39,Female,Low,Average,31.0,345.0,3.2,3.4,3138,2032,81.0,1.9,5.1,Medium,2.0999999999999996
66,Female,Medium,Healthy,17.5,0.0,3.3,4.0,7388,1102,59.0,2.3,6.0,Low,0.5
54,Female,Low,Average,29.7,313.0,2.4,2.0,6005,1329,75.0,2.5,5.6,Low,0.09999999999999964
61,Female,High,Healthy,28.7,270.0,2.3,5.0,12326,1967,66.0,2.2,4.7,Low,0.7999999999999998
18,Male,Medium,Unhealthy,28.8,267.0,2.4,4.5,7741,1570,74.0,1.8,4.8,Low,2.0999999999999996
27,Male,Low,Average,17.5,236.0,3.5,11.5,4359,1339,67.0,1.5,1.9,High,3.7
60,Male,Medium,Average,22.3,235.0,3.5,11.2,7898,1182,66.0,2.6,4.4,Low,0.5
33,Female,Low,Healthy,22.6,250.0,2.9,4.2,3196,1515,72.0,1.4,5.1,Low,0.5999999999999996
63,Female,Medium,Healthy,21.6,335.0,2.7,6.7,8102,1445,69.0,1.5,3.5,Low,1.2000000000000002
25,Male,Low,Unhealthy,32.0,323.0,2.4,5.4,4787,1561,83.0,1.6,3.6,Medium,1.7000000000000002
66,Female,Medium,Unhealthy,25.0,196.0,4.7,11.6,9797,1309,62.0,1.8,2.8,Medium,1.9000000000000004
42,Female,Low,Healthy,24.9,171.0,2.0,2.4,1000,1359,73.0,2.3,5.6,Low,0.09999999999999964
67,Male,Medium,Unhealthy,27.2,203.0,2.1,8.2,9013,1536,71.0,1.7,3.4,Medium,2.2
29,Female,Low,Average,27.3,138.0,2.7,10.2,2988,1090,80.0,1.5,3.4,High,0.7000000000000002
42,Female,Medium,Healthy,17.5,467.0,1.8,5.6,10315,1683,60.0,1.5,4.4,Low,1.0
43,Female,Low,Average,19.3,312.0,1.3,9.6,5388,951,64.0,2.2,3.9,Medium,1.2000000000000002
63,Male,Low,Average,26.6,311.0,1.9,4.2,3124,1091,82.0,1.8,5.5,Low,0.2999999999999998
65,Female,Low,Unhealthy,23.8,120.0,2.2,8.6,1910,1502,74.0,1.4,3.2,Medium,2.3
31,Female,Medium,Healthy,25.1,244.0,1.7,3.1,10542,1405,59.0,2.4,5.4,Low,1.0
58,Female,High,Average,17.5,389.0,3.3,3.0,17506,1595,50.0,2.5,5.4,Low,0.5999999999999996
53,Male,Medium,Healthy,23.8,150.0,1.4,9.1,3992,1437,70.0,1.4,3.4,Medium,1.0
40,Male,High,Healthy,29.5,396.0,1.7,4.6,18125,2097,63.0,2.4,5.1,Low,0.5999999999999996
60,Male,Low,Healthy,30.6,367.0,2.0,7.4,4532,1515,80.0,1.9,4.0,Low,0.7000000000000002
23,Female,Low,Unhealthy,27.9,93.0,3.2,4.1,4197,1182,78.0,2.1,5.0,Low,0.5
64,Male,Medium,Average,19.7,33.0,3.7,7.7,6355,1331,59.0,1.5,4.2,Medium,1.5999999999999996
22,Female,High,Healthy,30.0,224.0,2.9,2.9,17043,2657,51.0,2.4,4.5,Low,1.0
60,Male,Medium,Average,27.9,13.0,1.4,10.2,7080,1448,66.0,2.3,4.2,Low,0.09999999999999964
30,Other,Low,Unhealthy,28.8,526.0,2.5,2.3,2884,1067,84.0,2.3,4.7,Medium,1.0
60,Female,Medium,Unhealthy,22.6,132.0,1.3,6.5,6016,1212,61.0,1.2,3.3,Low,0.7999999999999998
31,Male,Medium,Average,26.4,256.0,4.3,6.1,3846,1515,79.0,1.3,3.7,Medium,1.4000000000000004
45,Male,Low,Average,25.3,304.0,2.0,5.6,6338,1352,76.0,1.1,4.2,Medium,0.7000000000000002
35,Female,High,Average,31.2,193.0,2.4,9.6,13625,2208,63.0,1.4,4.5,Low,0.09999999999999964
68,Female,High,Average,24.9,384.0,1.7,8.1,11108,1712,67.0,1.6,3.7,Medium,1.0999999999999996
44,Female,High,Healthy,31.3,205.0,3.5,10.7,12257,1903,64.0,1.5,3.3,Medium,1.9000000000000004
49,Female,Low,Unhealthy,22.4,186.0,2.7,2.0,3105,1162,72.0,1.6,4.7,Low,1.5999999999999996
64,Female,High,Average,28.3,319.0,2.8,6.2,16401,2086,69.0,1.5,4.7,Low,0.0
26,Female,Medium,Healthy,24.2,45.0,1.5,6.1,7461,1550,59.0,2.2,5.3,Low,1.0999999999999996
57,Female,High,Average,21.0,10.0,2.3,9.1,14295,1907,53.0,1.7,2.6,Low,0.40000000000000036
49,Female,Low,Average,25.0,0.0,2.0,6.2,3602,1539,69.0,2.1,3.4,Low,1.4000000000000004
37,Female,Medium,Unhealthy,27.8,285.0,1.8,8.4,10325,1727,67.0,1.3,3.4,Low,1.2999999999999998
45,Male,Low,Average,30.4,175.0,2.9,5.8,6066,1875,79.0,1.7,5.0,Medium,0.09999999999999964
50,Male,Low,Average,30.9,323.0,2.2,5.3,3799,1823,80.0,2.2,6.0,Low,0.09999999999999964
21,Male,High,Healthy,23.8,207.0,3.1,9.0,11161,1505,61.0,1.3,3.2,Low,2.0
63,Female,High,Average,21.1,0.0,3.1,7.0,13671,1718,50.0,1.6,5.0,Low,0.3000000000000007
51,Female,Medium,Average,23.7,146.0,2.2,7.8,1779,1209,70.0,2.1,4.0,Low,1.7999999999999998
20,Male,Medium,Average,24.1,160.0,2.1,8.7,5282,1618,70.0,2.8,4.7,Low,0.3000000000000007
25,Female,Medium,Unhealthy,27.9,131.0,1.7,11.3,8943,1578,68.0,1.5,2.6,Medium,1.4000000000000004
23,Female,Medium,Average,17.5,307.0,2.6,6.4,6859,926,61.0,1.4,3.6,Low,1.4000000000000004
33,Female,Medium,Average,22.1,0.0,1.9,6.0,7123,1745,59.0,1.6,4.5,Low,0.5
41,Male,High,Unhealthy,22.1,166.0,3.6,9.2,14773,2052,51.0,1.8,3.8,Medium,0.7000000000000002
65,Female,Medium,Unhealthy,29.7,141.0,3.8,6.9,6883,1906,77.0,1.4,4.0,Low,0.7999999999999998
56,Male,Medium,Average,20.5,0.0,2.9,8.8,9848,1359,53.0,1.4,3.8,Low,1.0999999999999996
47,Female,High,Average,25.9,366.0,2.7,6.3,16318,1889,60.0,2.2,5.6,Low,0.7999999999999998
62,Male,High,Unhealthy,24.5,103.0,2.5,8.8,15702,1657,51.0,1.9,4.9,Medium,0.20000000000000018
30,Female,High,Average,29.2,88.0,4.4,6.8,12109,1987,59.0,1.5,4.8,Low,0.0
22,Male,Medium,Average,27.4,395.0,4.1,9.2,9146,1711,73.0,1.5,2.8,Medium,1.0
42,Male,Medium,Healthy,25.5,224.0,2.3,9.9,6514,1516,65.0,1.3,2.9,Low,1.2999999999999998
37,Female,Low,Average,22.8,316.0,2.3,3.0,3869,1064,73.0,1.4,4.6,Medium,1.0
35,Male,Low,Average,17.6,0.0,2.8,7.9,1000,1110,63.0,2.2,5.1,Medium,0.5999999999999996
64,Male,Medium,Healthy,26.0,80.0,1.6,11.6,10314,1802,61.0,2.2,3.6,Low,1.2000000000000002
35,Female,Low,Unhealthy,27.1,512.0,1.1,8.5,6590,1709,77.0,1.9,3.7,High,2.4000000000000004
19,Female,Medium,Average,18.7,328.0,1.4,13.1,8449,915,61.0,1.5,1.5,High,3.7
27,Male,High,Average,20.1,38.0,2.3,4.7,9255,1071,55.0,1.7,4.2,Low,0.7999999999999998
62,Female,High,Average,26.0,233.0,1.7,7.6,13346,1613,62.0,1.0,3.2,Low,1.7000000000000002
67,Female,Low,Healthy,26.4,50.0,3.7,8.2,4106,1638,71.0,2.1,3.5,Low,0.2999999999999998
64,Male,Medium,Healthy,21.0,409.0,1.3,5.7,8032,1273,74.0,1.0,3.7,Medium,2.0999999999999996
29,Male,High,Average,22.7,0.0,1.4,3.9,21623,1793,50.0,2.7,6.6,Low,1.1999999999999993
64,Male,Medium,Healthy,17.7,241.0,1.0,12.4,7510,1316,56.0,1.6,3.1,Medium,2.4000000000000004
30,Female,High,Average,30.5,239.0,2.0,9.8,12267,1950,66.0,1.3,3.0,Medium,0.5
67,Male,High,Unhealthy,19.8,33.0,2.2,8.4,14488,1644,50.0,2.8,5.4,Low,1.0999999999999996
64,Male,Medium,Healthy,27.2,159.0,2.4,7.1,7714,1464,72.0,1.5,3.8,Low,0.5999999999999996
28,Female,Medium,Healthy,24.9,256.0,2.5,7.4,6501,1499,75.0,1.9,4.5,Low,0.3000000000000007
36,Female,Medium,Unhealthy,30.2,0.0,2.0,8.6,4476,1956,73.0,1.0,1.8,Low,1.7000000000000002
52,Male,Medium,Average,21.8,8.0,1.7,10.6,9464,1716,58.0,1.8,4.4,Medium,0.20000000000000018
56,Female,Medium,Healthy,25.2,176.0,2.8,5.2,6271,1352,70.0,1.4,4.6,Low,1.5
43,Male,Medium,Healthy,18.2,75.0,1.8,7.3,5987,1094,57.0,2.2,3.6,Low,0.09999999999999964
63,Male,High,Average,17.5,130.0,3.1,6.1,11566,1500,53.0,1.5,3.9,Low,0.40000000000000036
31,Female,Low,Average,27.4,196.0,1.3,4.4,1807,1459,81.0,2.0,5.1,Medium,0.5999999999999996
62,Female,High,Average,17.9,63.0,1.9,5.5,15968,1604,50.0,1.6,4.6,Low,0.20000000000000018
61,Male,Medium,Average,24.1,196.0,4.1,7.5,9044,1843,60.0,1.3,3.7,Low,1.4000000000000004
41,Female,High,Unhealthy,29.0,244.0,4.2,6.3,14569,2076,61.0,2.2,4.5,Low,0.5
58,Female,Low,Average,28.0,316.0,1.4,7.1,5064,1483,76.0,1.5,4.3,Medium,1.0
18,Male,Low,Healthy,22.3,13.0,3.5,8.8,4647,1552,65.0,1.1,2.3,Medium,2.2
68,Female,Medium,Average,18.6,105.0,3.8,9.9,9175,1132,52.0,2.2,4.2,Low,1.5
39,Other,Low,Healthy,30.4,0.0,2.4,8.9,5472,1623,72.0,1.8,4.0,Low,0.7999999999999998
40,Female,High,Healthy,22.4,215.0,1.0,5.5,14527,1462,50.0,1.4,5.7,Low,0.3000000000000007
36,Male,Medium,Healthy,21.8,204.0,2.6,9.8,6132,1314,69.0,1.4,2.9,Low,2.5999999999999996
35,Male,High,Average,22.9,0.0,2.8,6.2,9212,1525,61.0,1.3,4.6,Low,0.09999999999999964
29,Male,Medium,Average,27.3,125.0,2.7,5.3,4481,1494,75.0,2.5,5.0,Low,0.20000000000000018
45,Male,Low,Healthy,29.9,249.0,2.9,8.6,5419,1911,80.0,1.5,3.3,Low,1.5999999999999996
45,Male,Medium,Average,20.0,168.0,1.9,10.5,6884,1123,60.0,1.2,3.8,Medium,1.7000000000000002
36,Female,Medium,Unhealthy,34.4,223.0,0.6,7.8,6093,1721,82.0,0.8,2.2,Medium,3.5999999999999996
45,Male,Low,Unhealthy,24.3,348.0,3.2,8.1,7308,1986,72.0,1.8,4.7,Medium,1.9000000000000004
69,Female,High,Unhealthy,26.0,280.0,1.8,4.6,8612,1513,69.0,1.9,4.4,Low,1.0
66,Female,Low,Unhealthy,22.2,86.0,2.3,3.4,4207,954,67.0,1.5,5.3,Low,0.0
54,Male,Medium,Average,27.0,0.0,2.7,3.5,7282,1594,67.0,2.4,5.9,Low,0.40000000000000036
43,Female,Medium,Average,28.8,277.0,2.1,10.2,8036,1806,75.0,2.2,3.7,Medium,0.7999999999999998
52,Male,Medium,Average,26.2,23.0,1.6,5.8,7358,1780,69.0,2.1,4.7,Low,1.2000000000000002
51,Male,Low,Average,32.0,120.0,2.7,5.4,2662,1921,81.0,2.0,4.4,Low,0.5999999999999996
52,Female,High,Healthy,23.7,230.0,1.1,7.8,10645,1735,63.0,1.2,4.3,Low,1.2000000000000002
57,Male,High,Average,23.9,371.0,3.1,10.3,20145,2168,50.0,1.4,3.9,Medium,0.5
33,Female,Medium,Healthy,25.9,392.0,3.0,4.1,7404,1811,67.0,1.5,4.4,Low,1.0
55,Female,Low,Healthy,26.9,209.0,2.1,2.3,4513,1574,73.0,2.5,5.3,Low,0.7000000000000002
30,Female,Low,Healthy,25.9,123.0,2.1,10.7,1609,1206,74.0,1.2,3.5,Medium,1.2000000000000002
40,Female,Low,Unhealthy,19.9,19.0,1.7,8.3,1000,1052,73.0,2.0,3.5,Medium,0.20000000000000018
39,Female,Medium,Healthy,26.3,493.0,2.2,4.3,6646,1437,75.0,2.3,5.2,Low,1.0999999999999996
33,Male,Medium,Unhealthy,23.5,156.0,2.3,5.9,9746,1774,62.0,1.6,4.0,Low,1.2000000000000002
45,Male,Low,Healthy,22.7,301.0,2.2,4.5,4042,1537,72.0,2.2,4.2,Low,1.2000000000000002
65,Female,Medium,Average,25.1,229.0,3.7,8.6,6920,1784,65.0,1.5,3.6,Medium,0.7999999999999998
52,Male,Medium,Average,21.2,125.0,1.1,9.6,8859,1184,60.0,1.4,3.3,Medium,2.0999999999999996
62,Male,High,Average,20.5,119.0,1.8,8.7,12348,1731,53.0,2.2,4.4,Medium,0.09999999999999964
25,Female,Medium,Healthy,32.0,368.0,4.1,7.9,10835,2107,72.0,1.5,4.6,Medium,1.5
61,Male,Medium,Healthy,27.2,181.0,1.8,5.1,6845,1799,72.0,1.6,3.8,Low,1.4000000000000004
39,Female,Medium,Average,24.5,414.0,3.3,5.9,6446,1195,74.0,2.4,4.8,Low,0.9000000000000004
38,Male,Medium,Average,22.3,132.0,1.6,7.0,7853,1601,60.0,1.6,3.1,Low,2.9000000000000004
43,Male,Medium,Unhealthy,17.5,155.0,2.2,6.3,8853,919,50.0,1.5,3.6,Low,1.2000000000000002
57,Male,Medium,Average,22.1,30.0,2.5,7.0,7452,1363,61.0,1.7,4.6,Medium,1.4000000000000004
42,Female,High,Average,28.8,13.0,2.2,9.2,14796,2297,58.0,2.9,4.5,Medium,0.5
58,Male,Medium,Average,27.6,260.0,1.4,4.3,10176,1948,70.0,1.2,4.8,Low,1.0
18,Male,Medium,Average,25.6,216.0,3.0,2.0,5755,1397,69.0,0.9,3.3,Low,2.7
23,Female,Medium,Healthy,30.2,421.0,1.8,5.2,6814,1662,81.0,1.3,5.5,Low,0.1999999999999993
40,Female,Low,Average,23.7,0.0,2.0,6.5,4799,1348,60.0,1.6,4.5,Low,0.09999999999999964
68,Male,Medium,Healthy,29.3,382.0,1.9,12.0,8105,1799,77.0,1.9,2.8,Medium,0.5999999999999996
40,Male,High,Average,23.5,53.0,1.9,5.8,13437,1887,50.0,1.4,3.9,Low,0.2999999999999998
60,Other,Medium,Average,21.5,251.0,2.6,7.5,6961,1340,67.0,1.4,2.6,Medium,1.0
60,Female,Low,Average,21.0,28.0,2.6,7.8,4130,1122,62.0,1.2,2.3,Medium,1.2999999999999998
40,Male,Medium,Average,20.7,230.0,4.5,3.2,10856,1397,60.0,1.8,4.1,Low,2.5
49,Male,Low,Healthy,27.6,0.0,2.3,6.7,1000,1647,76.0,2.3,4.9,Low,1.0
47,Male,Medium,Healthy,22.0,99.0,2.4,6.3,7696,1419,65.0,1.6,4.5,Low,1.5999999999999996
30,Male,Low,Healthy,20.9,215.0,3.6,7.2,3837,1503,69.0,1.5,4.0,Low,1.2000000000000002
60,Female,Medium,Healthy,27.9,463.0,2.7,8.1,5825,1818,79.0,1.7,3.7,Medium,3.0
35,Female,Medium,Healthy,26.3,0.0,2.4,9.1,7688,1517,68.0,2.1,4.1,Low,0.5
40,Male,Medium,Average,28.9,199.0,2.4,4.9,4721,1544,77.0,1.4,4.7,Low,0.5999999999999996
32,Female,Medium,Average,27.1,122.0,2.7,8.2,6831,1606,74.0,1.6,2.2,Medium,2.8
50,Male,Low,Average,22.0,0.0,3.3,5.2,3597,1216,65.0,1.2,3.2,Medium,2.5
38,Male,Medium,Average,25.3,31.0,3.6,4.7,7989,1815,63.0,2.2,5.3,Low,1.2000000000000002
56,Male,Medium,Average,25.5,129.0,3.3,11.4,11750,1636,57.0,1.9,3.5,Medium,0.7999999999999998
40,Male,Low,Healthy,21.3,270.0,2.9,2.5,2775,1198,70.0,2.6,6.0,Low,0.9000000000000004
44,Female,Medium,Unhealthy,20.6,213.0,2.7,5.7,5350,1311,65.0,1.8,4.7,Low,1.7999999999999998
62,Male,Medium,Unhealthy,22.3,3.0,4.1,7.6,9984,1655,54.0,1.1,3.8,Low,1.2999999999999998
61,Male,Low,Healthy,33.1,0.0,2.1,5.5,1000,1789,85.0,1.9,3.5,Low,1.5999999999999996
35,Female,Low,Average,23.3,262.0,3.1,7.4,3071,1366,69.0,1.3,4.2,Medium,1.5
41,Female,Low,Healthy,29.9,170.0,3.4,3.6,3511,1539,76.0,2.1,5.5,Low,0.9000000000000004
68,Female,Medium,Healthy,23.1,441.0,3.3,2.4,6117,1323,65.0,1.6,4.6,Low,0.2999999999999998
64,Female,Low,Average,28.6,147.0,1.9,4.8,3857,1633,74.0,1.0,4.2,Low,2.0
57,Male,Low,Unhealthy,28.6,371.0,4.8,7.4,3027,1513,85.0,2.0,4.5,Medium,0.7000000000000002
68,Female,Medium,Average,28.8,281.0,3.8,6.6,4517,1434,76.0,2.6,4.9,Low,0.5999999999999996
59,Female,High,Average,26.6,323.0,3.3,8.6,15854,1876,57.0,1.0,2.5,Medium,1.5
24,Female,Medium,Average,30.5,264.0,1.7,3.4,9313,1931,70.0,1.0,4.5,Low,1.5
67,Female,High,Average,26.5,268.0,3.3,5.6,11037,2004,66.0,1.3,4.6,Medium,0.7999999999999998
37,Female,Low,Unhealthy,18.5,164.0,2.3,4.6,6784,976,62.0,2.0,4.9,Low,1.0999999999999996
44,Male,Low,Average,26.4,100.0,2.6,7.3,4672,1658,67.0,1.5,3.5,Low,2.4000000000000004
23,Male,High,Average,26.1,390.0,2.1,6.3,14000,1783,67.0,1.1,3.5,Low,1.2000000000000002
44,Male,Medium,Average,21.3,49.0,3.8,8.2,11234,1344,57.0,1.2,4.1,Low,1.2999999999999998
26,Female,Medium,Unhealthy,27.3,157.0,2.6,7.7,4756,1551,75.0,2.1,3.3,Low,1.0
62,Male,Medium,Average,19.0,320.0,1.7,2.4,3934,927,64.0,1.6,6.0,Low,0.1999999999999993
48,Female,Medium,Healthy,22.4,245.0,3.1,10.7,8333,1894,61.0,1.1,3.0,Low,1.7999999999999998
38,Male,Medium,Average,17.5,225.0,2.8,2.0,9680,1107,53.0,1.1,3.7,Medium,1.4000000000000004
43,Female,Medium,Average,31.2,366.0,1.1,3.1,4578,1781,81.0,1.7,3.8,Low,2.4000000000000004
57,Male,High,Unhealthy,24.1,239.0,3.6,6.8,10101,1712,64.0,2.6,4.8,Low,0.20000000000000018
65,Female,Medium,Average,33.7,118.0,2.6,7.7,9586,2258,65.0,2.3,5.2,Low,0.9000000000000004
62,Female,Medium,Healthy,28.2,5.0,3.3,6.3,5695,1422,66.0,1.1,3.9,Low,0.7999999999999998
30,Male,Medium,Average,26.8,273.0,2.8,5.6,7487,1730,70.0,1.4,4.5,Low,1.0
66,Male,High,Average,22.7,84.0,2.2,6.8,14629,1391,54.0,2.6,6.0,Low,0.3000000000000007
40,Female,Low,Average,20.8,163.0,2.8,8.3,5432,1319,64.0,2.2,4.6,Medium,0.9000000000000004
37,Female,Low,Healthy,27.1,361.0,2.4,4.1,3540,1485,79.0,1.3,4.1,Low,0.9000000000000004
54,Female,Medium,Healthy,24.7,166.0,2.7,4.2,8984,1744,67.0,2.6,5.6,Low,0.40000000000000036
45,Male,Medium,Healthy,19.6,133.0,3.0,4.8,5520,1252,60.0,1.6,4.1,Low,0.7000000000000002
34,Female,High,Average,18.9,158.0,2.6,10.3,15766,1553,50.0,2.3,3.7,Medium,1.4000000000000004
45,Male,Medium,Average,21.2,162.0,2.9,7.9,6182,1300,61.0,2.6,4.3,Low,0.09999999999999964
19,Female,Low,Average,33.9,451.0,2.0,11.0,7097,1816,82.0,1.2,2.6,High,3.0
42,Male,Medium,Healthy,25.8,117.0,3.1,9.0,11659,2060,65.0,1.8,3.6,Medium,0.9000000000000004
67,Female,Medium,Average,25.6,317.0,3.7,7.4,8296,1652,70.0,2.0,4.3,Medium,0.9000000000000004
58,Female,Medium,Unhealthy,23.7,47.0,2.1,10.9,11094,1765,59.0,1.1,2.2,Medium,1.9000000000000004
23,Female,Low,Average,21.3,282.0,2.8,4.6,3511,1081,68.0,2.0,5.6,Medium,0.2999999999999998
28,Male,High,Average,30.5,225.0,1.4,6.3,13591,2242,65.0,2.2,4.8,Low,0.5999999999999996
55,Male,Medium,Average,32.5,203.0,3.9,9.9,7646,1874,75.0,1.0,3.6,Low,1.7999999999999998
23,Female,Low,Healthy,21.4,226.0,3.4,2.0,2629,887,71.0,1.4,4.8,Low,0.5999999999999996
62,Male,High,Unhealthy,24.7,262.0,2.0,5.0,6967,1497,70.0,2.2,4.3,Medium,1.0
28,Male,Medium,Unhealthy,23.2,165.0,2.2,9.0,7381,1714,64.0,1.6,3.4,Medium,1.2999999999999998
31,Other,Medium,Average,23.3,173.0,3.5,7.3,10604,1175,59.0,1.5,4.5,Low,0.1999999999999993
19,Male,High,Average,29.7,286.0,2.6,8.3,14827,2225,67.0,1.4,3.9,Low,1.2000000000000002
57,Other,Low,Healthy,19.8,28.0,3.0,2.2,5221,1230,58.0,2.2,5.1,Low,0.5999999999999996
20,Male,Low,Unhealthy,26.9,5.0,1.7,4.9,4589,2047,72.0,1.9,4.6,Low,1.2000000000000002
52,Male,Medium,Average,27.9,226.0,3.0,8.6,6306,2106,74.0,1.7,3.3,Low,1.7000000000000002
50,Female,Low,Average,24.4,0.0,2.4,4.7,4372,1042,69.0,1.5,4.0,Low,1.5
41,Female,High,Healthy,28.6,0.0,2.7,9.1,13003,2226,58.0,2.1,4.9,Low,0.7999999999999998
36,Female,High,Average,25.6,470.0,2.2,7.7,10812,1634,72.0,1.9,3.6,Medium,1.7999999999999998
35,Female,Medium,Unhealthy,29.9,432.0,2.3,4.1,9839,1849,72.0,1.9,4.0,Low,1.4000000000000004
66,Female,High,Average,18.9,114.0,2.6,7.9,10084,1233,56.0,2.0,4.4,Low,1.4000000000000004
69,Male,Low,Healthy,23.6,349.0,2.0,8.9,3011,1160,77.0,1.7,3.2,Medium,0.40000000000000036
41,Male,Medium,Average,24.7,355.0,4.3,7.9,12433,1995,63.0,1.9,4.5,Medium,2.2
62,Male,High,Healthy,17.5,270.0,1.7,8.3,16104,1048,50.0,1.5,3.7,Medium,1.2000000000000002
52,Female,High,Unhealthy,20.7,188.0,2.9,2.7,14735,1491,54.0,1.7,5.4,Low,0.09999999999999964
18,Male,Medium,Average,21.7,293.0,2.7,12.6,3653,1366,73.0,1.8,2.8,Medium,1.5999999999999996
53,Male,Low,Average,28.8,319.0,3.1,14.0,3823,1185,85.0,2.2,3.6,High,1.5
42,Male,Low,Healthy,22.2,296.0,0.5,10.6,2253,1154,72.0,1.2,2.6,Medium,1.9000000000000004
62,Male,Medium,Healthy,21.7,0.0,1.2,7.3,7844,1157,58.0,1.2,3.7,Low,1.5
66,Male,Medium,Average,28.3,504.0,2.1,6.0,7619,1766,78.0,1.2,4.8,Low,0.40000000000000036
60,Female,Low,Unhealthy,18.5,560.0,3.2,6.0,2715,1043,73.0,1.4,4.0,Medium,2.4000000000000004
51,Male,Medium,Healthy,17.5,0.0,2.3,9.0,10344,1475,50.0,2.3,4.4,Low,1.0999999999999996
42,Female,High,Average,23.6,276.0,2.3,9.7,16864,1390,50.0,2.3,4.0,Medium,1.0
33,Female,Medium,Average,19.2,506.0,2.5,5.4,5748,1275,71.0,2.1,5.8,Low,1.0
51,Male,Low,Average,19.4,350.0,1.8,6.9,6361,1074,65.0,1.4,3.7,Medium,1.0
46,Female,High,Average,27.3,351.0,2.9,10.1,10551,2077,68.0,1.6,3.4,Medium,1.7000000000000002
36,Male,Low,Healthy,28.5,0.0,2.7,6.7,6496,1596,66.0,1.3,3.3,Medium,0.5999999999999996
40,Female,Medium,Average,28.2,318.0,2.9,7.3,7578,1549,72.0,1.4,3.1,Medium,2.5999999999999996
36,Other,Low,Unhealthy,29.4,235.0,3.7,10.4,3399,1495,80.0,2.8,4.6,Medium,0.1999999999999993
42,Female,Medium,Unhealthy,30.0,316.0,2.3,10.0,10978,2052,67.0,1.7,3.1,Medium,2.3
33,Female,Medium,Average,17.5,44.0,2.6,9.0,7671,1321,54.0,1.8,4.0,Low,0.2999999999999998
68,Male,Medium,Unhealthy,26.8,39.0,1.7,4.3,10195,1742,61.0,1.9,4.6,Low,1.2999999999999998
26,Male,Medium,Healthy,22.9,178.0,1.5,4.4,5397,1165,67.0,2.0,5.7,Low,0.2999999999999998
18,Female,Low,Average,22.0,143.0,2.5,5.2,4042,1024,67.0,1.8,3.3,Low,1.5999999999999996
36,Male,Medium,Healthy,18.1,128.0,3.1,7.5,10392,1425,56.0,2.4,5.4,Low,0.5
50,Male,Low,Unhealthy,18.0,169.0,3.0,6.8,5068,1184,54.0,1.8,4.4,Medium,1.0
33,Male,High,Average,27.0,192.0,3.8,6.4,15420,1808,61.0,1.3,5.0,Medium,0.1999999999999993
57,Male,Medium,Average,21.5,277.0,2.3,5.8,9208,1510,58.0,2.4,5.5,Low,0.40000000000000036
35,Male,Low,Average,28.0,239.0,2.7,13.1,4716,1487,78.0,1.3,3.1,High,2.2
51,Female,Medium,Average,27.7,10.0,1.6,8.7,6444,1631,63.0,3.1,5.3,Low,0.8000000000000007
42,Male,High,Healthy,25.3,398.0,3.1,7.1,14369,1601,60.0,1.0,2.8,Low,2.0
62,Female,Low,Unhealthy,20.3,75.0,2.6,3.2,5156,1017,66.0,1.2,4.3,Low,0.40000000000000036
23,Male,Medium,Healthy,23.3,378.0,2.6,4.5,12887,1657,60.0,1.8,4.1,Low,2.0
38,Male,Medium,Unhealthy,28.4,249.0,2.9,6.9,10371,1990,68.0,2.6,5.4,Medium,0.2999999999999998
23,Male,Low,Average,30.3,350.0,2.8,10.4,4337,1547,85.0,1.3,4.0,Medium,0.1999999999999993
49,Female,Medium,Average,23.7,226.0,2.8,7.6,8569,1957,60.0,2.0,3.4,Low,1.0
58,Female,High,Average,24.0,285.0,2.2,7.5,13564,1734,59.0,2.1,4.3,Low,0.6999999999999993
65,Female,Medium,Average,24.4,348.0,3.8,9.8,8222,1428,68.0,1.8,3.8,Medium,1.0
60,Male,Low,Average,26.1,486.0,1.3,4.6,5164,1254,75.0,2.3,5.5,Medium,0.09999999999999964
56,Female,Medium,Unhealthy,22.7,361.0,2.0,10.5,9503,1411,63.0,1.3,3.1,Medium,1.0999999999999996
59,Female,Medium,Average,29.8,0.0,1.9,9.9,5801,2066,66.0,2.3,5.1,Low,0.1999999999999993
27,Female,High,Average,32.2,0.0,1.1,11.2,13357,2267,63.0,1.3,2.2,Low,1.0999999999999996
47,Female,Medium,Unhealthy,22.6,180.0,3.8,4.7,6328,1394,64.0,1.6,4.9,Medium,1.2000000000000002
35,Female,Medium,Average,24.5,98.0,2.0,9.0,9216,1079,60.0,1.0,3.8,Low,1.5999999999999996
41,Male,Medium,Average,24.2,187.0,3.1,6.3,8690,1595,65.0,2.6,5.2,Medium,0.5999999999999996
69,Female,Medium,Healthy,29.0,299.0,2.4,6.4,6162,1616,76.0,1.2,4.7,Medium,0.09999999999999964
26,Male,High,Average,25.2,106.0,2.3,6.0,13026,1671,57.0,1.4,5.1,Low,0.09999999999999964
48,Male,Medium,Unhealthy,21.8,334.0,1.7,2.3,8613,1513,64.0,2.0,5.3,Low,1.0999999999999996
32,Male,High,Unhealthy,19.7,205.0,2.5,9.6,14772,1308,50.0,1.2,3.1,Medium,0.7000000000000002
21,Male,High,Average,28.5,205.0,2.0,4.5,15317,2329,60.0,2.1,4.4,Low,1.9000000000000004
57,Male,Medium,Average,27.4,481.0,1.7,2.0,6475,2001,77.0,2.1,4.3,Low,2.0
26,Female,High,Average,29.2,226.0,3.3,9.6,15074,2200,61.0,1.7,4.1,Low,1.2000000000000002
62,Female,Low,Average,21.1,191.0,1.8,8.2,3928,1151,71.0,1.9,4.1,Medium,0.7999999999999998
26,Female,Medium,Average,32.4,278.0,3.6,3.7,9543,1880,72.0,2.3,4.4,Low,1.0999999999999996
21,Male,Medium,Healthy,27.8,192.0,1.3,8.7,14058,2016,58.0,1.5,4.7,Low,1.5
34,Female,High,Healthy,17.5,265.0,2.9,7.0,17928,1793,50.0,2.3,4.1,Low,1.0999999999999996
33,Male,Low,Average,21.8,183.0,2.1,6.1,4189,1347,63.0,1.4,3.2,Medium,1.9000000000000004
52,Male,High,Average,28.3,126.0,2.7,7.5,11192,1973,67.0,2.0,3.4,Low,0.9000000000000004
69,Male,Low,Average,22.8,115.0,1.5,5.0,2633,1451,67.0,2.2,5.1,Low,0.5999999999999996
22,Male,Low,Unhealthy,22.9,454.0,0.9,9.8,4407,1315,79.0,1.6,3.3,High,2.4000000000000004
22,Male,Medium,Average,25.4,116.0,3.0,8.4,8605,1384,64.0,2.2,4.0,Medium,0.5999999999999996
37,Male,Medium,Healthy,27.1,0.0,3.7,6.7,13352,2146,53.0,2.4,5.0,Low,0.5999999999999996
32,Male,Medium,Unhealthy,30.0,218.0,2.2,11.4,6544,2198,73.0,2.2,3.1,Medium,1.4000000000000004
35,Female,High,Unhealthy,23.2,352.0,3.5,6.2,11505,1679,64.0,1.3,4.2,Medium,1.4000000000000004
64,Female,Low,Average,18.6,386.0,3.1,10.9,4375,995,66.0,1.9,3.7,Medium,2.5
19,Male,High,Healthy,25.6,20.0,3.0,7.7,12488,1874,62.0,2.5,5.2,Medium,0.09999999999999964
46,Male,Low,Unhealthy,23.2,366.0,2.4,8.9,4583,1272,71.0,1.3,3.0,High,2.8
30,Female,Low,Average,19.8,508.0,2.0,6.1,3289,1127,73.0,1.7,4.2,Medium,0.9000000000000004
21,Male,Medium,Healthy,26.2,97.0,2.8,2.3,7429,1624,65.0,1.8,5.5,Low,0.5
59,Female,Low,Healthy,24.1,173.0,3.0,8.2,4644,1239,73.0,1.6,4.5,Low,2.0
62,Male,Medium,Unhealthy,26.2,15.0,1.5,4.0,6866,1440,61.0,1.8,4.4,Low,1.7000000000000002
27,Female,Medium,Healthy,21.4,478.0,2.2,5.5,7278,1346,63.0,2.1,4.4,Low,0.7000000000000002
48,Female,Low,Average,26.9,0.0,2.3,7.2,4792,1497,68.0,1.1,2.8,Medium,2.5999999999999996
58,Female,High,Average,19.7,140.0,2.3,5.4,14139,1664,50.0,2.1,5.0,Low,0.0
25,Female,Medium,Healthy,21.7,317.0,2.0,6.9,6720,1407,62.0,1.7,4.5,Low,1.2000000000000002
20,Male,High,Healthy,24.0,97.0,1.4,7.5,12554,1823,58.0,1.5,5.1,Low,0.0
65,Male,High,Average,32.0,51.0,2.3,3.3,17127,2256,60.0,1.7,4.9,Low,0.7999999999999998
63,Female,Low,Average,28.1,192.0,2.3,7.7,4465,1422,74.0,1.7,3.9,Medium,1.7000000000000002
26,Female,Medium,Unhealthy,29.3,558.0,2.1,5.4,7277,1547,78.0,2.2,4.4,Medium,1.4000000000000004
47,Male,Medium,Average,30.7,161.0,3.0,4.3,9731,2122,74.0,1.6,4.8,Low,0.7000000000000002
28,Female,High,Average,38.0,168.0,1.4,2.0,15308,2415,67.0,1.7,5.7,Low,0.6999999999999993
52,Male,High,Average,25.2,32.0,2.7,3.1,18064,1856,50.0,1.4,5.2,Low,0.09999999999999964
54,Male,Medium,Healthy,30.7,257.0,1.1,7.1,9771,2181,70.0,2.1,4.4,Low,0.09999999999999964
59,Female,Low,Healthy,29.1,332.0,2.4,7.1,5749,1606,78.0,2.0,3.9,Medium,1.2999999999999998
30,Male,Medium,Average,29.0,109.0,0.7,8.3,7319,1306,73.0,1.6,5.0,Low,0.1999999999999993
53,Female,High,Healthy,32.1,280.0,1.8,11.3,11333,2102,73.0,2.2,3.6,Medium,0.09999999999999964
30,Male,Medium,Average,23.3,110.0,2.5,10.4,9543,1436,55.0,2.8,4.9,Low,0.09999999999999964
29,Male,High,Unhealthy,23.0,0.0,1.4,9.5,16343,1659,50.0,2.0,4.3,Low,1.0999999999999996
54,Female,Medium,Average,26.3,268.0,1.4,10.0,7790,1598,64.0,2.0,3.8,Medium,0.5999999999999996
27,Female,Low,Average,24.3,511.0,3.3,7.5,2434,902,82.0,1.0,2.7,Medium,1.7999999999999998
26,Male,High,Unhealthy,26.3,20.0,1.2,7.4,14920,1539,55.0,2.7,4.3,Low,0.2999999999999998
69,Male,High,Unhealthy,31.3,226.0,2.4,10.8,15165,2079,63.0,1.9,4.0,Low,0.40000000000000036
24,Male,Low,Unhealthy,23.1,396.0,3.7,7.5,1963,1345,79.0,1.6,4.2,Medium,1.7999999999999998
19,Male,Low,Average,23.8,184.0,2.6,7.6,4561,1319,67.0,1.7,3.9,Medium,2.5
40,Female,Medium,Unhealthy,25.7,0.0,2.5,9.9,10301,1635,56.0,1.7,5.0,Medium,1.0
57,Male,Medium,Average,17.5,423.0,1.9,6.7,9058,1415,59.0,1.9,3.5,Medium,1.7999999999999998
56,Male,Low,Average,22.7,124.0,2.4,3.6,5965,1381,70.0,1.4,4.1,Medium,0.7000000000000002
38,Female,Medium,Healthy,27.7,234.0,0.9,5.8,10745,1804,65.0,1.4,4.4,Low,0.7000000000000002
40,Female,Medium,Average,30.8,41.0,3.3,6.2,4251,1598,73.0,1.5,3.5,Low,1.0
46,Female,Medium,Average,20.4,185.0,2.7,6.3,10175,1349,65.0,1.8,3.6,Low,1.2000000000000002
31,Female,Medium,Average,20.4,258.0,1.1,9.0,7372,1350,59.0,1.8,3.5,Low,1.2999999999999998
43,Male,High,Healthy,25.1,218.0,3.3,4.5,12711,2026,60.0,2.3,5.0,Low,0.7000000000000002
68,Female,Medium,Average,17.5,135.0,3.0,10.7,13024,1443,50.0,1.7,3.6,Medium,0.40000000000000036
22,Female,Medium,Average,23.2,266.0,2.9,2.0,8439,1334,67.0,1.7,6.0,Low,1.0
48,Female,Medium,Average,18.1,300.0,4.3,8.5,7234,1134,60.0,1.6,3.7,Low,1.0999999999999996
42,Male,Medium,Average,30.5,310.0,2.6,9.0,9598,2130,72.0,1.1,2.2,High,1.9000000000000004
48,Male,Medium,Average,21.9,156.0,3.7,8.7,11371,1565,56.0,1.5,4.5,Medium,0.7999999999999998
67,Male,Medium,Average,31.6,106.0,2.5,9.7,8346,1637,77.0,0.9,3.2,Medium,2.2
37,Female,Medium,Average,29.5,494.0,2.9,6.5,6932,1839,82.0,0.9,3.8,Medium,2.7
61,Male,High,Average,22.4,220.0,2.1,10.1,14273,1562,52.0,1.3,3.8,Medium,1.0999999999999996
34,Male,High,Unhealthy,20.7,161.0,1.0,5.3,17272,1496,50.0,1.9,5.3,Medium,0.5999999999999996
62,Female,Medium,Average,24.2,0.0,1.0,5.5,7378,1522,62.0,2.9,5.5,Low,0.5
19,Male,High,Unhealthy,24.6,60.0,2.4,12.2,17275,1752,50.0,1.8,4.2,Medium,0.5999999999999996
42,Male,High,Healthy,26.4,103.0,2.3,7.4,13578,2025,53.0,1.4,4.5,Low,0.09999999999999964
30,Male,High,Average,21.9,265.0,1.6,9.4,8436,1450,61.0,1.3,4.0,Medium,0.7999999999999998
56,Male,Low,Healthy,28.0,146.0,2.3,8.2,6279,1919,69.0,1.4,3.4,Low,1.2000000000000002
45,Male,Medium,Healthy,26.1,202.0,2.9,8.8,8670,1721,72.0,1.9,3.7,Low,2.3
59,Female,Medium,Average,23.6,0.0,3.5,2.0,10107,1484,58.0,1.9,6.2,Low,0.6999999999999993
23,Female,Medium,Unhealthy,22.2,410.0,1.9,7.9,8604,1352,62.0,2.0,4.0,Medium,2.0
20,Male,Low,Average,24.3,89.0,2.8,7.0,4055,1304,68.0,1.3,4.2,Medium,0.2999999999999998
52,Male,Medium,Average,21.7,235.0,3.9,9.4,9473,1562,62.0,2.1,3.7,Medium,1.5
35,Female,Medium,Average,25.2,120.0,3.1,5.0,7692,1279,68.0,1.6,4.6,Low,1.5
28,Male,High,Healthy,25.3,152.0,1.9,10.0,19440,2097,50.0,2.1,4.0,Medium,1.5
37,Male,Medium,Average,26.0,80.0,2.6,4.0,7939,1433,67.0,2.1,4.8,Low,1.0
22,Female,Low,Average,32.1,244.0,2.6,5.9,6728,2322,77.0,1.4,4.6,Medium,1.0
36,Male,Low,Average,24.5,52.0,3.0,3.1,4906,1531,67.0,1.9,5.1,Low,0.5
39,Male,Medium,Average,29.0,247.0,2.5,4.3,3237,1709,89.0,2.2,4.4,Low,0.40000000000000036
36,Male,Medium,Healthy,25.9,182.0,2.9,7.0,6020,1550,68.0,1.2,4.4,Low,1.7000000000000002
64,Female,Medium,Average,24.0,294.0,3.3,10.4,9699,1268,61.0,1.5,2.0,High,2.7
33,Male,Medium,Unhealthy,24.5,309.0,1.7,7.1,6163,1475,70.0,1.9,4.9,Low,0.7999999999999998
41,Male,High,Unhealthy,24.8,152.0,1.4,3.8,9930,1715,62.0,2.0,6.4,Low,1.4000000000000004
21,Female,Medium,Average,21.2,132.0,2.4,8.7,4823,1237,67.0,2.8,5.4,Medium,0.40000000000000036
32,Male,High,Healthy,19.1,397.0,3.2,5.4,16333,1734,50.0,2.3,4.8,Low,1.2000000000000002
42,Male,High,Average,27.6,146.0,3.4,5.7,12910,1918,54.0,2.0,4.7,Low,0.40000000000000036
52,Female,Low,Average,28.0,129.0,1.8,6.7,4399,1680,72.0,1.3,3.2,Low,2.3
31,Male,Low,Unhealthy,25.6,90.0,2.4,6.3,1000,1567,79.0,1.5,3.6,Low,0.5
66,Male,High,Average,28.1,505.0,1.7,7.4,13055,1760,66.0,2.0,4.0,Medium,1.0
36,Female,Medium,Average,27.9,272.0,2.1,10.7,7511,2083,71.0,1.5,3.5,High,0.5
55,Female,Medium,Healthy,28.2,210.0,1.5,7.6,8818,2150,70.0,1.2,3.6,Medium,2.0
24,Male,Low,Unhealthy,20.6,366.0,1.7,5.0,3632,1309,68.0,2.0,3.4,Medium,1.7999999999999998
47,Male,Medium,Average,23.4,118.0,2.8,6.3,5731,1763,64.0,1.8,3.2,Low,1.0
36,Male,Medium,Healthy,24.9,218.0,3.2,9.2,8962,1891,69.0,0.9,2.9,Low,2.4000000000000004
66,Female,Medium,Unhealthy,24.0,530.0,2.8,3.9,9742,1246,68.0,2.0,4.1,Low,1.0
42,Male,Low,Average,17.5,56.0,4.6,7.4,4496,1024,56.0,2.2,4.7,Medium,0.7999999999999998
33,Female,Medium,Average,31.9,280.0,3.3,6.8,7561,1796,76.0,2.2,3.9,Medium,1.5
64,Female,High,Healthy,23.9,243.0,3.2,9.5,12888,1881,58.0,1.9,3.4,Low,0.7000000000000002
57,Male,Low,Healthy,25.7,279.0,2.4,4.5,2623,1579,79.0,1.9,5.8,Low,0.7000000000000002
68,Male,High,Healthy,30.0,157.0,2.3,7.4,14745,1853,58.0,2.5,5.1,Low,0.5999999999999996
35,Male,Low,Average,23.0,233.0,2.3,9.2,5254,1045,67.0,1.5,2.9,Medium,0.40000000000000036
45,Female,Medium,Average,23.5,131.0,2.5,8.5,6754,1427,70.0,1.9,3.9,Medium,1.7999999999999998
33,Other,High,Average,23.7,0.0,2.4,6.2,14357,1701,52.0,2.0,4.0,Low,0.7000000000000002
69,Male,Medium,Average,24.3,76.0,2.9,7.4,5367,1522,69.0,1.7,5.2,Low,0.3000000000000007
36,Male,Medium,Unhealthy,30.8,152.0,3.2,6.7,7321,2193,76.0,2.7,4.8,Low,0.0
34,Female,Low,Average,28.8,222.0,2.3,8.3,5586,1603,71.0,1.1,2.0,Medium,3.0999999999999996
62,Female,Low,Healthy,25.2,86.0,2.6,5.4,6559,1683,69.0,1.3,5.2,Low,0.5
30,Female,High,Average,19.4,193.0,2.8,11.4,10470,1318,62.0,2.3,3.0,Low,1.2000000000000002
24,Female,Low,Healthy,17.5,525.0,3.7,10.0,5361,1053,68.0,0.9,2.1,Medium,2.5999999999999996
44,Male,Medium,Unhealthy,18.9,384.0,1.1,4.8,9361,1354,61.0,1.5,4.9,Low,1.0
27,Female,High,Healthy,26.4,288.0,2.5,6.1,12352,1575,64.0,1.3,4.2,Low,1.2000000000000002
51,Female,Low,Average,25.1,471.0,2.0,6.6,2872,1308,75.0,2.1,4.8,Medium,1.5999999999999996
53,Female,Medium,Healthy,24.2,189.0,2.1,9.0,6471,1309,71.0,1.4,3.3,Low,1.5999999999999996
42,Male,Low,Average,23.5,190.0,1.8,5.0,3433,1473,68.0,1.4,5.0,Low,1.2000000000000002
23,Female,Low,Healthy,33.0,41.0,2.9,5.3,3461,1582,84.0,1.4,3.5,Low,2.2
41,Female,Low,Average,21.7,391.0,0.5,9.2,3770,1047,73.0,1.9,3.8,High,2.5
35,Female,Medium,Unhealthy,28.7,493.0,2.4,8.4,6980,1572,82.0,1.8,3.8,Medium,0.9000000000000004
40,Female,Medium,Average,25.0,336.0,1.0,2.1,9611,1477,61.0,1.2,4.5,Medium,0.20000000000000018
46,Female,High,Average,29.7,0.0,2.3,3.3,13480,2241,60.0,2.3,6.0,Low,0.8000000000000007
34,Female,Medium,Healthy,24.0,184.0,3.0,6.1,6867,1393,70.0,1.8,3.9,Low,2.4000000000000004
63,Male,Medium,Unhealthy,28.2,553.0,3.5,5.8,8877,1752,78.0,0.9,2.8,Medium,2.5
41,Male,Low,Healthy,26.5,459.0,4.1,5.4,4084,1804,80.0,1.1,4.4,Medium,1.0
28,Male,Low,Healthy,25.0,315.0,2.5,4.4,4298,1360,68.0,1.6,3.7,Low,2.5
43,Female,Medium,Average,25.8,148.0,3.4,8.3,9716,1463,63.0,1.5,3.8,Low,1.7999999999999998
68,Female,High,Healthy,22.2,223.0,3.7,3.0,13837,1826,58.0,1.2,4.8,Low,0.7999999999999998
51,Other,High,Average,23.8,0.0,2.1,5.7,18110,1867,50.0,2.1,5.2,Low,0.09999999999999964
45,Male,Low,Healthy,22.7,339.0,3.5,9.0,1000,1140,78.0,1.4,3.3,High,1.7999999999999998
20,Male,High,Unhealthy,28.6,0.0,0.8,8.0,10054,1787,66.0,2.3,5.3,Medium,0.20000000000000018
28,Male,High,Average,24.6,155.0,2.7,3.5,19430,1976,52.0,1.3,5.0,Low,0.1999999999999993
55,Male,Medium,Average,19.8,431.0,3.8,2.2,7204,1377,67.0,1.6,4.4,Low,0.7999999999999998
31,Female,Low,Healthy,22.1,308.0,2.6,4.3,4444,1221,68.0,1.9,4.4,Low,0.2999999999999998
68,Male,High,Healthy,17.5,0.0,2.3,2.0,17759,1647,50.0,2.2,6.1,Low,0.40000000000000036
43,Female,Medium,Average,23.0,0.0,2.3,7.2,8686,1706,58.0,1.9,4.2,Low,1.5999999999999996
65,Female,High,Average,25.2,110.0,3.7,5.9,16739,2225,53.0,1.5,4.7,Low,1.2999999999999998
38,Male,Medium,Average,24.5,211.0,1.2,6.0,9231,1413,62.0,1.4,5.1,Low,0.7000000000000002
56,Female,Medium,Average,32.9,331.0,2.2,8.3,9965,2247,72.0,1.5,3.8,Medium,1.5999999999999996
47,Male,Low,Healthy,27.3,290.0,3.2,9.2,4739,1781,72.0,1.3,3.0,Medium,1.5
68,Female,Low,Unhealthy,18.4,292.0,3.4,6.4,3130,1055,68.0,1.1,4.3,Medium,1.2999999999999998
37,Female,Low,Average,23.5,308.0,3.0,5.2,4784,1318,74.0,1.9,3.3,Medium,2.4000000000000004
65,Male,Medium,Unhealthy,23.1,273.0,2.1,6.1,7919,1162,72.0,1.9,3.7,Low,2.3
49,Male,Medium,Unhealthy,21.9,571.0,3.0,7.5,7825,1427,73.0,1.8,3.5,Medium,0.5
39,Male,Low,Healthy,21.8,308.0,1.4,9.3,1481,1505,80.0,0.8,2.4,Low,3.3
26,Other,Medium,Average,19.9,481.0,2.0,4.2,7731,1261,66.0,1.9,4.5,Medium,2.3
62,Female,Medium,Average,28.5,327.0,2.6,7.0,11111,1985,66.0,1.9,2.9,Medium,2.3
18,Male,Low,Average,24.4,117.0,1.9,2.0,3581,1125,68.0,1.2,4.2,Low,0.7999999999999998
46,Female,Medium,Average,23.0,386.0,2.6,7.7,8565,1438,65.0,1.3,3.2,Low,2.5999999999999996
25,Male,Low,Average,25.0,139.0,2.5,9.6,6063,1655,66.0,2.0,4.4,Medium,0.7000000000000002
21,Male,Low,Average,29.7,52.0,1.0,12.9,2143,1682,76.0,2.1,4.1,Medium,1.4000000000000004
52,Female,Medium,Healthy,25.0,65.0,2.1,7.2,7234,1439,65.0,1.8,4.6,Low,0.5
20,Female,Medium,Average,27.2,384.0,3.3,9.1,9759,2107,71.0,1.6,2.9,Medium,1.5
62,Female,Low,Unhealthy,21.6,293.0,2.9,7.1,7703,1096,68.0,1.6,3.5,Medium,1.9000000000000004
57,Female,Medium,Average,22.5,359.0,1.9,11.0,4029,1348,74.0,1.9,2.9,High,2.5
24,Female,Low,Healthy,26.4,293.0,3.0,5.9,3824,1642,82.0,1.6,4.8,Medium,0.09999999999999964
44,Male,Low,Healthy,32.6,228.0,3.9,7.8,4942,2074,87.0,1.9,4.4,Medium,1.2000000000000002
18,Female,Medium,Average,30.7,247.0,2.2,8.5,9682,1946,70.0,2.3,3.4,Low,1.2999999999999998
44,Other,Medium,Unhealthy,27.3,288.0,3.1,8.0,12492,2017,65.0,1.6,4.0,Low,1.2999999999999998
33,Male,Medium,Unhealthy,25.6,109.0,3.0,5.1,6709,1549,67.0,1.6,3.8,Low,0.7000000000000002
55,Female,Medium,Average,30.6,6.0,2.1,3.6,7529,2164,67.0,1.3,4.2,Low,1.5999999999999996
24,Female,Medium,Healthy,28.2,127.0,1.6,9.6,4743,1664,77.0,2.0,4.8,Low,1.0
61,Male,Medium,Average,17.5,281.0,3.8,7.6,8256,1437,61.0,2.1,5.2,Low,0.6999999999999993
40,Female,Low,Unhealthy,20.8,102.0,3.4,7.2,4766,999,66.0,2.3,3.8,Medium,0.9000000000000004
28,Female,Medium,Average,17.9,266.0,3.5,9.1,11407,1459,52.0,2.3,3.6,Low,1.4000000000000004
59,Male,Medium,Average,21.4,217.0,2.9,7.9,11032,1617,62.0,2.3,5.1,Medium,1.0
50,Female,Medium,Average,22.2,109.0,3.5,8.6,6609,1260,67.0,1.6,3.6,Medium,0.9000000000000004
67,Male,Low,Unhealthy,24.0,337.0,1.1,5.7,4639,1013,67.0,1.7,3.0,Medium,2.8
54,Male,High,Average,23.8,247.0,3.8,3.1,15401,1616,56.0,2.7,5.5,Low,0.40000000000000036
58,Female,Medium,Average,28.3,134.0,4.6,7.0,7914,2289,78.0,1.8,4.7,Low,0.40000000000000036
34,Female,Medium,Unhealthy,23.9,218.0,2.2,8.9,10261,998,63.0,1.6,3.6,Low,1.7000000000000002
52,Female,Low,Average,23.5,272.0,2.2,5.2,3466,1280,74.0,1.8,4.0,Medium,0.7000000000000002
65,Female,Low,Average,19.6,28.0,3.0,7.4,4494,1100,61.0,1.9,4.1,Medium,1.5999999999999996
22,Male,Low,Average,29.1,0.0,2.8,7.8,6179,1710,70.0,1.3,4.5,Low,0.09999999999999964
65,Male,Medium,Average,22.3,60.0,2.9,4.8,12307,1590,59.0,1.9,3.2,Low,1.7999999999999998
49,Female,High,Healthy,20.7,331.0,0.8,9.8,11513,1299,59.0,1.5,4.5,Low,0.2999999999999998
20,Male,High,Average,25.9,255.0,2.3,7.8,15651,2124,62.0,1.7,3.8,Medium,0.7999999999999998
64,Female,High,Unhealthy,22.9,495.0,0.6,7.2,17659,2225,57.0,1.8,4.2,Medium,0.5999999999999996
52,Male,Medium,Unhealthy,26.0,392.0,1.2,10.6,11267,1841,61.0,1.2,4.1,High,0.7999999999999998
69,Male,Medium,Average,23.7,356.0,1.1,7.0,7333,1296,67.0,1.2,3.2,Medium,2.7
31,Female,Low,Unhealthy,34.2,91.0,3.0,5.4,3886,1727,81.0,1.9,4.9,Low,0.20000000000000018
65,Male,Medium,Average,24.7,354.0,1.8,5.6,8146,1789,69.0,1.3,3.4,Low,2.5999999999999996
48,Male,Low,Average,27.5,251.0,1.5,6.6,4718,1295,75.0,2.2,4.4,Medium,1.7000000000000002
48,Male,Medium,Healthy,17.5,91.0,2.5,4.0,9653,1271,52.0,1.3,4.0,Low,2.5999999999999996
34,Female,High,Healthy,21.6,184.0,1.5,10.5,12874,1588,59.0,1.9,4.1,Low,1.2000000000000002
41,Female,Low,Unhealthy,20.7,44.0,2.9,9.3,6785,1294,59.0,1.2,3.6,Medium,0.9000000000000004
69,Male,Low,Unhealthy,21.2,92.0,4.4,9.7,1256,1219,72.0,1.5,4.3,High,0.40000000000000036
40,Male,Low,Average,26.7,28.0,2.2,3.2,2208,1552,74.0,1.3,5.1,Low,0.09999999999999964
35,Male,Medium,Average,29.1,343.0,0.9,7.3,9215,1906,72.0,1.6,2.8,Medium,1.4000000000000004
67,Female,Low,Average,26.4,189.0,2.1,9.7,3753,1694,81.0,1.8,3.1,Medium,0.7000000000000002
31,Male,Medium,Unhealthy,24.1,58.0,2.9,4.6,6867,1531,66.0,2.8,6.2,Low,0.5
67,Male,Medium,Healthy,22.5,277.0,2.8,6.8,9918,1421,62.0,2.2,4.8,Low,0.40000000000000036
32,Female,Medium,Average,29.5,200.0,3.2,4.3,9625,1633,71.0,1.7,5.3,Low,0.8000000000000007
32,Female,Low,Average,33.3,357.0,2.0,9.1,5873,1912,85.0,1.0,2.5,Medium,2.0999999999999996
23,Other,High,Unhealthy,25.5,220.0,2.3,6.5,10893,1788,63.0,1.5,5.2,Low,0.40000000000000036
44,Female,Medium,Healthy,28.8,0.0,0.5,6.8,9625,1471,62.0,1.0,3.2,Low,1.9000000000000004
32,Male,Medium,Unhealthy,26.4,125.0,3.0,4.2,9604,1792,63.0,2.2,3.4,Low,1.7000000000000002
67,Male,Medium,Average,28.0,26.0,1.5,10.9,5985,1465,60.0,2.0,2.6,Low,1.2000000000000002
53,Male,Medium,Healthy,20.3,284.0,2.7,7.1,8078,1157,61.0,1.0,3.5,Medium,1.7000000000000002
25,Male,Low,Average,23.0,362.0,1.8,9.0,5453,1398,73.0,1.3,3.2,High,1.0999999999999996
20,Female,Medium,Healthy,29.8,181.0,3.3,4.7,7706,2087,72.0,1.6,5.1,Low,0.40000000000000036
64,Female,Medium,Average,21.7,372.0,2.2,2.9,5802,1499,71.0,1.9,5.2,Medium,0.5999999999999996
58,Female,Low,Healthy,23.0,134.0,2.5,9.8,4059,1274,69.0,1.9,3.4,Medium,2.2
51,Female,Medium,Average,29.0,199.0,2.0,2.1,4222,1649,76.0,1.9,5.4,Low,0.7999999999999998
41,Male,Low,Healthy,18.7,360.0,1.7,11.9,3640,930,68.0,1.4,2.5,High,1.2000000000000002
57,Female,High,Average,20.3,281.0,4.0,9.1,17398,1611,50.0,3.1,6.2,Medium,1.3000000000000007
49,Male,Low,Healthy,25.6,312.0,1.0,7.5,2171,1342,81.0,1.5,2.4,Medium,2.0999999999999996
49,Male,Medium,Average,24.5,290.0,3.0,6.7,8234,1552,74.0,2.0,4.9,Medium,0.2999999999999998
47,Female,Medium,Healthy,27.4,144.0,2.4,9.1,7345,1637,65.0,1.6,3.4,Low,1.2000000000000002
69,Female,High,Average,20.1,446.0,1.8,3.9,13887,1571,55.0,1.3,4.4,Low,0.7000000000000002
66,Male,Medium,Average,23.7,99.0,2.8,8.1,7127,1545,65.0,1.2,3.2,Medium,1.7000000000000002
30,Male,Low,Average,29.8,0.0,2.5,7.8,4754,1612,72.0,1.7,3.8,Medium,1.2000000000000002
18,Other,Low,Average,20.2,0.0,3.6,11.5,3666,1243,65.0,2.0,3.4,Medium,1.2999999999999998
51,Female,Medium,Healthy,30.9,182.0,1.6,6.1,9313,2151,69.0,1.5,5.4,Low,0.2999999999999998
32,Female,Medium,Unhealthy,20.7,150.0,2.1,7.1,7264,1415,55.0,1.5,5.2,Low,0.1999999999999993
31,Male,Low,Average,23.5,222.0,2.3,5.7,4019,1055,73.0,1.1,3.6,Medium,1.5
46,Male,High,Average,20.4,380.0,2.9,10.7,10377,1318,64.0,1.7,3.9,Medium,0.7999999999999998
51,Male,Low,Healthy,23.0,268.0,3.5,4.6,2715,1331,79.0,1.8,4.1,Low,1.2000000000000002
35,Male,Medium,Unhealthy,27.2,297.0,2.9,3.2,5684,1635,73.0,2.0,5.5,Low,0.0
24,Male,High,Healthy,25.0,38.0,2.0,7.6,10696,1600,65.0,2.7,5.1,Low,0.09999999999999964
46,Female,Medium,Average,29.5,122.0,2.2,5.2,5373,1812,79.0,1.1,4.2,Low,1.2999999999999998
48,Male,Medium,Average,30.7,305.0,3.5,7.6,5827,1809,78.0,2.4,4.4,Low,0.5999999999999996
42,Female,Low,Unhealthy,20.3,216.0,2.6,8.6,3991,1409,64.0,2.0,4.6,Medium,0.9000000000000004
55,Male,High,Average,20.0,271.0,2.3,7.4,16215,1436,50.0,1.3,3.9,Low,1.0
31,Male,Low,Average,19.8,292.0,2.8,7.1,1971,1079,73.0,1.2,3.8,Medium,0.9000000000000004
25,Male,Medium,Average,21.4,224.0,1.5,2.0,6390,1236,62.0,2.1,5.3,Low,1.4000000000000004
44,Female,High,Healthy,29.4,437.0,2.3,8.4,16409,2297,65.0,1.0,4.1,Medium,1.5
19,Male,Low,Healthy,27.2,120.0,2.4,7.5,3763,1619,73.0,2.0,4.5,Low,0.40000000000000036
34,Other,Medium,Healthy,22.8,77.0,2.4,11.7,4577,1226,67.0,2.1,3.4,Low,1.5999999999999996
54,Female,High,Healthy,25.0,0.0,2.2,9.8,14113,2014,56.0,2.6,4.8,Low,0.20000000000000018
31,Female,Medium,Healthy,30.6,312.0,2.3,3.3,8724,1874,76.0,1.6,3.9,Low,2.0999999999999996
42,Male,Medium,Average,32.6,114.0,2.4,9.7,8628,1726,76.0,2.3,3.5,Medium,1.2999999999999998
47,Female,High,Average,26.0,389.0,3.7,3.8,20737,2078,58.0,2.1,4.8,Medium,0.40000000000000036
46,Female,Medium,Unhealthy,17.5,237.0,0.7,9.1,6493,1598,55.0,2.1,4.4,Medium,1.9000000000000004
37,Male,Medium,Average,26.2,149.0,3.1,10.6,10200,1680,64.0,2.2,3.6,Medium,1.2999999999999998
39,Female,Low,Unhealthy,25.9,326.0,2.5,6.0,4702,1540,75.0,1.4,2.8,Medium,2.0999999999999996
52,Female,Low,Unhealthy,27.9,191.0,2.2,8.8,3022,1507,71.0,1.0,1.7,High,3.5999999999999996
54,Female,Low,Average,26.4,240.0,2.9,9.5,2990,1746,77.0,1.2,3.5,Medium,2.2
33,Female,Low,Average,20.1,290.0,3.3,8.2,2123,1236,70.0,1.7,3.4,Medium,3.0999999999999996
67,Female,Low,Unhealthy,21.5,239.0,1.0,2.8,1797,1277,74.0,1.4,5.1,Low,0.20000000000000018
66,Male,Medium,Healthy,23.7,72.0,4.2,7.4,9342,1504,68.0,1.6,3.9,Low,0.0
60,Female,Low,Healthy,29.3,278.0,2.6,8.4,3195,1731,77.0,0.9,2.9,Medium,2.4000000000000004
34,Female,High,Average,21.9,323.0,2.6,7.0,21635,1898,50.0,1.7,3.9,Low,1.7000000000000002
33,Female,Medium,Average,26.8,254.0,1.4,4.9,7052,1707,66.0,2.1,4.6,Medium,1.2999999999999998
19,Other,Medium,Healthy,26.2,294.0,2.0,6.5,9345,2096,68.0,1.2,3.2,Low,1.7999999999999998
21,Male,Medium,Average,31.3,308.0,3.6,9.3,8110,2201,79.0,1.5,3.5,Low,2.2
38,Male,Low,Average,24.8,140.0,2.6,8.0,1262,1267,77.0,1.0,2.5,Medium,2.5
56,Male,Medium,Unhealthy,18.0,134.0,2.8,8.2,5308,1157,65.0,1.1,3.4,Medium,1.2000000000000002
47,Male,Medium,Healthy,33.6,398.0,4.1,8.1,10937,2068,71.0,1.2,2.8,Medium,2.9000000000000004
23,Female,Low,Average,27.8,192.0,2.4,2.0,5947,1183,78.0,1.3,4.1,Medium,1.0
34,Male,Medium,Unhealthy,21.8,302.0,3.4,6.9,11855,1746,54.0,1.1,3.8,Medium,1.2000000000000002
56,Female,Medium,Healthy,20.7,59.0,2.4,6.0,3559,1027,71.0,1.7,4.4,Low,0.9000000000000004
42,Female,Medium,Average,21.2,110.0,2.8,7.1,5261,1251,66.0,2.1,4.6,Medium,0.5999999999999996
22,Male,Low,Average,33.0,12.0,2.8,4.1,4907,1755,78.0,2.4,5.3,Low,1.0999999999999996
22,Male,Medium,Healthy,23.7,242.0,3.2,7.9,6464,1649,73.0,1.7,3.2,Medium,1.2999999999999998
37,Female,Medium,Unhealthy,22.3,244.0,3.1,11.8,9388,1764,64.0,1.8,3.7,Medium,0.5999999999999996
33,Female,Medium,Healthy,24.4,362.0,2.1,7.2,7109,1786,73.0,1.4,2.4,Low,2.5999999999999996
68,Female,Medium,Average,23.7,168.0,3.4,7.1,6904,1205,67.0,1.4,3.5,Low,3.7
58,Female,Low,Average,31.3,359.0,1.7,13.3,1276,1746,85.0,0.8,2.0,High,2.8
54,Female,Low,Average,20.9,297.0,1.6,4.6,3134,996,68.0,1.6,4.7,Medium,1.4000000000000004
57,Female,Low,Unhealthy,29.7,568.0,2.3,8.2,4556,1696,91.0,1.7,3.7,Medium,2.9000000000000004
22,Female,Low,Average,29.8,423.0,1.7,6.0,4103,1601,82.0,1.2,3.6,Medium,1.9000000000000004
59,Female,Low,Average,31.3,325.0,2.4,9.1,2429,1706,83.0,1.2,3.2,Medium,1.7000000000000002
19,Male,Low,Average,25.3,65.0,1.4,7.4,2838,1254,77.0,2.0,5.0,Low,0.9000000000000004
26,Female,Medium,Average,23.7,243.0,2.3,4.3,6590,1666,71.0,2.5,5.2,Low,0.09999999999999964
60,Male,High,Average,25.3,537.0,3.3,6.6,15393,1837,66.0,2.0,4.0,Medium,1.7000000000000002
53,Female,Medium,Unhealthy,24.6,276.0,1.8,6.9,9716,1511,69.0,1.6,3.3,Low,1.7000000000000002
39,Male,Medium,Average,18.4,76.0,1.5,5.4,11676,1455,54.0,2.6,5.2,Low,0.3000000000000007
39,Male,High,Healthy,31.2,250.0,2.8,3.0,16337,2397,68.0,1.8,5.5,Low,0.9000000000000004
39,Male,Medium,Unhealthy,26.0,51.0,1.9,6.0,8727,1370,66.0,2.2,5.1,Low,0.40000000000000036
51,Male,Low,Average,20.3,71.0,4.4,3.3,6662,1373,56.0,2.6,5.8,Low,0.5999999999999996
55,Female,Medium,Healthy,17.5,310.0,3.3,8.4,9228,1377,59.0,1.7,3.6,Low,2.3
63,Male,Medium,Unhealthy,28.1,80.0,1.4,3.8,9912,1697,66.0,2.9,6.3,Low,1.0999999999999996
50,Male,High,Unhealthy,22.5,116.0,2.9,7.2,14521,1533,54.0,2.6,5.8,Low,0.0
18,Male,Medium,Average,22.9,0.0,1.9,5.3,6854,1526,63.0,2.4,5.5,Low,0.20000000000000018
50,Male,Medium,Average,27.2,155.0,3.3,8.2,7007,1515,64.0,2.5,4.0,Medium,0.7000000000000002
41,Female,Medium,Healthy,24.7,0.0,2.6,9.5,5806,1338,67.0,1.4,3.8,Low,1.0
21,Male,Low,Unhealthy,18.7,48.0,3.6,10.1,4206,1028,59.0,2.1,3.7,Medium,2.0999999999999996
21,Male,Medium,Healthy,21.7,190.0,2.5,6.6,7952,1304,61.0,1.8,3.8,Low,1.5
35,Male,Medium,Average,27.4,170.0,3.3,3.6,5149,1434,75.0,1.7,4.7,Low,1.0999999999999996
44,Other,Medium,Average,22.3,177.0,3.9,2.0,9676,1258,59.0,2.7,5.1,Medium,0.20000000000000018
60,Male,Low,Healthy,29.8,243.0,2.6,9.7,1995,1555,83.0,2.3,4.7,Medium,0.9000000000000004
49,Female,Low,Average,34.4,0.0,2.7,12.0,2882,2061,85.0,2.0,4.1,Medium,0.5
50,Male,Medium,Average,27.6,306.0,3.3,7.1,7828,1710,69.0,1.8,4.8,Medium,0.1999999999999993
45,Female,High,Average,31.0,152.0,3.6,4.1,18469,2229,55.0,2.1,5.6,Low,0.5
59,Male,Medium,Healthy,27.9,110.0,2.6,4.3,9041,1917,69.0,2.1,4.9,Low,0.0
58,Male,Medium,Average,22.9,0.0,2.0,10.0,8621,1391,58.0,1.6,3.9,Medium,2.0999999999999996
53,Male,Low,Unhealthy,25.8,159.0,3.2,7.4,6027,1569,71.0,1.6,4.3,Medium,2.4000000000000004
23,Male,Medium,Average,33.1,276.0,3.0,4.6,7471,1642,80.0,2.0,4.0,Low,0.7000000000000002
33,Male,Medium,Average,22.9,221.0,3.2,12.7,11996,1624,57.0,1.9,3.4,Medium,2.0
51,Female,Medium,Average,20.8,225.0,3.1,9.6,9007,1333,64.0,1.1,3.7,Low,1.2999999999999998
40,Other,High,Average,20.5,149.0,2.7,8.4,14400,1228,50.0,2.2,4.2,Medium,1.5999999999999996
67,Male,High,Average,24.1,190.0,2.7,5.6,8609,1459,66.0,1.4,4.0,Low,0.40000000000000036
59,Female,Low,Average,21.0,33.0,3.1,10.1,5463,798,56.0,1.3,3.0,High,1.5
66,Female,Low,Healthy,25.9,126.0,3.6,6.7,3666,1540,73.0,1.7,3.9,Low,0.5
35,Female,Low,Healthy,23.8,313.0,1.8,9.6,7020,1328,73.0,1.5,2.3,Medium,2.5
30,Male,Medium,Average,20.4,0.0,2.6,7.7,6406,972,56.0,1.3,4.5,Low,0.9000000000000004
66,Female,Medium,Average,19.8,278.0,3.6,4.1,8697,1395,60.0,1.9,5.6,Low,0.40000000000000036
54,Male,Medium,Unhealthy,21.4,288.0,2.7,4.4,8069,1304,67.0,2.2,4.5,Low,1.4000000000000004
60,Male,High,Healthy,26.4,120.0,1.9,3.0,16065,1954,55.0,1.2,4.6,Low,0.5999999999999996
56,Male,Low,Average,27.1,354.0,1.5,10.3,1116,1629,81.0,2.0,4.4,Medium,1.0999999999999996
59,Male,Medium,Average,27.4,117.0,4.5,3.3,9345,1543,64.0,1.7,4.1,Medium,1.0
34,Female,Medium,Healthy,19.0,108.0,1.1,7.1,11199,1650,53.0,1.0,3.2,Low,1.7000000000000002
32,Male,Low,Healthy,25.0,19.0,2.8,3.0,1146,1244,72.0,1.7,5.1,Low,0.9000000000000004
35,Female,High,Average,20.9,198.0,2.0,11.2,11154,1701,57.0,1.8,3.7,Low,0.2999999999999998
40,Male,Medium,Average,26.6,56.0,3.3,4.1,9130,1672,62.0,2.0,5.7,Low,0.7000000000000002
68,Male,High,Unhealthy,26.9,81.0,1.5,7.8,13598,1562,61.0,1.6,4.9,Low,0.1999999999999993
47,Female,Medium,Unhealthy,20.3,190.0,3.8,3.1,9359,1141,57.0,1.8,5.0,Low,0.3000000000000007
51,Other,Low,Average,28.9,196.0,2.4,9.2,5116,1597,71.0,1.7,3.8,Medium,1.7000000000000002
21,Male,Low,Healthy,34.4,388.0,2.3,9.7,4337,1560,95.0,1.8,3.3,Medium,1.9000000000000004
20,Male,High,Average,28.3,339.0,2.2,7.0,19288,2292,59.0,1.4,3.3,Medium,1.0999999999999996
24,Female,Low,Average,24.3,282.0,2.0,6.8,5128,1584,70.0,1.8,4.5,Medium,1.9000000000000004
35,Male,High,Average,23.7,178.0,2.2,9.0,10022,1289,59.0,1.9,3.7,Low,0.0
59,Female,Medium,Unhealthy,24.2,139.0,3.1,5.5,9401,1529,64.0,1.7,4.8,Low,1.2000000000000002
24,Female,Low,Average,22.0,196.0,1.1,9.7,3951,1239,67.0,1.5,3.0,High,2.2
57,Male,Medium,Average,26.0,116.0,1.9,7.7,9095,1801,67.0,1.5,5.4,Low,0.3000000000000007
23,Male,Low,Healthy,20.4,94.0,3.7,3.1,5752,1332,64.0,1.5,4.9,Low,0.7000000000000002
39,Male,Low,Unhealthy,17.5,188.0,2.4,11.6,6423,1049,60.0,2.0,3.6,High,1.5999999999999996
18,Male,High,Average,25.9,68.0,2.0,7.5,14252,1582,56.0,1.7,4.2,Medium,0.9000000000000004
21,Female,Medium,Average,25.1,77.0,1.5,6.2,9676,1642,66.0,1.4,3.5,Low,1.7000000000000002
63,Female,Medium,Average,22.7,343.0,1.6,7.4,5839,1342,69.0,0.9,3.2,Low,2.5999999999999996
69,Female,Low,Healthy,26.2,44.0,1.8,6.6,3155,1859,70.0,1.8,4.0,Medium,1.2000000000000002
67,Male,Medium,Average,21.0,390.0,3.1,9.0,10068,1487,64.0,1.1,2.2,Medium,3.4000000000000004
60,Female,Medium,Healthy,24.4,141.0,1.7,8.7,11454,1548,57.0,2.1,3.7,Low,1.9000000000000004
46,Male,Medium,Unhealthy,32.1,406.0,2.4,8.5,14378,2068,73.0,1.1,3.6,Medium,1.9000000000000004
38,Female,Medium,Unhealthy,27.6,24.0,2.4,5.5,9722,1935,67.0,1.3,3.7,Low,1.2000000000000002
43,Male,Medium,Average,19.5,211.0,1.9,4.8,10248,1622,52.0,2.2,4.5,Low,0.5
31,Female,Low,Average,19.9,315.0,2.6,8.0,1404,1174,76.0,1.4,3.6,Medium,1.7999999999999998
26,Female,Low,Average,25.6,64.0,0.8,8.9,1317,1535,71.0,1.6,4.1,Low,0.40000000000000036
64,Male,Low,Healthy,19.5,451.0,2.4,5.2,2696,835,72.0,1.2,4.3,Low,0.7000000000000002
29,Male,Medium,Healthy,17.5,141.0,2.9,6.4,5491,1085,60.0,1.7,4.4,Low,1.7999999999999998
59,Female,Medium,Average,27.1,276.0,1.8,8.0,9023,1485,68.0,1.9,3.5,Medium,2.0
68,Male,Low,Unhealthy,26.3,98.0,2.7,6.8,6603,1739,67.0,2.7,5.4,Low,0.09999999999999964
68,Female,Low,Unhealthy,26.8,423.0,2.6,9.9,4017,1680,82.0,1.5,4.1,High,1.5999999999999996
23,Female,Medium,Unhealthy,26.1,245.0,2.7,3.7,6688,1374,74.0,2.1,5.3,Low,0.2999999999999998
37,Female,High,Average,24.7,514.0,1.4,3.4,14916,1711,62.0,1.5,5.0,Medium,0.2999999999999998
41,Male,Medium,Unhealthy,22.4,376.0,2.6,9.7,6561,1189,69.0,1.7,2.6,Medium,2.3
44,Female,Low,Average,27.1,325.0,1.1,8.5,3185,1527,81.0,1.8,5.3,Low,0.5
55,Male,Medium,Healthy,31.1,56.0,2.0,7.2,7610,1839,68.0,2.5,4.7,Low,0.09999999999999964
25,Male,Medium,Average,23.0,212.0,2.5,6.2,8776,1508,63.0,2.1,4.6,Medium,1.4000000000000004
18,Female,Low,Unhealthy,20.9,152.0,2.7,8.2,1499,1039,70.0,1.3,4.7,Medium,0.2999999999999998
66,Female,Medium,Healthy,20.5,203.0,1.5,7.5,3940,1549,68.0,1.9,4.9,Low,1.2999999999999998
66,Male,Medium,Average,21.5,222.0,2.3,7.7,6280,1518,62.0,2.2,3.2,Low,1.0999999999999996
64,Female,High,Healthy,17.5,176.0,1.7,8.3,10204,977,55.0,1.9,4.6,Low,1.4000000000000004
24,Female,High,Healthy,26.8,185.0,0.8,9.3,19502,1781,57.0,1.5,4.3,Low,0.20000000000000018
36,Female,Medium,Average,27.6,48.0,2.9,9.3,9704,1444,60.0,1.8,3.4,Low,1.5999999999999996
39,Male,Low,Unhealthy,17.8,320.0,1.7,8.1,5003,1177,72.0,1.6,3.2,Medium,2.0999999999999996
52,Female,Medium,Unhealthy,21.1,233.0,2.0,7.0,9710,1410,66.0,1.3,3.6,Low,1.4000000000000004
47,Female,Low,Unhealthy,25.3,321.0,2.6,8.1,4639,1696,78.0,1.9,4.3,Medium,2.3
46,Female,Low,Healthy,24.4,273.0,2.6,10.0,4760,1553,71.0,1.5,2.5,Medium,1.5
39,Female,Medium,Healthy,27.1,0.0,3.3,6.6,10483,1328,64.0,2.0,4.2,Low,1.0999999999999996
28,Male,Medium,Healthy,24.4,75.0,2.3,6.3,10000,1455,55.0,1.3,4.7,Low,0.0
37,Female,Low,Unhealthy,30.1,447.0,2.6,8.2,4450,1347,77.0,1.1,3.5,Medium,0.9000000000000004
46,Male,Medium,Healthy,23.7,317.0,1.1,8.8,11847,1578,60.0,2.2,4.7,Medium,1.5
68,Male,Low,Average,21.1,0.0,3.0,6.7,4116,1281,61.0,1.9,3.8,Medium,1.4000000000000004
58,Female,High,Healthy,20.7,270.0,1.9,8.1,12634,1555,50.0,1.3,4.0,Low,1.0
59,Female,High,Healthy,27.9,75.0,5.0,4.9,9550,1773,70.0,2.0,4.8,Low,0.5
51,Female,Medium,Healthy,25.1,0.0,2.3,7.0,6555,1282,63.0,1.4,4.4,Low,0.5
48,Male,Low,Healthy,27.5,211.0,3.0,8.5,3948,1563,84.0,1.5,4.1,Low,1.0999999999999996
47,Female,Medium,Healthy,17.5,232.0,2.4,5.4,8958,1547,56.0,1.2,4.5,Low,0.5
65,Male,High,Average,20.4,11.0,2.8,5.7,14242,1753,50.0,1.4,4.7,Low,1.0
34,Male,Medium,Average,21.7,0.0,1.9,11.1,7423,1504,59.0,1.1,2.7,Medium,2.4000000000000004
31,Male,Medium,Average,29.0,0.0,1.5,2.0,7129,1617,60.0,3.0,5.7,Low,0.6999999999999993
40,Female,Medium,Healthy,29.8,442.0,3.3,3.5,6224,1718,81.0,2.3,4.8,Low,0.9000000000000004
42,Female,High,Average,23.8,51.0,2.1,7.1,15445,1775,51.0,1.6,5.2,Low,0.7999999999999998
39,Female,High,Unhealthy,25.4,97.0,2.0,7.9,8031,1705,63.0,2.2,4.3,Low,0.7000000000000002
20,Female,Medium,Unhealthy,25.8,214.0,1.9,5.4,5294,1241,71.0,1.1,3.0,Low,1.7000000000000002
36,Female,High,Average,28.2,68.0,2.1,4.7,15937,1833,56.0,1.5,4.3,Low,0.1999999999999993
61,Male,Low,Healthy,28.2,152.0,0.8,9.3,2866,1537,80.0,1.4,3.2,High,0.9000000000000004
51,Male,High,Unhealthy,17.5,86.0,2.7,7.7,11736,1426,50.0,1.2,4.1,Medium,0.40000000000000036
52,Male,Low,Average,24.4,329.0,3.1,2.0,4103,1350,74.0,1.7,5.1,Low,0.09999999999999964
67,Male,High,Average,30.5,276.0,1.7,3.2,11639,2059,69.0,1.9,5.4,Low,0.5999999999999996
18,Male,Low,Unhealthy,23.2,237.0,1.3,2.5,1000,1226,75.0,2.0,5.9,Low,0.40000000000000036
69,Female,Medium,Average,29.6,358.0,1.8,6.6,6151,1649,74.0,1.1,4.3,Medium,1.2999999999999998
38,Male,Medium,Average,23.8,239.0,3.3,7.5,7192,1470,69.0,1.2,2.9,Medium,1.7000000000000002
46,Male,Medium,Average,25.7,226.0,3.1,6.6,6890,1554,72.0,1.3,2.6,Low,2.9000000000000004
23,Male,Low,Healthy,20.5,182.0,2.7,5.4,5051,1231,60.0,2.1,3.9,Low,1.2999999999999998
54,Female,High,Average,20.6,92.0,3.8,9.6,14266,1570,50.0,1.1,2.3,Medium,1.7000000000000002
18,Female,Medium,Average,27.9,92.0,1.1,7.8,8035,1784,72.0,1.2,4.0,Low,1.0
68,Male,Medium,Healthy,28.5,222.0,2.3,4.7,10313,2027,68.0,1.3,4.3,Low,0.2999999999999998
18,Female,Low,Average,25.1,352.0,2.9,4.9,1659,1408,78.0,1.8,4.1,Medium,0.5999999999999996
44,Male,High,Average,20.1,285.0,3.1,5.1,18694,1291,50.0,1.5,4.6,Low,0.09999999999999964
38,Other,Medium,Average,25.2,284.0,3.1,6.1,11302,1434,67.0,1.3,3.2,Low,2.4000000000000004
33,Female,High,Unhealthy,30.0,34.0,3.1,7.1,13653,2164,59.0,1.5,4.1,Low,1.5
61,Male,Medium,Healthy,32.0,278.0,3.6,8.0,7214,1725,80.0,1.3,4.4,Low,0.2999999999999998
57,Female,Low,Average,23.7,140.0,3.1,4.9,6014,1660,72.0,1.9,3.5,Medium,2.4000000000000004
43,Female,Medium,Average,18.4,226.0,1.6,3.6,7472,923,60.0,2.1,5.2,Low,0.2999999999999998
33,Male,Medium,Average,28.4,282.0,2.1,8.0,8706,1933,75.0,1.9,3.6,Medium,1.5
45,Female,Medium,Unhealthy,23.9,26.0,1.1,9.1,8556,1362,62.0,1.9,3.6,Medium,1.2999999999999998
18,Male,Medium,Average,28.8,223.0,3.3,11.3,8978,2023,73.0,1.6,2.2,Low,1.5
27,Male,Medium,Average,21.5,349.0,1.5,5.2,8879,1236,61.0,1.3,3.1,Low,1.7999999999999998
34,Male,Low,Average,30.2,190.0,1.1,6.6,3101,1340,79.0,2.1,4.6,Low,0.20000000000000018
40,Female,Low,Average,24.4,225.0,2.4,3.6,5392,1246,71.0,1.5,4.5,Low,1.5
24,Male,Medium,Average,20.9,122.0,1.8,6.9,6993,1498,64.0,2.2,4.9,Low,0.2999999999999998
61,Male,Medium,Average,18.6,119.0,1.6,7.7,6724,1489,54.0,2.2,4.4,Low,1.0999999999999996
24,Female,Medium,Average,21.9,113.0,2.5,10.6,8407,1385,61.0,1.6,3.4,Low,3.0999999999999996
61,Female,Medium,Average,23.4,180.0,4.0,7.2,10693,1498,61.0,1.9,3.7,Low,1.0
32,Other,High,Average,28.3,462.0,3.1,5.0,21214,1958,56.0,2.1,4.4,Medium,0.7999999999999998
51,Female,High,Average,20.5,186.0,2.3,2.3,17427,1848,50.0,2.8,6.5,Low,0.09999999999999964
63,Other,Medium,Healthy,31.2,273.0,2.5,3.9,10258,1881,73.0,1.9,4.8,Low,0.40000000000000036
62,Female,Low,Healthy,19.7,204.0,4.0,4.6,3964,901,67.0,2.5,5.2,Low,0.40000000000000036
21,Female,Low,Healthy,34.3,153.0,3.5,11.2,7839,2084,79.0,1.7,3.4,Low,1.5
31,Female,High,Unhealthy,31.9,196.0,2.3,6.5,14595,1915,64.0,2.7,4.7,Medium,0.40000000000000036
31,Male,Medium,Unhealthy,25.6,315.0,2.9,6.8,7928,1627,71.0,1.7,3.5,Low,1.5999999999999996
33,Male,Medium,Unhealthy,18.4,191.0,1.7,9.8,8765,1192,59.0,1.3,3.0,Medium,1.2000000000000002
24,Female,Medium,Unhealthy,24.8,175.0,2.5,8.5,8528,1619,65.0,1.2,3.9,Medium,1.9000000000000004
49,Male,Low,Healthy,23.5,164.0,3.1,6.3,2029,965,69.0,1.2,2.6,Low,2.5999999999999996
36,Male,Medium,Average,19.9,50.0,3.3,9.9,6605,1298,53.0,1.3,2.6,Medium,1.7999999999999998
19,Female,Low,Unhealthy,26.2,356.0,2.0,5.3,4570,1137,74.0,1.6,4.3,Medium,1.2000000000000002
27,Female,Medium,Average,21.7,132.0,3.3,7.7,6421,1396,58.0,1.6,2.8,Medium,2.4000000000000004
67,Male,Medium,Healthy,22.1,420.0,2.6,3.9,9295,1458,66.0,2.0,4.4,Low,1.9000000000000004
34,Female,Low,Average,24.2,236.0,2.3,7.7,4054,997,69.0,1.5,5.0,Medium,0.09999999999999964
54,Female,Medium,Healthy,22.7,410.0,4.0,9.5,9873,1527,63.0,1.6,3.2,Medium,2.0
29,Female,High,Average,33.3,170.0,2.2,9.2,13628,2349,73.0,2.1,4.4,Low,0.40000000000000036
23,Female,Medium,Average,22.9,90.0,1.6,9.3,8963,1414,59.0,1.6,3.4,Medium,1.9000000000000004
39,Female,Medium,Unhealthy,26.8,356.0,2.0,14.0,4376,1254,81.0,0.8,1.0,High,3.3
49,Female,Medium,Average,25.6,115.0,3.1,6.3,4781,1385,70.0,1.8,3.8,Low,1.7000000000000002
58,Male,High,Average,26.4,392.0,1.7,4.7,11590,1330,62.0,1.7,4.9,Medium,0.09999999999999964
37,Female,Medium,Average,26.7,286.0,3.2,8.1,8621,1743,69.0,1.3,3.6,Medium,1.5999999999999996
18,Female,High,Unhealthy,28.5,419.0,1.8,4.8,11656,2041,63.0,1.7,3.6,Low,0.7000000000000002
64,Female,Medium,Average,26.1,53.0,2.4,4.2,9455,1589,63.0,2.0,5.4,Low,1.0999999999999996
23,Female,High,Average,25.9,343.0,4.3,6.4,15160,1849,57.0,2.0,5.2,Medium,0.20000000000000018
36,Male,High,Average,25.2,88.0,1.8,12.0,12623,1987,58.0,1.6,4.2,Medium,0.1999999999999993
23,Male,Low,Healthy,21.4,334.0,3.6,8.0,3333,1349,75.0,1.5,3.1,Low,1.0
62,Male,Low,Unhealthy,24.8,199.0,1.4,2.8,4472,1216,72.0,1.0,4.1,Low,1.4000000000000004
40,Male,Low,Healthy,26.6,213.0,3.1,10.6,4594,1637,72.0,1.6,3.2,Medium,0.5
40,Female,Low,Average,25.7,203.0,3.1,6.3,6040,1574,71.0,1.8,4.1,Medium,2.5
43,Male,Medium,Average,24.1,424.0,0.6,12.5,5528,1488,72.0,1.7,2.0,Medium,2.2
30,Male,Low,Average,24.8,217.0,2.2,8.1,2958,1571,67.0,2.5,5.6,Medium,0.5
24,Female,Medium,Healthy,22.8,128.0,3.2,6.6,6694,1035,63.0,2.2,5.2,Low,0.40000000000000036
32,Male,High,Healthy,26.3,186.0,4.1,6.2,14933,1881,57.0,2.1,4.4,Low,1.2000000000000002
44,Male,High,Average,25.7,0.0,3.4,3.4,8781,1718,63.0,2.3,4.8,Low,0.0
43,Male,Low,Unhealthy,29.0,273.0,2.0,9.4,3724,1435,79.0,1.5,3.9,Medium,2.0999999999999996
50,Male,Medium,Average,22.2,403.0,3.3,8.1,8056,2049,61.0,1.8,4.6,Low,0.5999999999999996
32,Male,Medium,Average,27.4,192.0,1.7,6.4,9763,1910,64.0,1.4,4.9,Low,0.5999999999999996
53,Female,Medium,Average,25.1,136.0,2.3,6.7,6208,1270,72.0,1.8,3.9,Medium,1.9000000000000004
62,Male,Medium,Average,33.1,258.0,2.8,9.0,9459,2225,77.0,1.6,2.7,Medium,1.5999999999999996
44,Male,Low,Unhealthy,24.1,461.0,3.3,12.1,4439,1300,78.0,1.8,2.2,High,2.5
22,Female,Low,Healthy,27.8,270.0,3.0,10.8,6661,1674,76.0,1.1,3.7,Medium,1.2999999999999998
19,Male,Medium,Average,25.1,232.0,2.2,7.5,12387,1722,60.0,1.4,4.5,Medium,0.3000000000000007
33,Female,Medium,Average,22.9,39.0,3.9,3.2,7479,1323,64.0,1.6,5.6,Low,0.5999999999999996
40,Male,Low,Average,28.5,203.0,2.7,7.3,4736,1388,79.0,2.1,4.8,Low,1.2000000000000002
55,Female,Medium,Average,23.3,206.0,2.1,5.0,9162,1048,67.0,1.9,5.1,Medium,0.5999999999999996
31,Male,High,Healthy,24.9,90.0,3.0,7.7,15261,1803,55.0,2.2,6.1,Low,0.40000000000000036
46,Female,High,Unhealthy,20.6,373.0,1.4,8.8,15602,1360,53.0,1.9,3.6,Medium,1.0
43,Female,Low,Unhealthy,25.5,161.0,2.9,4.1,5574,1713,72.0,1.1,4.8,Low,0.7999999999999998
52,Female,Low,Healthy,31.2,0.0,1.3,4.8,7297,1926,71.0,2.1,5.0,Low,0.7999999999999998
32,Female,Medium,Healthy,28.1,440.0,2.0,6.2,4381,1600,80.0,2.0,4.5,Low,1.5
20,Male,Low,Healthy,31.1,66.0,1.7,7.7,5949,1895,77.0,2.2,3.4,Low,1.7000000000000002
40,Female,High,Healthy,22.8,129.0,2.4,7.5,14424,1826,52.0,1.8,4.8,Low,1.7999999999999998
46,Female,Medium,Average,24.4,359.0,2.2,13.4,6420,1530,70.0,1.6,1.7,Medium,1.7000000000000002
50,Female,Low,Average,22.3,0.0,1.0,9.8,4458,874,66.0,1.5,2.8,Medium,0.9000000000000004
58,Female,Medium,Average,21.3,232.0,2.4,9.6,8072,1494,60.0,1.6,4.0,Medium,1.5999999999999996
58,Male,Medium,Healthy,19.8,319.0,1.6,4.7,5842,1148,69.0,1.3,3.8,Medium,0.09999999999999964
40,Female,Medium,Average,30.5,129.0,4.3,5.8,7938,2122,76.0,2.6,4.6,Low,0.5
24,Male,Low,Average,17.5,181.0,2.2,11.4,5555,1170,62.0,1.2,3.4,Medium,0.7000000000000002
20,Male,Low,Healthy,30.5,23.0,2.3,5.4,6327,1755,71.0,1.5,5.0,Low,0.0
49,Female,Medium,Average,30.0,50.0,3.1,5.5,8254,2118,74.0,2.2,5.2,Low,0.6999999999999993
48,Male,Medium,Healthy,27.0,151.0,3.6,7.3,8248,1643,72.0,1.3,4.1,Low,2.3
60,Male,Low,Healthy,18.7,214.0,3.0,9.5,5747,1038,62.0,1.2,3.4,Low,2.0999999999999996
24,Female,Medium,Unhealthy,22.8,353.0,3.3,9.6,8366,1500,66.0,1.6,3.9,Low,2.5999999999999996
58,Male,Medium,Average,27.5,448.0,2.6,9.0,8700,2136,78.0,1.2,2.7,High,2.8
18,Male,Low,Average,25.0,332.0,2.6,2.2,3401,1558,79.0,1.5,4.3,Low,1.2000000000000002
31,Male,Medium,Unhealthy,20.8,0.0,2.1,6.9,7684,1432,57.0,1.5,3.7,Low,0.40000000000000036
69,Female,Low,Healthy,29.6,157.0,2.2,8.7,3046,1327,79.0,2.5,4.9,Medium,0.09999999999999964
49,Male,Medium,Unhealthy,31.7,331.0,2.4,8.7,5930,2293,80.0,0.9,2.9,Medium,3.0999999999999996
23,Female,Medium,Average,24.1,182.0,2.2,5.2,5590,1184,66.0,1.1,4.3,Medium,0.7000000000000002
56,Male,Medium,Average,25.4,0.0,3.2,4.4,6275,1535,67.0,2.1,4.6,Low,1.2999999999999998
27,Male,Low,Average,19.0,117.0,1.8,4.3,2603,1146,67.0,1.2,2.9,Medium,1.7000000000000002
24,Male,Low,Average,23.3,0.0,3.2,8.2,4448,1469,68.0,1.2,3.6,Low,1.2999999999999998
43,Male,Low,Unhealthy,27.0,158.0,3.6,9.5,4671,1395,74.0,1.3,3.3,Medium,1.2000000000000002
51,Female,High,Unhealthy,26.4,97.0,2.8,7.4,12738,1963,56.0,2.4,4.5,Medium,1.0
47,Female,Low,Healthy,23.0,145.0,1.1,4.3,2741,1014,69.0,1.8,4.1,Low,1.7000000000000002
53,Male,Low,Healthy,23.9,377.0,3.0,7.4,7227,1815,70.0,1.8,4.5,Low,1.7999999999999998
38,Female,Low,Healthy,23.2,0.0,2.0,4.6,3338,1036,70.0,1.4,4.9,Low,0.0
34,Female,Medium,Healthy,23.9,92.0,2.1,5.2,6813,1363,66.0,2.1,5.0,Low,0.40000000000000036
50,Male,Medium,Average,26.7,28.0,2.8,6.1,4853,1643,66.0,2.2,5.2,Low,1.0999999999999996
27,Male,Low,Healthy,17.5,360.0,3.4,5.0,4775,1031,59.0,1.9,4.5,Medium,1.4000000000000004
68,Female,Medium,Average,24.7,369.0,1.2,4.2,11638,2003,64.0,1.0,4.2,Medium,1.7999999999999998
64,Male,Low,Average,26.4,254.0,2.5,10.9,3719,1720,77.0,1.5,3.7,Medium,1.5
59,Male,Medium,Unhealthy,22.7,246.0,4.1,2.3,7306,1525,68.0,2.3,5.9,Low,0.0
68,Male,Low,Healthy,23.1,19.0,1.6,5.5,4415,1187,71.0,1.1,3.7,Low,1.2999999999999998
29,Female,Low,Healthy,23.2,229.0,2.3,6.5,4461,1313,74.0,1.4,4.0,Low,1.5
33,Male,Medium,Healthy,23.1,31.0,2.0,10.1,3008,983,70.0,2.1,4.2,Low,0.7000000000000002
58,Male,Medium,Unhealthy,25.0,206.0,3.1,7.7,9295,1453,63.0,2.8,6.4,Low,0.8000000000000007
49,Male,Medium,Average,25.5,148.0,1.5,6.3,11750,1696,65.0,2.1,4.7,Low,0.40000000000000036
32,Male,Medium,Unhealthy,17.5,110.0,1.2,5.1,8111,1375,52.0,2.3,5.0,Low,0.9000000000000004
44,Male,Low,Unhealthy,27.6,204.0,3.2,9.9,3836,1618,79.0,1.6,3.0,Medium,2.3
45,Female,Low,Unhealthy,23.8,301.0,2.7,5.0,5191,1343,77.0,2.6,5.1,Medium,0.2999999999999998
63,Female,High,Average,20.2,282.0,2.4,6.6,14519,1743,51.0,1.6,3.7,Medium,0.9000000000000004
19,Female,Medium,Healthy,24.2,230.0,3.2,10.9,9640,1731,61.0,1.4,2.8,Medium,1.7000000000000002
53,Female,Medium,Average,26.7,467.0,2.7,8.8,5653,1664,78.0,1.1,3.3,Medium,2.5999999999999996
67,Male,Medium,Average,17.5,265.0,1.9,6.7,5702,1316,61.0,1.5,4.9,Low,0.5
24,Female,Medium,Average,21.7,235.0,2.0,11.2,5417,1130,68.0,1.4,3.2,Medium,1.2999999999999998
42,Male,Low,Average,30.5,264.0,3.6,7.7,5219,1672,77.0,1.8,3.8,Medium,1.5999999999999996
40,Other,Low,Average,23.2,0.0,3.4,5.1,4671,1212,65.0,1.5,4.4,Low,0.5
39,Female,Medium,Average,21.4,305.0,2.2,2.0,11323,1386,58.0,1.2,5.0,Medium,1.4000000000000004
43,Female,Medium,Average,27.4,0.0,2.2,7.5,7383,1409,69.0,1.5,3.5,Low,1.5999999999999996
50,Female,Medium,Unhealthy,31.4,305.0,1.6,8.9,6620,1680,77.0,1.3,3.8,Medium,1.7000000000000002
28,Male,High,Unhealthy,26.7,289.0,2.4,3.7,14367,2049,56.0,2.7,6.1,Low,0.09999999999999964
27,Female,High,Average,30.0,413.0,2.9,8.0,17426,2375,64.0,2.5,3.9,Medium,0.09999999999999964
42,Female,Low,Average,31.7,70.0,3.4,5.9,3113,1768,74.0,2.4,5.1,Low,0.5999999999999996
54,Female,Medium,Healthy,21.3,51.0,1.8,8.3,11884,1491,53.0,1.3,4.9,Low,0.2999999999999998
65,Male,Medium,Healthy,28.8,366.0,1.2,5.5,7856,1732,78.0,1.7,4.9,Low,0.5999999999999996
60,Female,High,Healthy,18.9,38.0,1.7,5.2,15538,1848,50.0,2.6,5.4,Low,0.09999999999999964
55,Male,Low,Average,26.7,24.0,2.9,6.8,4243,1675,71.0,1.4,3.8,High,0.40000000000000036
58,Female,Low,Healthy,24.7,231.0,2.5,4.1,3404,848,74.0,2.1,4.3,Low,1.2000000000000002
62,Male,Medium,Healthy,30.0,192.0,3.3,9.4,9820,1722,66.0,1.9,4.0,Medium,2.0
41,Male,High,Healthy,29.7,223.0,2.5,7.1,3574,1524,80.0,1.4,2.5,Low,1.4000000000000004
57,Female,High,Average,27.3,280.0,3.8,4.1,12984,2190,65.0,2.5,5.5,Low,0.5999999999999996
63,Male,Medium,Healthy,26.2,281.0,1.2,5.5,9590,1820,68.0,2.3,4.8,Low,0.9000000000000004
34,Female,Low,Average,25.2,207.0,3.6,6.2,2948,1516,74.0,1.8,4.3,Medium,1.0999999999999996
41,Male,Medium,Average,24.8,189.0,1.9,8.8,7013,2095,70.0,1.1,2.4,Medium,2.5
54,Male,Medium,Unhealthy,30.8,205.0,2.6,4.5,7339,1998,73.0,2.2,6.1,Low,0.9000000000000004
49,Male,Low,Unhealthy,24.4,313.0,2.8,6.8,2472,1619,79.0,1.8,4.2,Low,1.5
41,Female,High,Average,26.0,357.0,2.1,12.6,13787,1918,58.0,1.8,2.7,Medium,1.2999999999999998
26,Other,Medium,Healthy,25.3,295.0,1.7,5.2,9611,1514,64.0,1.8,4.7,Low,0.1999999999999993
21,Male,High,Average,18.6,284.0,1.7,8.6,15147,1545,51.0,2.0,4.6,Medium,0.2999999999999998
34,Male,Low,Unhealthy,23.7,51.0,3.0,8.2,5540,1358,67.0,1.1,4.5,Medium,1.4000000000000004
34,Male,Medium,Average,31.4,0.0,3.1,11.4,7598,1733,70.0,1.9,4.0,Medium,0.7999999999999998
67,Female,Medium,Average,22.0,324.0,2.3,10.4,10518,1277,66.0,1.8,3.9,High,2.8
65,Male,High,Unhealthy,33.5,204.0,2.0,5.8,10172,1961,76.0,2.0,5.9,Low,0.2999999999999998
47,Male,Low,Average,29.7,225.0,3.0,4.4,5966,1713,75.0,2.4,5.0,Medium,0.7000000000000002
57,Female,Medium,Average,26.6,232.0,1.3,3.5,10184,1896,64.0,1.8,4.8,Low,2.3
28,Female,Low,Unhealthy,27.2,238.0,4.1,7.6,1633,1170,80.0,2.6,4.9,Low,0.40000000000000036
38,Male,Medium,Average,21.3,296.0,2.9,9.5,8936,1146,63.0,1.1,3.0,Medium,1.2000000000000002
38,Male,Low,Average,23.9,185.0,2.4,9.9,3810,1368,75.0,1.8,4.2,High,1.7000000000000002
46,Female,Medium,Unhealthy,22.5,303.0,3.0,7.1,8132,1371,68.0,2.2,4.5,Medium,0.7000000000000002
41,Female,Medium,Healthy,29.2,286.0,2.7,10.6,6761,1546,71.0,1.4,3.5,Medium,2.0999999999999996
62,Other,Low,Healthy,20.2,25.0,2.8,2.0,4006,945,61.0,1.6,4.6,Low,0.9000000000000004
34,Female,High,Healthy,32.6,332.0,3.7,9.9,10626,1696,74.0,1.3,4.1,Medium,0.5999999999999996
35,Female,Low,Healthy,25.0,367.0,2.1,4.1,3943,1475,75.0,1.4,4.9,Low,0.5999999999999996
59,Female,Low,Unhealthy,22.8,0.0,3.3,6.3,3288,1370,64.0,1.9,4.3,Medium,1.5999999999999996
65,Female,Low,Unhealthy,30.5,266.0,3.2,8.1,4923,2054,77.0,1.3,4.0,Medium,1.2000000000000002
37,Male,High,Healthy,30.0,166.0,2.7,5.8,10054,2020,67.0,2.5,5.8,Low,0.20000000000000018
54,Male,Low,Average,28.7,211.0,2.6,9.7,7004,1708,78.0,1.5,3.6,Medium,0.5
35,Male,High,Average,23.9,85.0,2.8,5.0,10291,1531,54.0,1.6,5.0,Low,0.5999999999999996
26,Male,Low,Average,27.8,96.0,3.3,7.0,3276,1650,70.0,2.1,4.9,Medium,1.4000000000000004
31,Female,Medium,Average,23.0,312.0,3.1,7.8,6409,1469,66.0,2.1,4.2,Medium,0.9000000000000004
66,Male,Medium,Average,25.7,345.0,3.3,5.5,8850,1383,62.0,1.6,4.5,Medium,1.0999999999999996
46,Female,Medium,Average,26.1,69.0,3.1,5.4,12460,1795,57.0,1.3,3.8,Low,2.0999999999999996
48,Female,High,Healthy,30.1,72.0,0.8,5.4,19608,2122,54.0,2.2,6.1,Low,0.40000000000000036
21,Male,Low,Unhealthy,28.0,217.0,2.4,5.8,4301,1756,75.0,2.0,5.0,Medium,0.9000000000000004
35,Female,Medium,Average,19.0,425.0,2.0,5.9,6438,1122,65.0,1.1,3.9,Medium,0.9000000000000004
37,Male,Low,Average,24.1,111.0,2.8,2.0,4419,1723,77.0,1.4,4.7,Low,0.7999999999999998
64,Male,Medium,Unhealthy,21.3,139.0,2.1,7.2,9476,1679,57.0,1.7,3.6,Low,1.7000000000000002
60,Male,Medium,Average,27.3,248.0,3.0,6.2,8407,1483,70.0,1.7,3.8,Low,1.7999999999999998
61,Male,Low,Average,28.7,298.0,2.2,5.2,5117,1506,78.0,1.3,5.1,Medium,1.0
26,Other,Low,Average,25.4,279.0,3.9,7.2,4665,1590,74.0,1.1,3.6,Medium,1.2999999999999998
30,Male,Low,Average,23.9,204.0,3.8,7.0,4427,1383,69.0,2.2,4.9,Low,1.7000000000000002
32,Female,Medium,Unhealthy,25.3,154.0,1.3,6.0,5567,1431,72.0,1.3,4.5,Low,0.5999999999999996
44,Male,High,Average,25.8,249.0,2.8,7.0,13608,1845,64.0,2.4,4.2,Medium,0.5999999999999996
32,Female,Medium,Average,22.4,0.0,2.1,5.5,11821,1567,54.0,1.5,3.7,Low,1.0999999999999996
45,Male,Medium,Healthy,20.1,480.0,2.7,4.1,8979,1565,68.0,2.0,4.2,Low,1.7999999999999998
54,Female,Low,Average,17.5,172.0,3.0,11.9,5752,1048,62.0,2.1,4.6,Low,0.20000000000000018
36,Female,Low,Average,30.1,227.0,1.5,5.8,7016,1879,75.0,0.8,3.1,Medium,2.8
43,Female,Low,Healthy,27.0,514.0,1.7,7.7,2231,1532,81.0,1.7,2.4,Medium,3.0
69,Male,Medium,Average,26.5,88.0,1.8,13.5,13198,2101,58.0,1.9,2.7,Medium,1.7999999999999998
43,Female,Medium,Unhealthy,30.1,549.0,2.1,6.0,9946,1888,80.0,1.7,4.4,Medium,0.9000000000000004
42,Male,High,Healthy,20.0,310.0,2.1,8.2,17486,1730,50.0,1.7,3.8,Low,1.7000000000000002
43,Male,Medium,Unhealthy,18.1,266.0,3.1,12.8,6659,1246,62.0,1.4,2.2,Medium,1.4000000000000004
43,Male,Medium,Healthy,26.5,296.0,2.7,2.9,9448,1573,65.0,1.0,3.3,Low,2.3
63,Male,Low,Average,26.2,73.0,1.8,10.3,2798,1390,74.0,1.1,3.1,Medium,1.4000000000000004
45,Male,Low,Average,18.1,0.0,2.2,7.6,4224,892,61.0,1.9,3.8,Low,0.5999999999999996
66,Female,Low,Average,26.4,22.0,0.6,5.7,4505,1637,77.0,1.5,4.1,Low,0.0
35,Male,Medium,Healthy,23.4,363.0,4.1,7.1,7522,1784,69.0,1.5,3.9,Medium,1.0
49,Male,Medium,Unhealthy,21.8,59.0,2.5,6.1,10301,1120,57.0,1.2,3.9,Medium,2.3
20,Male,Low,Healthy,23.7,0.0,3.3,10.9,3220,1513,68.0,1.5,3.5,Low,1.2000000000000002
19,Female,Medium,Average,17.5,188.0,3.1,7.0,3975,1025,63.0,1.2,3.2,Low,1.7000000000000002
50,Female,Medium,Average,22.6,286.0,2.5,8.7,7512,1682,65.0,2.0,3.9,Medium,1.5999999999999996
59,Male,Low,Average,22.2,205.0,0.6,5.7,5880,1397,70.0,2.0,4.1,Low,1.2000000000000002
36,Female,Medium,Average,27.2,290.0,2.1,7.7,12911,2070,62.0,2.3,4.7,Low,0.7999999999999998
34,Female,Medium,Average,24.4,373.0,2.8,6.0,10631,1624,69.0,1.6,3.6,Medium,1.4000000000000004
61,Male,Low,Healthy,27.6,285.0,2.5,3.5,5600,1613,75.0,2.1,4.7,Low,0.7000000000000002
50,Female,Medium,Average,17.5,176.0,3.3,10.3,7242,1357,56.0,1.2,3.2,Medium,1.4000000000000004
29,Female,Low,Healthy,21.6,118.0,2.5,7.9,7455,1868,60.0,1.4,3.4,Low,2.8
66,Female,Medium,Healthy,27.2,315.0,4.0,8.9,9368,1629,67.0,2.2,4.4,Medium,1.5
20,Male,High,Average,23.8,241.0,1.7,5.2,16169,1859,52.0,1.6,4.9,Low,0.5
60,Male,Medium,Average,28.4,70.0,2.9,10.0,9256,1645,62.0,2.0,5.0,Low,0.7999999999999998
66,Male,Low,Average,17.8,395.0,1.7,8.2,2262,932,68.0,1.3,3.8,Medium,1.2000000000000002
43,Female,Medium,Average,27.9,239.0,3.2,7.4,8767,1643,62.0,1.1,3.1,Low,2.7
52,Female,Low,Average,22.4,297.0,1.9,9.6,1817,993,75.0,1.9,3.2,Medium,2.5
25,Male,Low,Average,22.1,141.0,1.1,6.2,5240,1416,64.0,1.2,3.7,Low,0.9000000000000004
53,Female,Low,Unhealthy,29.6,0.0,2.1,5.3,3051,1423,73.0,2.3,4.8,Low,0.7999999999999998
24,Female,Low,Average,29.1,451.0,3.7,7.1,5689,1449,84.0,1.8,4.0,Medium,1.2000000000000002
63,Female,Medium,Average,33.2,0.0,3.1,4.7,7283,2124,68.0,1.4,5.3,Low,1.0999999999999996
63,Female,Medium,Healthy,30.1,0.0,2.9,4.1,7331,1699,72.0,2.4,6.1,Low,0.0
53,Female,Low,Average,21.8,237.0,2.4,5.8,4800,1730,63.0,1.8,4.3,Medium,0.0
33,Male,Medium,Average,25.6,120.0,1.6,6.6,7968,1581,63.0,2.1,4.1,Low,1.2000000000000002
41,Male,High,Average,23.6,150.0,1.8,8.4,14700,1776,55.0,1.4,3.8,Medium,0.20000000000000018
18,Male,Low,Unhealthy,33.1,120.0,2.1,5.4,5548,1831,84.0,2.2,5.7,Low,0.0
66,Female,Medium,Healthy,29.4,82.0,2.0,8.5,6523,1448,74.0,1.8,5.0,Low,0.20000000000000018
42,Male,Medium,Average,24.2,247.0,2.0,6.2,6353,1181,61.0,0.8,2.8,Low,2.8
27,Female,Medium,Healthy,28.5,192.0,1.7,5.8,7534,2003,72.0,1.7,3.8,Low,1.4000000000000004
33,Male,Low,Unhealthy,26.0,212.0,1.9,5.6,4963,1301,80.0,1.9,4.8,Low,2.2
25,Female,Medium,Average,21.2,137.0,3.4,11.6,11883,1634,56.0,1.9,2.2,Medium,2.2
46,Male,High,Average,18.2,316.0,3.4,8.1,13871,1731,55.0,2.2,4.5,Medium,0.5
56,Male,Medium,Average,28.1,0.0,3.0,3.6,8072,1462,63.0,1.6,4.5,Low,1.0
45,Female,High,Healthy,28.6,0.0,2.9,6.7,12045,1909,58.0,1.1,3.4,Low,1.0999999999999996
23,Male,Medium,Average,26.8,0.0,1.3,5.4,6454,1493,67.0,2.5,5.7,Low,0.5
33,Female,High,Average,24.3,148.0,4.3,2.9,16031,1889,50.0,1.7,4.9,Low,0.5
37,Female,Medium,Average,19.9,258.0,2.3,9.6,8078,1564,62.0,1.2,2.4,Medium,2.4000000000000004
33,Female,High,Average,20.4,0.0,3.1,9.7,17741,1809,50.0,1.4,4.3,Medium,1.4000000000000004
24,Female,Low,Healthy,21.1,198.0,3.2,5.2,5707,1401,65.0,1.3,4.2,Low,0.09999999999999964
60,Male,Low,Healthy,29.2,0.0,2.8,7.0,5024,1653,71.0,1.5,4.3,Low,1.0
43,Male,Medium,Average,18.4,592.0,1.3,9.4,6130,1597,67.0,1.0,2.8,High,2.0
43,Male,Medium,Average,22.2,204.0,2.4,7.7,4232,1399,67.0,1.3,3.1,Medium,1.9000000000000004
31,Male,Low,Unhealthy,22.1,17.0,0.6,9.9,4331,1212,67.0,2.5,5.0,Medium,0.40000000000000036
24,Female,High,Average,17.5,219.0,2.5,4.1,18073,1975,50.0,2.2,4.4,Low,1.2000000000000002
50,Male,Medium,Average,27.3,424.0,3.6,7.4,9423,1727,69.0,2.4,3.9,Medium,0.09999999999999964
37,Male,Medium,Average,30.4,182.0,2.1,4.3,9633,1779,69.0,2.5,5.4,Low,0.5
20,Female,Low,Average,25.4,195.0,3.0,3.0,2737,1235,67.0,1.2,3.9,Low,1.2999999999999998
69,Male,Low,Average,23.3,306.0,2.6,7.1,1000,1168,80.0,1.5,4.0,Medium,1.7000000000000002
21,Female,Medium,Healthy,27.3,421.0,2.9,5.9,7590,1424,74.0,1.9,4.5,Low,0.5999999999999996
43,Male,Medium,Average,29.2,317.0,2.4,3.8,4072,1278,82.0,1.2,5.0,Low,0.1999999999999993
28,Male,Medium,Average,26.2,0.0,1.9,10.0,5940,1568,66.0,1.5,3.1,Medium,1.0
19,Female,Medium,Average,27.8,39.0,2.6,8.0,4601,1280,73.0,1.4,4.0,Medium,1.2000000000000002
31,Female,Low,Unhealthy,24.4,80.0,2.6,5.2,2869,1480,73.0,1.8,4.6,Low,1.0
61,Male,Medium,Healthy,24.7,316.0,3.3,7.5,6932,1906,68.0,1.0,3.2,Low,1.0999999999999996
47,Male,Low,Healthy,25.5,291.0,2.1,6.4,2689,1428,73.0,1.2,3.5,Medium,3.0999999999999996
66,Male,High,Unhealthy,22.0,389.0,2.5,3.1,20900,1988,50.0,1.6,4.9,Medium,0.5999999999999996
29,Female,Low,Average,22.7,283.0,2.4,7.7,3719,839,72.0,1.5,4.0,Low,2.2
43,Female,Medium,Unhealthy,30.5,105.0,4.3,11.1,10656,2076,67.0,1.5,2.9,Medium,1.2000000000000002
61,Female,Low,Healthy,33.0,170.0,1.9,10.5,4853,1829,80.0,1.2,3.6,Low,1.5999999999999996
50,Male,Medium,Unhealthy,31.4,0.0,2.2,7.3,7585,1969,72.0,2.2,4.6,Medium,0.7000000000000002
31,Female,Low,Healthy,19.3,106.0,3.5,8.4,6026,1152,59.0,1.9,5.0,Low,0.7999999999999998
41,Female,Medium,Healthy,20.2,383.0,3.6,7.7,5927,1493,65.0,1.1,3.2,Low,2.2
51,Female,High,Average,25.5,290.0,2.3,6.7,12119,1607,64.0,2.5,5.1,Low,0.1999999999999993
61,Female,High,Healthy,17.5,490.0,3.4,11.7,12074,1293,62.0,1.6,3.3,Medium,1.5999999999999996
43,Male,Low,Unhealthy,22.6,262.0,2.8,6.0,4112,1474,69.0,2.0,4.9,Medium,1.0
38,Female,Medium,Average,30.6,260.0,3.1,9.4,6182,1916,78.0,1.3,3.1,Medium,1.5
45,Female,Low,Average,28.9,172.0,1.7,7.4,5405,1872,78.0,1.1,2.9,Medium,1.5999999999999996
53,Male,Medium,Average,23.3,161.0,4.0,2.9,6564,1396,71.0,1.8,5.0,Low,0.40000000000000036
57,Female,Low,Average,27.3,349.0,3.7,9.8,4791,1377,74.0,2.4,4.3,Medium,0.09999999999999964
19,Male,Medium,Healthy,28.7,0.0,3.1,9.1,6319,1495,71.0,1.3,3.2,Low,1.5999999999999996
59,Female,High,Average,22.9,209.0,3.3,7.5,14536,1535,51.0,2.8,5.6,Low,0.40000000000000036
26,Male,Low,Unhealthy,24.1,0.0,4.4,9.6,5755,1427,66.0,2.3,4.4,Medium,1.0
32,Male,Medium,Average,19.7,131.0,2.0,3.8,7789,1550,52.0,1.3,4.3,Low,1.4000000000000004
30,Male,Medium,Average,24.1,275.0,3.5,4.6,12575,1815,64.0,2.2,5.6,Low,0.7000000000000002
40,Male,High,Average,23.8,88.0,2.4,6.8,15080,1610,53.0,1.8,4.4,Low,0.5
34,Female,High,Average,20.0,161.0,2.9,2.8,11470,1254,53.0,2.1,5.3,Low,0.3000000000000007
65,Female,Medium,Unhealthy,27.6,294.0,2.6,9.8,6158,1568,74.0,1.8,4.4,Low,2.3
19,Other,Low,Healthy,26.9,218.0,1.9,6.5,7418,1723,69.0,1.7,4.4,Low,0.9000000000000004
37,Male,Medium,Average,27.8,431.0,2.7,7.3,6518,1762,76.0,1.6,3.8,Medium,1.5999999999999996
37,Female,Low,Unhealthy,21.9,127.0,3.3,4.5,2947,1260,68.0,2.1,5.1,Low,1.0999999999999996
20,Female,Low,Average,26.9,385.0,2.9,6.6,5097,1591,83.0,2.2,4.1,Medium,1.4000000000000004
29,Female,Medium,Average,22.3,144.0,2.3,6.2,5518,1225,59.0,2.1,4.7,Low,0.5
57,Male,Low,Healthy,21.4,138.0,1.2,10.5,3582,924,62.0,2.1,4.6,Low,0.7000000000000002
19,Male,Medium,Average,20.0,257.0,2.5,10.3,5317,1154,67.0,2.3,4.6,Medium,1.2000000000000002
31,Male,Medium,Unhealthy,31.3,153.0,0.8,7.5,9643,1925,69.0,1.2,2.8,Low,1.9000000000000004
33,Female,Medium,Average,23.0,96.0,2.4,5.7,7497,1144,60.0,1.9,4.2,Low,1.2999999999999998
36,Male,Medium,Unhealthy,20.6,404.0,2.4,6.3,11938,1465,59.0,1.3,4.0,Medium,0.7000000000000002
51,Female,Low,Healthy,27.6,177.0,1.8,6.2,2729,1366,75.0,1.7,4.1,Low,0.7000000000000002
61,Female,High,Healthy,25.7,115.0,3.1,8.0,14653,2138,55.0,1.9,4.5,Low,0.9000000000000004
63,Other,High,Unhealthy,17.5,155.0,3.3,6.9,17922,1704,50.0,1.5,5.4,Low,0.1999999999999993
30,Male,High,Healthy,33.5,419.0,2.5,10.9,21927,2562,59.0,1.5,3.0,Medium,2.0999999999999996
53,Female,High,Average,17.5,174.0,3.5,9.9,14971,1246,50.0,2.4,4.1,Low,0.09999999999999964
39,Male,Medium,Average,20.1,70.0,1.8,5.0,6210,962,63.0,1.3,5.4,Low,0.40000000000000036
35,Female,Low,Average,17.5,487.0,2.2,7.7,4125,582,70.0,1.1,2.9,High,2.0999999999999996
29,Female,Medium,Unhealthy,24.7,220.0,3.0,5.1,6323,1663,73.0,1.7,3.9,Low,0.40000000000000036
69,Female,Medium,Average,29.0,184.0,2.0,8.5,8241,1982,71.0,1.2,4.6,Low,0.5999999999999996
47,Male,Medium,Healthy,25.4,210.0,2.4,11.8,10467,1388,66.0,1.6,2.8,Medium,1.5
68,Female,Medium,Average,30.6,13.0,3.2,6.1,9393,2129,67.0,2.3,5.2,Low,0.7999999999999998
57,Male,High,Average,28.3,193.0,2.5,9.0,13686,2382,63.0,1.8,3.6,Medium,1.2999999999999998
24,Male,Medium,Average,31.8,313.0,1.8,11.0,6626,1813,85.0,2.1,3.0,Low,1.5999999999999996
49,Female,Low,Average,29.6,383.0,2.0,6.7,4487,1478,81.0,1.6,3.5,Medium,1.5999999999999996
65,Male,Medium,Unhealthy,23.4,146.0,2.3,8.2,9059,1517,66.0,2.0,2.7,Medium,0.2999999999999998
36,Other,Medium,Unhealthy,25.3,228.0,3.0,11.3,5492,1718,71.0,2.3,3.4,Medium,0.7999999999999998
23,Male,Low,Healthy,21.5,385.0,2.2,4.7,2471,1437,71.0,2.3,5.1,Low,1.2999999999999998
37,Female,Medium,Average,24.1,205.0,0.5,4.4,7420,1494,67.0,2.5,5.1,Low,0.40000000000000036
44,Male,Low,Average,25.2,307.0,3.1,3.9,2002,1156,79.0,1.3,4.6,Low,0.7000000000000002
60,Female,High,Average,24.7,263.0,3.0,8.9,8567,1626,69.0,2.9,5.5,Low,0.3000000000000007
54,Female,Medium,Average,30.4,100.0,1.6,4.5,5938,1738,72.0,1.6,5.3,Low,0.7000000000000002
65,Female,Medium,Unhealthy,23.7,62.0,1.6,8.4,8765,1559,72.0,1.6,4.6,Low,0.7000000000000002
24,Male,Low,Average,21.3,358.0,3.6,10.4,4152,1153,74.0,1.8,3.9,High,1.9000000000000004
22,Female,Medium,Average,21.5,0.0,2.3,5.3,7110,1397,63.0,2.0,4.4,Low,0.09999999999999964
28,Male,Medium,Average,27.6,99.0,3.1,5.1,6127,1252,73.0,1.2,3.4,Low,1.0999999999999996
32,Male,Medium,Average,19.4,0.0,1.9,8.7,8737,1391,52.0,1.9,2.8,Medium,1.9000000000000004
20,Male,High,Average,24.2,359.0,3.0,7.1,14949,2035,57.0,2.8,5.6,Low,0.6999999999999993
22,Female,Medium,Unhealthy,30.3,404.0,1.8,2.0,10485,1896,75.0,2.1,5.4,Low,1.5
40,Male,Medium,Healthy,26.2,91.0,2.8,10.8,2977,1454,68.0,1.5,3.0,Medium,2.3
54,Female,Low,Average,24.7,614.0,2.8,8.4,1381,969,83.0,1.3,3.5,Medium,1.7000000000000002
26,Female,Medium,Average,24.9,406.0,0.8,6.0,9876,1744,66.0,2.1,5.3,Low,1.4000000000000004
32,Male,High,Average,20.9,229.0,2.6,5.9,15420,1847,53.0,2.2,4.7,Low,1.4000000000000004
20,Female,Medium,Average,21.6,424.0,1.9,8.8,9868,1802,61.0,2.1,3.7,Low,1.5999999999999996
46,Male,Medium,Healthy,24.2,103.0,3.4,6.9,6215,983,72.0,1.9,3.1,Low,1.4000000000000004
23,Female,High,Average,26.1,158.0,2.7,7.1,12832,1923,69.0,1.6,4.5,Low,1.5999999999999996
34,Male,Medium,Average,28.8,269.0,2.3,7.4,5444,1309,78.0,1.1,3.7,Medium,0.9000000000000004
43,Female,Medium,Average,25.4,96.0,3.7,5.0,3329,1481,76.0,1.3,4.7,Low,0.5999999999999996
38,Male,Medium,Average,30.4,7.0,1.0,6.1,8279,1740,70.0,1.9,3.8,Low,0.20000000000000018
25,Male,Medium,Healthy,31.4,59.0,4.0,6.5,10831,2103,65.0,1.9,4.5,Low,1.5
38,Male,Medium,Average,28.2,170.0,4.0,5.1,7664,1802,67.0,1.2,4.5,Low,0.20000000000000018
28,Male,Medium,Average,29.9,270.0,2.2,7.7,6567,1774,77.0,1.5,2.4,Medium,2.0999999999999996
55,Male,High,Average,21.0,149.0,3.2,8.2,10641,1384,55.0,1.8,3.6,Low,0.5999999999999996
25,Male,Low,Average,20.4,0.0,2.9,11.2,5670,1279,64.0,1.1,2.5,Medium,1.5999999999999996
59,Female,Low,Average,27.1,270.0,0.5,5.1,4121,1707,74.0,1.5,3.6,Medium,1.7000000000000002
41,Female,Low,Healthy,19.6,391.0,2.4,9.2,4181,1200,70.0,1.5,3.0,Medium,1.2000000000000002
52,Female,Medium,Average,23.8,101.0,1.5,10.6,5112,1552,65.0,2.2,3.9,Medium,0.9000000000000004
31,Female,Medium,Average,28.1,449.0,1.4,9.4,6166,1373,75.0,1.1,3.3,Medium,2.0
27,Female,Medium,Average,24.0,41.0,2.3,6.2,6947,1381,62.0,2.4,4.6,Low,0.7000000000000002
29,Female,Medium,Healthy,22.4,102.0,3.5,10.8,6696,1543,62.0,2.0,4.0,Low,1.2999999999999998
55,Male,Medium,Healthy,26.3,153.0,1.9,6.5,13019,1941,58.0,2.0,5.5,Low,1.7000000000000002
61,Female,High,Average,20.7,172.0,2.2,6.9,14208,1500,50.0,1.2,4.1,Low,0.7999999999999998
63,Male,Medium,Average,24.3,0.0,3.6,5.8,7655,1551,62.0,2.0,3.8,Low,1.2999999999999998
51,Female,Low,Average,25.0,87.0,2.4,8.9,3796,1373,64.0,1.4,3.9,Low,0.7000000000000002
58,Female,Low,Average,24.9,116.0,2.1,2.0,2982,1442,75.0,1.9,4.5,Low,2.3
27,Male,Medium,Healthy,25.4,483.0,3.2,5.0,7854,1653,74.0,1.5,3.3,Low,1.5
34,Female,Medium,Average,21.7,234.0,2.9,4.6,11880,1573,60.0,2.2,5.4,Medium,0.40000000000000036
34,Male,Low,Average,22.1,80.0,2.6,11.0,4619,1022,70.0,2.1,3.5,High,1.2000000000000002
20,Male,Low,Average,22.0,134.0,3.2,7.6,1606,1461,72.0,1.6,4.3,Low,1.5999999999999996
48,Male,Medium,Unhealthy,18.5,263.0,1.5,6.5,7125,1421,62.0,1.1,2.8,Low,3.3
68,Female,Medium,Healthy,26.4,143.0,2.0,6.5,8208,1666,69.0,1.7,4.3,Low,0.7000000000000002
18,Female,Medium,Unhealthy,28.6,112.0,4.1,3.5,4987,1733,70.0,2.7,6.2,Low,0.1999999999999993
29,Female,Low,Average,28.2,117.0,0.5,10.4,3298,1662,75.0,2.3,3.6,Medium,1.4000000000000004
21,Female,Medium,Unhealthy,21.8,0.0,1.6,8.5,7207,1626,62.0,1.8,4.1,Low,0.7000000000000002
59,Female,High,Average,28.0,36.0,2.6,5.4,14210,1562,64.0,1.5,3.9,Low,0.20000000000000018
30,Male,Medium,Healthy,27.6,60.0,3.0,6.9,9397,1415,64.0,1.9,4.1,Low,0.5
59,Male,Medium,Average,32.0,76.0,2.2,6.4,7828,1980,73.0,2.7,5.0,Low,0.1999999999999993
38,Male,Medium,Average,24.9,334.0,1.8,9.6,7345,1565,67.0,2.2,4.2,Medium,1.0999999999999996
21,Female,High,Average,23.4,240.0,2.5,7.9,11541,1617,59.0,1.5,5.1,Medium,0.6999999999999993
35,Male,Medium,Healthy,18.8,232.0,4.2,7.2,7905,1192,59.0,1.6,3.4,Low,1.5999999999999996
36,Male,High,Healthy,24.6,0.0,2.4,5.0,9824,1347,59.0,1.6,5.6,Low,0.40000000000000036
19,Male,High,Average,27.0,221.0,2.6,6.7,19185,1860,50.0,2.3,5.2,Medium,0.1999999999999993
29,Male,Medium,Average,32.4,244.0,2.2,7.5,9883,1796,79.0,2.3,4.4,Low,1.0
34,Male,Low,Average,23.4,98.0,3.6,4.5,1638,952,75.0,1.9,4.8,Medium,0.7999999999999998
27,Female,Medium,Average,17.5,38.0,3.5,7.3,10893,1023,50.0,2.4,4.9,Medium,0.9000000000000004
51,Male,High,Healthy,26.9,8.0,3.2,7.1,18543,2031,50.0,2.6,5.1,Low,0.09999999999999964
23,Female,Low,Unhealthy,25.7,225.0,3.3,7.3,3245,1625,74.0,2.0,5.1,Low,0.5
25,Female,High,Average,22.1,212.0,2.0,7.3,14617,1777,53.0,1.0,2.6,Medium,1.9000000000000004
68,Male,Low,Average,26.6,379.0,1.6,5.3,4135,1310,75.0,1.8,4.3,Medium,0.5
28,Male,Medium,Unhealthy,28.1,79.0,2.0,2.9,5245,1476,72.0,2.0,5.2,Low,0.40000000000000036
26,Male,Low,Healthy,23.8,202.0,2.2,4.8,1178,1137,74.0,1.4,4.5,Low,0.7999999999999998
19,Male,High,Average,30.9,117.0,3.0,6.8,14868,1922,58.0,1.8,4.8,Low,0.7999999999999998
25,Male,Medium,Average,22.1,325.0,2.6,5.1,11135,1492,55.0,2.0,4.6,Low,1.5
28,Female,Low,Healthy,25.3,385.0,1.4,3.3,1466,1209,74.0,1.9,5.4,Low,0.2999999999999998
53,Female,Medium,Healthy,17.5,34.0,3.5,7.9,7413,1000,56.0,1.7,4.8,Low,0.20000000000000018
27,Other,Medium,Average,19.1,131.0,2.1,8.8,10279,1373,55.0,1.0,2.7,Medium,2.4000000000000004
38,Female,Low,Average,25.6,398.0,3.1,9.8,4603,1717,76.0,1.6,2.9,Medium,2.5
37,Male,High,Unhealthy,29.9,248.0,1.8,5.9,16500,1890,59.0,2.4,5.5,Low,0.7000000000000002
65,Male,Low,Healthy,19.6,217.0,1.8,7.1,2969,1176,67.0,1.6,3.2,Low,1.5999999999999996
25,Male,Low,Unhealthy,25.3,251.0,1.8,7.9,2588,1566,77.0,1.3,4.1,Low,0.7999999999999998
53,Male,Low,Unhealthy,23.5,298.0,1.4,9.6,3700,1413,71.0,1.2,3.1,Medium,2.0
59,Male,Medium,Average,20.1,232.0,2.8,3.3,9199,1480,59.0,1.2,4.9,Low,1.2000000000000002
29,Male,High,Average,26.7,201.0,1.8,10.5,15333,1808,58.0,1.6,4.0,Medium,1.7000000000000002
31,Male,Low,Average,22.4,402.0,2.8,2.8,5468,1697,65.0,1.2,5.3,Low,0.20000000000000018
65,Male,Low,Average,25.9,160.0,2.6,9.3,4173,1565,75.0,1.4,3.6,Medium,1.5
67,Female,Low,Average,25.3,200.0,3.2,10.3,2428,1819,76.0,1.3,3.4,Medium,0.7999999999999998
39,Other,Medium,Healthy,26.9,248.0,3.3,4.5,9516,2203,67.0,2.2,6.1,Low,0.09999999999999964
38,Male,Medium,Average,25.2,190.0,1.8,4.8,10011,1833,65.0,1.5,4.4,Low,1.2000000000000002
61,Male,Low,Unhealthy,24.5,294.0,0.5,6.9,6957,1597,69.0,1.6,3.4,Low,2.5
67,Male,Medium,Average,23.6,234.0,2.7,11.4,12847,1509,60.0,1.9,3.4,Medium,0.2999999999999998
47,Male,Medium,Healthy,25.3,89.0,1.8,11.4,9944,1811,62.0,1.7,2.7,Medium,2.4000000000000004
37,Female,Medium,Average,21.0,78.0,2.7,3.0,7159,984,58.0,2.1,5.3,Low,0.5999999999999996
41,Other,Medium,Average,23.6,474.0,2.4,7.4,6252,1544,73.0,2.0,4.6,High,1.9000000000000004
40,Male,Medium,Healthy,20.8,235.0,2.7,6.5,8133,1236,57.0,2.2,4.7,Low,1.5
24,Male,Low,Healthy,24.8,59.0,2.1,7.1,3842,1509,67.0,2.4,4.3,Low,0.7999999999999998
26,Male,Medium,Average,22.6,141.0,3.8,2.9,11810,1396,53.0,2.3,4.8,Low,1.0999999999999996
18,Male,Medium,Healthy,28.1,313.0,2.1,7.6,9172,2026,70.0,2.3,4.0,Low,1.0
43,Male,Low,Unhealthy,27.7,36.0,2.9,3.2,3655,1515,72.0,2.3,5.7,Low,0.5
55,Male,Medium,Average,21.3,608.0,1.8,2.0,6236,1464,71.0,1.1,4.6,Medium,2.2
55,Male,High,Average,25.0,0.0,2.5,7.6,15602,2067,50.0,1.7,4.3,Low,1.0999999999999996
61,Male,Medium,Healthy,27.6,338.0,1.5,11.8,8276,1770,67.0,1.2,2.7,Medium,2.0999999999999996
39,Male,Medium,Unhealthy,24.3,127.0,2.7,4.9,7097,1325,62.0,1.2,3.0,Low,2.5
61,Male,Medium,Healthy,22.1,78.0,2.6,5.8,6627,1496,65.0,2.0,3.8,Low,2.0
27,Male,Medium,Healthy,20.6,280.0,2.9,9.2,9098,1374,61.0,2.6,4.8,Low,0.5
23,Other,Medium,Healthy,28.4,131.0,2.9,9.9,7185,1745,68.0,1.3,3.8,Low,0.2999999999999998
34,Male,Medium,Healthy,28.6,438.0,2.5,7.3,7353,1651,76.0,1.7,3.9,Low,0.9000000000000004
68,Female,Medium,Average,24.2,0.0,4.1,5.2,7030,1133,64.0,1.7,4.7,Low,0.0
67,Female,Low,Average,28.1,284.0,2.5,10.3,8251,1746,72.0,1.4,3.7,Medium,1.2999999999999998
55,Female,Medium,Average,17.5,158.0,2.5,3.9,8315,1087,55.0,2.0,5.2,Low,0.2999999999999998
41,Female,Low,Average,30.3,244.0,2.4,5.7,2765,1685,80.0,1.6,3.2,Medium,1.5999999999999996
68,Female,High,Average,24.4,277.0,2.7,8.5,6281,1464,68.0,2.8,4.7,Low,0.09999999999999964
25,Male,Low,Healthy,23.7,235.0,2.2,8.0,3560,1754,74.0,3.0,5.0,Low,0.6999999999999993
38,Male,Medium,Healthy,30.6,363.0,3.1,9.8,11390,1923,75.0,1.0,2.3,Low,2.0999999999999996
23,Other,High,Healthy,20.8,269.0,2.5,11.2,20860,1890,50.0,1.6,3.7,Low,2.0
38,Female,Medium,Average,30.9,144.0,3.3,6.0,7523,2221,70.0,3.3,7.5,Low,1.6999999999999993
56,Female,Medium,Average,26.6,0.0,1.0,5.9,8728,1477,67.0,1.4,4.3,Low,1.5
41,Female,Medium,Average,27.5,276.0,3.7,8.8,7669,1849,71.0,1.8,3.9,Medium,0.7999999999999998
50,Female,Medium,Average,23.7,481.0,3.2,5.5,8910,1391,66.0,2.0,4.5,Low,1.2000000000000002
35,Female,High,Average,19.8,299.0,2.5,6.2,13278,1474,51.0,2.4,5.8,Low,0.20000000000000018
45,Female,Low,Average,28.7,373.0,2.4,7.8,3164,1640,84.0,2.4,3.8,Medium,0.5999999999999996
69,Female,High,Average,26.2,339.0,3.0,7.9,12029,2020,65.0,2.3,5.1,Medium,0.2999999999999998
49,Female,High,Healthy,30.4,141.0,1.7,2.2,16130,1960,57.0,2.4,5.7,Low,1.2000000000000002
29,Female,High,Average,24.2,213.0,2.5,4.1,17908,1977,50.0,2.4,5.6,Low,0.09999999999999964
65,Female,Medium,Average,23.3,330.0,2.6,2.4,7101,1300,77.0,1.2,4.2,Low,0.5999999999999996
59,Female,High,Average,30.6,0.0,0.9,2.8,16182,2306,58.0,2.6,6.3,Low,0.8000000000000007
44,Male,Low,Unhealthy,32.6,297.0,2.8,4.2,4235,1993,83.0,1.6,5.4,Medium,1.0
27,Male,Medium,Average,25.0,388.0,1.4,6.4,7235,1672,73.0,1.5,3.9,Medium,2.0999999999999996
63,Female,Medium,Healthy,22.0,192.0,3.4,6.7,9356,1313,55.0,1.5,3.6,Low,1.7999999999999998
69,Female,Low,Healthy,28.2,322.0,3.6,2.0,6021,1430,73.0,1.9,5.9,Low,0.9000000000000004
59,Male,Medium,Unhealthy,24.0,116.0,3.7,4.7,6351,1419,64.0,2.1,4.3,Low,1.7000000000000002
49,Male,Low,Average,27.4,205.0,2.2,3.2,3516,1265,80.0,1.3,4.0,Low,1.2000000000000002
59,Female,Low,Average,24.0,159.0,2.2,6.5,6200,1550,61.0,2.0,4.6,Medium,1.4000000000000004
43,Female,Medium,Average,31.3,268.0,0.9,5.4,7914,2164,73.0,2.3,4.4,Low,1.2999999999999998
42,Female,High,Average,22.2,184.0,3.0,10.1,11615,1417,58.0,2.6,4.1,Medium,1.0
28,Female,Medium,Unhealthy,26.9,0.0,1.3,6.7,8339,1783,63.0,1.9,3.9,Low,1.5
40,Male,High,Healthy,23.0,92.0,1.3,5.5,14025,1552,50.0,1.2,3.3,Low,2.5
51,Male,Medium,Average,23.9,491.0,2.3,6.3,10111,1850,67.0,1.7,4.8,Medium,1.2999999999999998
57,Female,Medium,Average,28.0,0.0,1.7,10.4,7979,1703,69.0,2.0,4.8,Low,0.20000000000000018
40,Male,High,Average,28.7,381.0,2.5,6.2,13844,2141,61.0,1.1,4.0,Low,1.0
46,Female,Low,Average,27.2,27.0,3.2,8.1,4251,1697,72.0,2.0,3.5,Low,0.7999999999999998
48,Female,High,Average,24.6,334.0,2.9,9.0,18549,1733,50.0,2.0,3.0,Medium,2.2
57,Female,Medium,Healthy,28.6,215.0,3.4,2.5,5915,1542,77.0,2.8,5.8,Low,0.40000000000000036
50,Male,Medium,Average,28.7,50.0,2.6,5.8,8563,1802,63.0,1.5,4.4,Low,0.0
38,Female,High,Average,17.5,92.0,2.1,8.6,15037,1407,50.0,1.9,4.1,Low,0.40000000000000036
19,Male,High,Average,23.9,294.0,1.9,2.8,15129,1805,61.0,1.6,5.0,Low,1.2999999999999998
35,Male,Low,Average,24.1,29.0,2.9,7.6,1780,1460,65.0,2.1,4.3,Medium,0.5
64,Male,Low,Average,27.7,112.0,1.6,9.1,4219,1325,74.0,1.3,3.7,Medium,0.9000000000000004
50,Male,Low,Healthy,24.7,276.0,2.8,10.5,3148,1011,75.0,1.8,4.0,Medium,0.5999999999999996
54,Female,Low,Average,27.9,102.0,2.2,8.7,1753,1375,77.0,2.1,3.4,Medium,0.9000000000000004
51,Female,Low,Healthy,20.7,413.0,1.8,7.7,5813,1488,66.0,1.8,4.5,Medium,1.0999999999999996
37,Male,Medium,Average,26.0,44.0,1.8,7.5,7435,1417,66.0,1.2,3.5,Medium,1.2000000000000002
52,Male,Medium,Average,28.6,0.0,3.3,4.0,7465,1625,66.0,1.8,5.5,Low,0.9000000000000004
68,Female,Medium,Healthy,19.1,83.0,1.8,4.6,9764,1578,55.0,2.3,5.3,Low,0.2999999999999998
67,Female,Medium,Average,35.1,246.0,2.3,2.7,10048,2433,74.0,2.1,5.4,Low,0.5
35,Male,Medium,Unhealthy,29.8,329.0,2.1,7.2,7502,1928,76.0,2.1,4.3,Medium,1.2000000000000002
63,Female,Low,Average,25.0,138.0,3.3,8.1,4043,1493,79.0,1.5,3.1,Medium,1.0
41,Female,Medium,Unhealthy,21.7,158.0,3.7,7.3,5979,1524,60.0,1.6,3.2,Low,2.7
25,Female,Medium,Unhealthy,24.3,195.0,3.2,7.7,6115,1376,60.0,2.0,4.3,Low,0.7000000000000002
47,Male,Medium,Average,25.3,461.0,2.2,8.9,10595,1827,69.0,2.0,3.7,Medium,1.2999999999999998
61,Female,Medium,Unhealthy,26.8,256.0,2.8,3.7,8090,1504,69.0,1.6,4.4,Low,1.4000000000000004
27,Female,Low,Average,31.0,126.0,1.8,7.2,5454,2091,75.0,1.4,3.9,Medium,0.5
40,Female,High,Average,23.1,507.0,2.7,7.6,13504,1903,59.0,2.3,4.2,Medium,1.4000000000000004
69,Female,Medium,Unhealthy,27.3,201.0,1.1,5.8,8840,1850,69.0,2.2,4.7,Low,0.9000000000000004
66,Female,Medium,Average,19.8,0.0,2.7,2.0,4512,1102,66.0,2.2,5.6,Low,0.7999999999999998
28,Male,Low,Healthy,23.3,0.0,2.5,4.4,5291,1515,62.0,2.5,5.3,Low,0.5
19,Female,Low,Healthy,26.5,283.0,2.9,5.7,3956,1479,79.0,1.9,4.0,Low,2.4000000000000004
43,Female,Low,Average,27.8,0.0,2.5,7.4,3295,1410,74.0,1.6,4.7,Low,1.0
53,Female,Low,Average,22.0,274.0,3.2,7.1,4942,1414,70.0,1.4,4.9,Low,0.1999999999999993
50,Male,Low,Healthy,23.2,83.0,1.9,11.8,5490,999,66.0,1.9,3.2,Low,1.2999999999999998
64,Male,Low,Unhealthy,30.8,376.0,3.1,9.4,3391,1853,83.0,1.9,3.3,Medium,2.0
30,Female,Medium,Average,29.6,225.0,2.9,6.9,5607,1498,78.0,1.9,3.2,Low,1.4000000000000004
57,Female,Medium,Average,25.8,0.0,3.4,7.3,11331,1889,57.0,1.7,4.6,Low,1.2999999999999998
42,Male,Medium,Healthy,17.5,337.0,3.4,10.2,7568,879,64.0,1.7,3.3,Low,1.5999999999999996
21,Female,Medium,Healthy,35.0,404.0,1.7,10.3,4161,1833,92.0,0.9,1.9,Medium,2.7
59,Male,Medium,Healthy,24.9,8.0,2.9,7.8,7156,1622,63.0,1.5,4.1,Low,0.20000000000000018
36,Other,Medium,Average,23.7,79.0,1.6,11.3,8899,1715,58.0,1.3,3.8,Medium,0.7000000000000002
35,Female,Low,Average,22.9,275.0,3.4,4.8,3877,1161,72.0,1.7,4.8,Medium,0.5
54,Male,High,Average,26.5,302.0,1.8,6.9,13612,1684,65.0,2.0,4.1,Medium,0.0
47,Female,High,Average,26.5,552.0,2.2,14.0,12944,2047,66.0,1.7,2.3,High,1.2999999999999998
36,Female,Medium,Unhealthy,28.8,333.0,2.7,8.8,7158,2106,75.0,1.4,4.3,Low,1.2999999999999998
40,Male,Low,Healthy,21.3,560.0,3.1,6.6,2083,966,77.0,1.4,3.8,Medium,0.7000000000000002
33,Female,High,Healthy,23.8,202.0,2.8,7.3,10107,1071,61.0,2.1,4.5,Low,0.2999999999999998
18,Male,High,Unhealthy,33.1,257.0,3.1,7.4,15091,2562,72.0,1.5,4.2,Low,1.2000000000000002
29,Female,Low,Healthy,25.9,114.0,2.5,11.2,5845,1499,72.0,1.1,2.4,Medium,1.5
41,Male,Low,Average,24.3,121.0,2.7,9.0,3586,1177,68.0,2.0,3.9,Medium,0.5
51,Male,High,Healthy,21.2,222.0,1.1,6.8,18157,1797,50.0,2.4,4.4,Low,0.2999999999999998
25,Male,Medium,Healthy,27.0,112.0,3.3,2.8,10197,2146,65.0,1.1,5.0,Low,0.9000000000000004
35,Male,High,Average,29.1,0.0,2.3,5.2,13604,2130,56.0,1.7,5.0,Low,0.0
65,Female,Low,Healthy,28.5,99.0,2.2,7.2,4956,1779,74.0,1.2,3.5,Low,1.5999999999999996
22,Male,High,Healthy,24.0,361.0,4.0,6.7,15468,1851,57.0,2.3,4.5,Low,0.20000000000000018
47,Female,Low,Average,31.7,211.0,2.6,6.4,1000,1964,85.0,1.1,2.9,Medium,2.3
30,Female,High,Unhealthy,29.3,85.0,0.7,9.1,14416,1861,60.0,2.6,4.0,Medium,0.2999999999999998
36,Female,Low,Unhealthy,21.9,249.0,2.8,3.3,5052,1449,75.0,1.3,3.9,Medium,1.7000000000000002
46,Female,Low,Average,17.5,448.0,1.9,5.7,3169,994,73.0,1.0,2.9,Medium,2.5999999999999996
20,Female,High,Average,26.2,410.0,0.5,8.7,20021,2098,50.0,2.7,4.7,Medium,0.20000000000000018
43,Male,Low,Average,28.2,254.0,3.4,12.2,5548,1403,74.0,2.2,4.2,High,0.9000000000000004
57,Male,Low,Average,20.6,71.0,1.5,6.6,1791,1185,66.0,1.6,5.2,Low,0.7000000000000002
29,Other,Medium,Healthy,25.0,465.0,3.3,9.1,7610,1670,74.0,1.5,4.0,Low,2.2
19,Male,Medium,Average,23.9,358.0,1.7,10.3,6320,1410,69.0,1.6,2.2,High,2.0
28,Male,Medium,Unhealthy,25.4,0.0,2.1,9.4,7265,1850,59.0,1.2,3.3,Medium,1.5
61,Male,High,Average,22.8,0.0,0.7,8.9,15962,1795,50.0,3.1,5.7,Low,1.0999999999999996
45,Male,Medium,Average,30.2,0.0,2.8,6.1,7496,1385,72.0,2.4,5.5,Low,0.9000000000000004
35,Female,Medium,Healthy,25.6,125.0,2.0,10.8,6859,1664,67.0,2.2,4.2,Medium,0.7000000000000002
30,Female,Medium,Average,21.5,335.0,2.2,3.7,8188,1169,64.0,2.2,5.5,Medium,1.0
54,Female,High,Healthy,28.7,331.0,2.4,3.8,16279,2371,61.0,1.7,4.3,Low,1.5
39,Female,Medium,Unhealthy,19.9,251.0,1.2,11.7,9499,1750,57.0,1.3,2.4,Medium,1.9000000000000004
29,Male,High,Healthy,30.1,178.0,3.1,7.9,15846,2340,60.0,1.9,4.3,Low,0.7000000000000002
19,Male,High,Unhealthy,29.0,555.0,2.0,3.9,18110,2174,62.0,2.2,3.3,Medium,1.5
54,Other,Medium,Average,30.6,205.0,4.3,3.4,7819,1962,75.0,2.6,6.3,Low,0.3000000000000007
24,Male,Medium,Average,24.4,186.0,2.1,3.3,7277,1361,70.0,3.1,6.0,Low,0.8000000000000007
43,Male,Medium,Unhealthy,23.0,123.0,2.2,12.1,7689,1580,65.0,1.1,3.2,Medium,1.5999999999999996
43,Female,Low,Healthy,25.3,531.0,1.4,6.8,2785,1217,80.0,1.2,4.0,Medium,0.9000000000000004
41,Female,Low,Average,24.7,308.0,1.2,5.7,2750,1720,71.0,2.1,4.6,Low,0.9000000000000004
29,Male,High,Unhealthy,22.4,44.0,3.2,11.1,16216,1571,50.0,1.9,3.9,Medium,1.4000000000000004
33,Female,Medium,Average,22.8,27.0,3.3,7.6,9661,1198,60.0,1.7,5.0,Low,0.09999999999999964
40,Other,Medium,Average,23.5,0.0,2.0,6.2,2708,1250,72.0,2.0,4.9,Low,0.5999999999999996
57,Male,Medium,Healthy,20.3,185.0,2.6,9.7,9880,1528,57.0,1.3,3.4,Medium,0.9000000000000004
26,Female,Medium,Average,27.7,0.0,3.5,8.5,7177,2135,65.0,1.5,3.7,Low,1.2999999999999998
49,Male,Low,Healthy,24.8,24.0,2.7,8.5,3051,1217,67.0,2.6,5.1,Low,0.2999999999999998
32,Female,Medium,Average,23.8,360.0,2.9,6.3,7346,1496,72.0,1.4,3.6,Medium,1.5
54,Female,Medium,Average,20.6,333.0,2.6,4.8,5475,1248,63.0,1.5,4.3,Low,0.40000000000000036
22,Male,Medium,Healthy,32.7,0.0,2.8,7.3,11829,1907,64.0,1.7,3.7,Low,1.2999999999999998
28,Male,High,Average,22.5,49.0,4.0,7.0,9356,1122,55.0,2.0,4.8,Low,0.09999999999999964
27,Male,Medium,Average,27.4,105.0,2.1,8.2,9236,2044,70.0,1.1,3.9,Medium,1.2999999999999998
69,Female,High,Average,25.7,446.0,3.2,5.9,16923,1803,55.0,1.4,4.7,Medium,0.0
30,Male,High,Average,17.5,209.0,2.6,10.2,15745,1087,50.0,1.4,2.9,Medium,0.9000000000000004
58,Male,Medium,Healthy,32.2,473.0,2.0,3.7,11067,1975,82.0,2.3,6.1,Low,0.09999999999999964
63,Male,Medium,Unhealthy,27.7,294.0,3.2,8.0,9963,2027,70.0,2.1,5.4,Medium,0.5999999999999996
67,Male,Medium,Average,21.9,183.0,3.1,4.7,9341,1571,62.0,1.1,4.7,Low,1.5
32,Male,Medium,Average,24.9,286.0,3.0,6.4,10076,1750,66.0,2.0,3.8,Medium,1.0
59,Female,Medium,Healthy,20.4,0.0,3.9,4.7,9983,1743,52.0,1.3,4.8,Low,0.5
24,Male,Medium,Average,32.3,0.0,4.0,6.1,7301,2115,71.0,1.9,5.1,Low,0.7999999999999998
57,Male,Medium,Healthy,21.4,238.0,2.5,4.3,9262,917,66.0,1.7,4.0,Low,0.40000000000000036
45,Female,Medium,Unhealthy,22.9,202.0,2.4,4.5,7454,1347,65.0,1.1,3.6,Medium,1.2000000000000002
49,Female,Low,Average,22.1,490.0,1.4,9.4,1998,1271,76.0,0.8,3.2,High,3.2
52,Male,Low,Healthy,25.3,0.0,3.7,3.5,6755,1573,69.0,2.5,5.7,Low,0.1999999999999993
32,Male,Low,Healthy,30.5,255.0,2.4,8.6,3169,1762,79.0,1.4,3.9,Medium,0.7999999999999998
65,Female,Low,Unhealthy,32.2,304.0,2.0,9.1,5643,2372,82.0,1.2,2.6,Medium,2.2
53,Male,Medium,Average,23.4,251.0,1.8,8.8,9069,1338,68.0,1.6,4.2,Medium,1.7000000000000002
38,Female,High,Healthy,26.5,364.0,1.7,6.9,11312,1327,66.0,1.3,4.3,Low,1.0999999999999996
23,Male,Medium,Unhealthy,25.3,105.0,3.9,4.3,6448,1036,61.0,2.7,5.6,Low,0.09999999999999964
18,Male,Low,Healthy,21.1,324.0,3.2,3.1,4596,1423,72.0,1.8,6.0,Low,0.09999999999999964
21,Male,Medium,Average,34.7,284.0,1.3,4.0,8798,2054,82.0,1.8,4.2,Low,0.5
28,Female,High,Average,30.5,374.0,1.3,4.1,12871,1742,69.0,1.1,4.1,Low,1.5
61,Female,Medium,Unhealthy,25.8,123.0,2.6,7.7,4836,1436,70.0,1.8,3.6,Low,1.2999999999999998
43,Male,High,Average,31.3,22.0,1.7,3.5,16409,2125,58.0,2.4,6.6,Low,0.09999999999999964
54,Female,Low,Average,29.8,105.0,2.3,6.5,1000,1459,81.0,1.6,4.2,Medium,1.0999999999999996
46,Male,Medium,Average,26.3,115.0,3.4,6.2,10265,1844,68.0,1.3,4.5,Low,0.1999999999999993
38,Female,Medium,Healthy,31.0,149.0,1.1,6.3,4301,1865,79.0,1.7,4.1,Low,0.20000000000000018
65,Male,Medium,Average,21.2,63.0,1.7,10.2,8319,1418,59.0,2.5,4.9,Medium,0.09999999999999964
62,Female,High,Average,31.7,201.0,2.7,8.2,12848,2083,70.0,1.2,4.2,Low,0.7000000000000002
62,Female,Low,Average,24.1,23.0,3.4,8.8,4292,1412,66.0,2.3,3.7,Medium,1.4000000000000004
66,Female,Medium,Average,31.1,189.0,1.8,6.1,9955,1963,70.0,2.0,4.0,Medium,1.9000000000000004
44,Female,Medium,Average,25.0,125.0,2.8,9.0,5307,1107,71.0,1.0,2.8,Low,1.4000000000000004
56,Male,High,Average,26.4,181.0,2.1,7.8,13330,1685,60.0,1.1,3.7,Medium,1.2999999999999998
57,Male,Medium,Average,24.9,259.0,3.9,7.5,7671,1594,70.0,2.0,4.4,Low,0.1999999999999993
30,Male,Low,Unhealthy,22.9,137.0,3.0,6.0,1076,1040,72.0,1.3,4.4,Low,0.20000000000000018
40,Male,Medium,Average,23.9,83.0,2.3,7.6,9147,1737,62.0,2.1,4.2,Medium,1.7000000000000002
33,Female,High,Average,30.5,101.0,1.3,12.3,18885,2010,57.0,1.1,3.1,Medium,1.0999999999999996
47,Male,Low,Average,17.5,353.0,1.7,8.5,5005,1544,68.0,2.0,3.5,Medium,2.0
21,Female,Low,Healthy,20.0,391.0,0.5,11.3,4194,1582,64.0,1.6,3.1,Medium,2.4000000000000004
57,Male,Medium,Average,22.1,122.0,2.7,2.3,9771,1439,60.0,1.9,4.0,Low,0.7999999999999998
33,Female,Medium,Healthy,20.7,176.0,3.0,7.2,6810,1007,65.0,1.9,4.0,Low,1.4000000000000004
48,Female,Medium,Unhealthy,31.0,0.0,3.1,9.1,6237,1692,69.0,1.2,3.1,Low,1.2999999999999998
59,Female,Low,Unhealthy,30.0,172.0,2.0,8.0,4770,1933,80.0,2.1,4.0,High,1.0999999999999996
42,Male,Medium,Average,27.4,0.0,3.5,8.3,8457,1640,65.0,1.4,4.2,Medium,1.0999999999999996
61,Female,Low,Average,22.4,126.0,3.8,6.0,4470,1377,66.0,2.4,5.8,Low,0.0
29,Male,Low,Average,30.3,361.0,2.0,10.0,2711,1633,85.0,2.0,4.0,High,1.7000000000000002
43,Male,Medium,Average,18.6,0.0,3.4,3.0,4990,1244,62.0,1.8,5.6,Low,0.2999999999999998
54,Male,Medium,Average,33.6,64.0,2.6,6.6,5921,2016,71.0,1.6,3.7,Low,1.2000000000000002
65,Female,Medium,Healthy,22.3,65.0,2.1,7.3,6294,1307,68.0,1.4,2.9,Low,1.0
50,Male,Low,Unhealthy,24.0,0.0,3.5,5.6,1000,1530,66.0,1.7,4.3,Low,1.5999999999999996
45,Female,Medium,Average,23.3,329.0,1.5,7.1,8950,1624,62.0,1.1,3.1,Medium,1.5999999999999996
26,Other,Medium,Healthy,20.7,241.0,1.3,2.1,5421,1488,70.0,1.7,5.1,Low,0.3000000000000007
29,Male,Medium,Average,32.7,471.0,2.2,3.8,5310,1798,88.0,1.1,3.4,Medium,1.9000000000000004
22,Female,Medium,Average,28.2,50.0,2.3,10.2,7476,1675,67.0,2.3,3.4,Medium,0.9000000000000004
69,Female,Low,Healthy,29.9,0.0,1.2,7.6,2640,2136,80.0,2.4,5.3,Low,0.1999999999999993
45,Male,Low,Healthy,20.1,341.0,2.9,6.1,1633,1062,74.0,2.1,4.9,Low,1.0999999999999996
22,Male,Medium,Unhealthy,27.1,130.0,1.5,10.5,9071,1426,57.0,1.3,4.0,Low,0.9000000000000004
51,Female,Medium,Healthy,26.1,421.0,3.0,11.5,7327,1669,70.0,1.9,3.1,Medium,2.0
51,Male,Medium,Healthy,29.3,335.0,3.3,10.5,10911,2209,63.0,1.2,2.6,Low,1.5
30,Female,Medium,Average,25.5,106.0,2.9,4.1,6577,1402,70.0,2.1,5.3,Low,1.9000000000000004
56,Male,Medium,Average,21.2,91.0,2.3,7.8,9059,1336,58.0,1.6,3.4,Low,1.4000000000000004
59,Male,Low,Unhealthy,17.6,145.0,3.4,8.5,3837,1149,67.0,1.6,3.7,Medium,1.0
62,Male,High,Average,27.4,300.0,2.8,11.0,14293,1731,60.0,1.6,3.7,Low,0.40000000000000036
31,Female,Low,Average,20.9,270.0,2.9,7.7,1931,1001,69.0,1.8,4.6,Medium,0.5999999999999996
59,Female,Medium,Healthy,29.4,0.0,1.6,2.8,6478,1710,73.0,2.2,4.8,Low,0.7999999999999998
55,Female,Medium,Average,19.9,0.0,4.4,4.8,9650,1748,54.0,1.3,4.6,Low,1.0
21,Male,Low,Healthy,23.1,143.0,2.6,10.5,2813,1360,74.0,1.4,2.8,Medium,2.0
50,Male,Medium,Unhealthy,21.6,0.0,2.6,7.1,5789,1050,62.0,2.4,4.6,Low,1.0
24,Female,Low,Average,28.9,453.0,1.1,11.2,6053,1503,81.0,1.2,3.0,High,0.5999999999999996
58,Female,Medium,Average,30.3,196.0,2.6,5.2,11113,1872,73.0,1.8,4.7,Medium,1.9000000000000004
25,Male,Low,Average,25.6,232.0,2.6,9.0,4680,1327,74.0,1.1,3.5,Medium,1.0999999999999996
54,Male,Medium,Average,21.6,36.0,1.6,7.4,9614,1748,55.0,1.1,3.7,Low,1.0
68,Female,Medium,Average,23.2,31.0,1.7,10.2,5491,1268,66.0,1.6,2.9,Low,1.4000000000000004
27,Female,High,Average,22.5,432.0,1.8,6.4,15978,1756,56.0,1.8,5.0,Medium,0.5
60,Female,Low,Average,21.1,467.0,2.3,6.7,4973,1374,71.0,1.3,3.7,Medium,2.0
32,Male,High,Healthy,24.6,262.0,2.7,10.0,15315,2400,54.0,1.5,3.3,Medium,1.4000000000000004
32,Male,High,Healthy,27.0,136.0,2.7,6.6,7159,1968,68.0,2.4,4.8,Low,0.5999999999999996
46,Female,High,Average,25.2,165.0,2.9,6.9,18446,2193,50.0,1.5,4.3,Medium,0.09999999999999964
36,Male,Medium,Healthy,24.7,0.0,2.8,5.9,5775,1298,63.0,1.2,3.8,Low,1.2999999999999998
68,Male,Medium,Healthy,19.8,477.0,2.7,8.5,9299,1522,63.0,1.1,2.9,Medium,1.2000000000000002
27,Other,Medium,Average,25.6,74.0,2.7,8.2,7028,1486,62.0,1.6,3.6,Low,1.2999999999999998
29,Female,High,Average,22.7,0.0,2.4,6.3,14265,1888,50.0,2.2,4.3,Low,0.20000000000000018
21,Female,High,Average,19.6,195.0,2.0,4.6,10827,1574,56.0,2.6,5.5,Low,0.9000000000000004
33,Female,Medium,Healthy,25.9,2.0,3.0,4.5,7739,1509,64.0,3.1,6.1,Low,0.9000000000000004
57,Female,High,Average,28.4,0.0,2.9,3.2,13221,2093,59.0,2.0,4.7,Low,1.7000000000000002
53,Female,Low,Unhealthy,21.2,0.0,2.1,2.4,5611,964,60.0,2.1,5.1,Low,0.7999999999999998
42,Male,High,Healthy,25.4,156.0,2.3,3.2,14209,2349,57.0,1.9,5.5,Low,0.40000000000000036
40,Male,Low,Average,17.8,129.0,2.3,7.0,1635,1084,68.0,1.6,3.9,Low,1.0
29,Other,High,Average,31.1,277.0,2.0,3.5,12069,2146,70.0,2.8,6.7,Low,0.5
51,Female,Medium,Average,19.6,97.0,3.2,6.1,3675,1221,68.0,1.3,3.0,Low,1.7999999999999998
53,Male,Medium,Average,22.9,346.0,1.0,8.2,8145,1322,67.0,2.4,4.7,Medium,0.5
54,Male,Medium,Unhealthy,30.4,298.0,4.1,2.0,11562,1863,72.0,1.4,5.3,Low,0.2999999999999998
20,Female,Medium,Unhealthy,24.1,90.0,4.2,9.5,7601,1557,65.0,1.5,3.4,Medium,1.0999999999999996
26,Male,Medium,Unhealthy,20.2,258.0,2.5,10.6,8680,1259,55.0,1.2,2.9,Medium,2.9000000000000004
35,Male,High,Average,27.9,399.0,2.8,11.7,17306,1850,57.0,2.3,4.2,Medium,0.3000000000000007
60,Male,Medium,Unhealthy,27.8,55.0,3.2,10.7,6618,1638,67.0,1.7,2.2,Low,2.2
52,Female,Medium,Average,22.5,168.0,1.9,13.0,10199,1603,57.0,0.9,1.9,Medium,2.8
51,Male,High,Average,22.9,165.0,3.0,7.6,19737,1932,50.0,1.8,4.3,Medium,0.09999999999999964
58,Other,Medium,Healthy,23.3,146.0,3.6,9.0,4450,1553,72.0,1.7,3.9,Low,0.2999999999999998
31,Male,High,Average,24.2,320.0,1.1,6.4,17410,1939,58.0,1.5,4.9,Low,0.9000000000000004
21,Female,High,Average,17.5,332.0,1.3,8.7,9552,1574,53.0,1.5,2.9,Medium,1.7000000000000002
58,Female,Low,Average,32.1,253.0,2.3,2.8,5697,1806,81.0,2.0,6.2,Low,0.40000000000000036
62,Other,Medium,Unhealthy,21.4,115.0,2.2,3.2,8644,1192,66.0,1.8,6.0,Low,1.0
67,Female,Medium,Average,22.7,249.0,2.2,11.5,7082,1189,66.0,1.9,4.8,Low,0.7000000000000002
32,Female,Medium,Average,20.3,7.0,1.6,7.4,12467,1503,50.0,1.9,3.9,Low,1.4000000000000004
45,Female,Medium,Unhealthy,27.4,571.0,2.2,10.6,7340,1824,73.0,1.2,2.3,High,3.5
59,Female,High,Healthy,29.8,402.0,1.4,5.6,17289,2111,66.0,2.5,5.1,Low,0.40000000000000036
33,Female,Medium,Unhealthy,29.7,343.0,3.5,4.8,7388,1785,73.0,1.6,4.7,Low,1.7000000000000002
29,Other,Medium,Average,20.0,261.0,2.6,6.8,8915,1252,63.0,2.1,5.4,Medium,0.7999999999999998
69,Male,Low,Average,27.0,261.0,2.6,9.0,4738,1476,75.0,2.2,3.8,Medium,1.0
22,Other,Low,Healthy,30.7,0.0,3.0,10.5,4120,1721,78.0,1.1,3.7,Low,1.5999999999999996
51,Male,Medium,Healthy,27.0,11.0,4.7,7.5,5162,1751,65.0,2.3,5.2,Low,0.2999999999999998
59,Male,Low,Average,26.9,29.0,1.7,8.6,4415,1708,71.0,2.1,4.6,Medium,1.2999999999999998
18,Male,Low,Average,23.1,208.0,1.0,6.6,3130,833,74.0,1.9,4.1,Low,1.5999999999999996
56,Male,Medium,Average,25.9,157.0,2.5,10.6,7084,1714,70.0,1.3,2.6,High,1.5
43,Female,Low,Average,26.3,55.0,2.2,5.0,4786,1488,65.0,2.5,5.8,Low,0.40000000000000036
34,Female,High,Average,20.0,353.0,3.2,8.0,11732,1401,58.0,1.7,4.6,Medium,0.2999999999999998
65,Female,High,Unhealthy,23.2,76.0,3.7,4.5,14652,1867,52.0,1.5,4.9,Low,0.09999999999999964
44,Female,Medium,Average,29.8,137.0,1.2,9.0,8040,1837,75.0,1.8,4.1,Medium,1.5999999999999996
41,Female,Medium,Unhealthy,26.3,334.0,1.7,6.0,6276,1520,82.0,2.3,4.2,Low,1.0
52,Male,High,Healthy,25.5,275.0,2.8,5.0,11599,2173,68.0,2.5,5.2,Low,0.7000000000000002
63,Female,Low,Average,22.8,12.0,3.1,2.0,2823,1355,71.0,1.9,5.2,Low,0.5999999999999996
59,Female,Medium,Average,29.8,359.0,3.1,9.7,7977,1702,77.0,2.2,3.6,Medium,1.0999999999999996
56,Female,Medium,Unhealthy,31.6,213.0,3.7,7.5,7391,2024,76.0,1.8,4.3,Low,0.9000000000000004
43,Female,Medium,Average,30.1,0.0,3.1,7.6,8418,1929,72.0,1.7,3.6,Low,1.2999999999999998
66,Female,High,Average,30.8,73.0,2.4,9.1,11361,2070,66.0,2.1,3.8,Low,0.09999999999999964
55,Male,Medium,Average,23.6,138.0,3.3,5.1,7653,1659,63.0,2.3,5.4,Low,0.7999999999999998
40,Male,Medium,Healthy,23.0,24.0,2.6,4.7,7804,1367,61.0,1.6,4.6,Low,0.09999999999999964
39,Female,Medium,Healthy,24.4,401.0,2.7,8.4,8652,1618,67.0,1.7,3.4,Low,2.2
21,Female,High,Average,25.2,143.0,2.1,9.9,18409,1827,50.0,1.4,4.0,Low,1.5
66,Female,High,Unhealthy,30.7,269.0,2.6,8.3,17222,2384,56.0,1.1,2.6,Low,1.2999999999999998
26,Male,Medium,Healthy,29.7,230.0,1.2,11.0,7851,1802,73.0,2.2,4.4,Low,1.5999999999999996
21,Male,High,Average,27.2,305.0,3.3,8.4,9215,1566,63.0,2.3,3.8,Low,1.0999999999999996
24,Female,Low,Unhealthy,19.3,450.0,1.7,8.3,3230,1084,68.0,1.8,3.9,Medium,0.7000000000000002
40,Male,Medium,Average,18.2,301.0,1.8,9.1,9841,1350,59.0,1.0,3.3,Low,2.2
19,Female,Low,Unhealthy,26.0,461.0,0.6,6.4,3917,1637,77.0,1.6,3.2,Medium,3.0999999999999996
66,Male,Low,Average,28.5,305.0,1.8,3.9,2113,1753,78.0,1.6,4.4,Low,1.0
41,Male,Medium,Average,24.7,219.0,1.7,7.0,7588,1725,64.0,1.8,5.0,Low,0.7999999999999998
57,Female,High,Healthy,32.7,248.0,2.7,8.8,12587,2246,73.0,2.4,4.5,Low,1.2000000000000002
48,Male,Medium,Unhealthy,20.7,0.0,1.5,4.9,10521,1603,56.0,1.9,5.1,Low,0.2999999999999998
64,Female,Medium,Unhealthy,20.2,131.0,2.1,3.5,6835,1230,59.0,1.2,4.3,Medium,1.2000000000000002
48,Female,Low,Unhealthy,22.3,178.0,2.0,5.2,4621,1081,69.0,1.8,4.3,Low,1.5999999999999996
64,Male,Medium,Healthy,22.2,265.0,1.1,10.3,9376,1351,63.0,1.8,2.9,Medium,1.0999999999999996
57,Female,Medium,Unhealthy,27.1,196.0,2.7,8.2,5522,1585,75.0,1.3,3.8,Low,0.7999999999999998
65,Female,Medium,Unhealthy,23.3,250.0,2.3,6.7,6510,1384,72.0,1.4,4.9,Low,0.7000000000000002
68,Male,Medium,Average,18.8,1.0,2.5,4.6,7146,1176,51.0,2.6,4.7,Low,0.09999999999999964
60,Male,Medium,Average,28.6,0.0,3.2,7.7,8275,1815,68.0,1.2,4.4,Low,0.5
51,Male,Medium,Unhealthy,18.0,22.0,2.5,7.5,6810,1370,56.0,1.9,4.3,Low,1.0
66,Female,Low,Healthy,18.5,9.0,3.2,13.3,2489,927,58.0,1.3,1.5,High,2.0999999999999996
33,Female,Medium,Average,25.7,215.0,2.1,5.3,12144,1739,62.0,2.6,5.7,Low,0.2999999999999998
64,Female,Medium,Unhealthy,32.7,0.0,3.0,3.5,8610,1570,70.0,1.3,3.3,Low,1.5999999999999996
30,Female,Medium,Average,28.7,69.0,1.9,5.6,10157,2059,66.0,1.5,4.5,Low,0.09999999999999964
32,Female,High,Healthy,30.8,301.0,3.4,5.9,15061,2161,60.0,1.3,5.0,Low,0.0
44,Male,Medium,Average,26.2,134.0,2.6,9.1,9396,2039,68.0,2.9,6.0,Medium,0.6999999999999993
21,Female,Medium,Average,21.1,452.0,3.8,5.5,9481,1701,65.0,1.5,4.4,Medium,2.3
33,Female,Medium,Healthy,25.5,0.0,2.5,4.5,9355,1759,62.0,1.5,4.1,Low,1.5
47,Female,Medium,Average,27.4,148.0,3.3,8.3,8710,1618,67.0,2.3,4.8,Low,0.40000000000000036
47,Male,Medium,Average,23.1,198.0,3.5,8.4,7188,1754,63.0,1.2,3.2,Low,2.3
53,Female,Low,Unhealthy,27.0,15.0,3.1,4.9,4788,1637,75.0,2.1,6.3,Low,1.0999999999999996
20,Male,Low,Average,21.3,112.0,2.0,5.8,4465,980,66.0,2.1,4.7,Low,1.0999999999999996
39,Female,Medium,Average,20.8,318.0,3.2,5.5,6185,1220,67.0,1.3,5.0,Medium,1.5
66,Male,Medium,Average,20.5,159.0,1.5,8.0,10377,1722,59.0,1.9,5.4,Low,0.5
39,Female,Medium,Average,25.1,39.0,2.1,6.6,9983,1874,58.0,2.9,5.5,Low,1.0
67,Female,Low,Average,20.3,512.0,1.8,3.9,4289,1268,74.0,2.0,4.1,Low,1.7999999999999998
67,Female,High,Average,23.3,207.0,3.2,3.7,17533,2139,51.0,2.7,5.2,Low,0.1999999999999993
66,Male,Medium,Unhealthy,28.6,292.0,3.5,6.2,9454,1559,70.0,1.8,4.1,Low,2.0
29,Other,High,Average,20.9,314.0,2.1,3.5,12679,1433,55.0,1.9,4.3,Low,0.5
38,Female,Medium,Unhealthy,23.0,189.0,1.5,6.0,4369,1303,71.0,2.1,4.9,Low,0.40000000000000036
21,Female,Medium,Unhealthy,25.3,81.0,1.7,7.6,4302,1336,72.0,2.8,4.9,Low,0.1999999999999993
48,Male,Low,Healthy,26.0,229.0,2.6,4.0,5893,1685,69.0,2.1,6.0,Low,1.2000000000000002
61,Female,Medium,Average,23.0,94.0,2.5,9.1,7943,1627,63.0,1.5,3.8,Medium,0.40000000000000036
48,Male,Medium,Unhealthy,28.1,255.0,2.2,10.5,7259,1797,69.0,1.4,2.3,Medium,1.5
40,Female,Medium,Unhealthy,27.4,175.0,1.8,9.7,6680,1433,69.0,1.4,3.4,Medium,1.4000000000000004
37,Male,Medium,Average,29.6,354.0,3.8,8.7,8127,2159,76.0,1.5,2.5,Medium,3.0
32,Female,Medium,Average,24.7,28.0,2.0,8.1,9829,1695,61.0,1.6,4.1,Medium,1.2999999999999998
40,Female,Medium,Average,22.9,307.0,1.8,7.6,6375,1081,65.0,1.7,3.5,Medium,2.2
45,Male,Medium,Healthy,22.3,292.0,3.4,7.9,8189,1201,66.0,1.1,3.7,Low,1.0999999999999996
33,Female,Low,Unhealthy,26.2,164.0,2.3,5.5,7987,1477,67.0,1.8,3.4,Medium,1.5
54,Female,Low,Unhealthy,23.5,309.0,2.9,6.9,6722,1774,72.0,1.0,2.6,Medium,3.0999999999999996
38,Male,Medium,Average,22.7,262.0,1.8,7.4,3536,1101,73.0,1.4,4.5,Medium,1.0
32,Female,Low,Healthy,23.2,300.0,2.9,8.6,1277,999,73.0,2.0,3.9,Low,1.0
34,Male,Low,Unhealthy,22.3,290.0,3.1,3.0,6708,1602,68.0,1.1,4.2,Low,1.5
67,Male,High,Average,25.8,207.0,1.6,7.5,16687,2136,52.0,1.6,3.6,Medium,2.5
54,Male,Low,Healthy,19.3,110.0,2.1,9.7,4077,1016,64.0,2.3,3.6,Medium,1.5
30,Female,Medium,Healthy,26.2,108.0,1.8,5.5,9056,1773,66.0,2.2,3.9,Low,1.5
36,Male,High,Healthy,27.7,167.0,2.1,6.7,13050,1856,63.0,1.9,5.3,Low,1.7000000000000002
47,Female,Medium,Average,22.7,326.0,3.8,2.3,6668,1525,65.0,1.5,5.1,Low,1.0
62,Female,Medium,Average,32.7,294.0,2.7,7.2,9460,1952,74.0,1.3,3.6,Medium,1.5999999999999996
35,Male,High,Healthy,25.1,350.0,4.1,3.3,13709,1909,61.0,2.4,5.7,Low,1.0999999999999996
31,Female,High,Unhealthy,18.8,365.0,3.7,5.6,16593,1608,50.0,1.3,4.5,Low,0.5
53,Male,Medium,Unhealthy,23.9,167.0,3.4,6.9,6902,1353,65.0,1.3,4.3,Low,1.0
53,Female,Medium,Healthy,25.3,494.0,3.7,5.5,9425,1828,67.0,2.0,4.5,Low,1.7999999999999998
37,Male,Medium,Healthy,26.8,184.0,3.4,6.6,8623,1698,69.0,1.8,4.8,Low,0.9000000000000004
69,Male,High,Average,24.0,125.0,3.9,7.9,9996,1796,59.0,2.4,4.1,Medium,0.5999999999999996
36,Female,High,Healthy,21.0,249.0,2.9,6.9,18422,1889,50.0,1.5,3.8,Low,1.5
62,Female,High,Healthy,20.6,272.0,3.0,7.4,9776,1412,60.0,1.5,4.6,Low,0.7000000000000002
61,Male,Medium,Average,22.4,88.0,3.0,2.3,10661,1782,50.0,2.2,5.6,Low,0.09999999999999964
24,Female,Medium,Unhealthy,22.8,176.0,2.1,6.6,8909,1547,57.0,2.0,3.9,Low,1.2000000000000002
61,Male,Medium,Unhealthy,20.5,132.0,3.2,2.0,9281,1489,63.0,2.7,6.4,Low,1.5
21,Female,Low,Unhealthy,22.1,221.0,3.5,6.0,3260,1176,66.0,1.4,4.1,Low,1.0999999999999996
51,Female,Medium,Average,27.6,319.0,2.0,11.6,7262,1578,76.0,2.1,2.8,Medium,1.5
19,Male,Low,Average,31.6,160.0,1.8,9.3,4005,1777,82.0,1.7,4.6,High,1.0999999999999996
22,Male,Medium,Average,28.0,285.0,2.1,3.4,5422,1438,76.0,1.3,4.2,Medium,0.40000000000000036
49,Male,Low,Average,28.9,333.0,2.3,6.6,3462,1624,83.0,1.3,4.4,Medium,1.7999999999999998
59,Male,High,Average,28.3,131.0,1.6,8.3,7640,1515,70.0,2.0,4.0,Low,0.40000000000000036
30,Other,High,Healthy,25.6,260.0,1.8,11.1,14795,2163,61.0,2.0,3.9,Low,1.5999999999999996
56,Male,Medium,Unhealthy,23.3,267.0,1.9,4.6,8651,1784,66.0,1.3,4.2,Low,1.0999999999999996
22,Female,Low,Average,24.1,183.0,1.4,7.5,2963,1289,75.0,1.6,4.6,Low,1.2999999999999998
27,Female,Medium,Average,25.3,66.0,3.0,2.6,8664,1647,68.0,1.4,5.8,Low,0.5999999999999996
27,Female,High,Average,27.9,128.0,2.3,8.0,16207,1975,60.0,1.9,4.2,Medium,1.2999999999999998
55,Female,Medium,Average,26.7,214.0,2.9,8.2,5092,1687,72.0,1.2,4.5,Medium,1.0999999999999996
44,Female,Medium,Healthy,24.4,273.0,0.7,7.1,9207,1554,63.0,2.0,4.7,Low,1.0999999999999996
68,Male,High,Healthy,25.2,76.0,3.4,8.6,10821,1737,60.0,2.0,4.2,Low,0.7999999999999998
38,Male,Low,Average,26.7,103.0,2.4,4.8,2070,1492,82.0,1.9,4.6,Medium,0.1999999999999993
25,Male,High,Healthy,27.7,239.0,2.9,3.7,11358,1621,62.0,2.0,5.3,Low,0.09999999999999964
18,Male,Low,Average,18.9,187.0,3.7,4.6,7150,1224,60.0,1.9,3.4,Medium,2.0999999999999996
45,Male,Medium,Healthy,20.7,221.0,2.8,7.9,9566,1602,59.0,1.6,5.1,Medium,0.09999999999999964
66,Female,Low,Healthy,29.4,0.0,4.2,10.3,3973,2394,71.0,2.4,4.8,Low,0.8000000000000007
56,Male,Medium,Unhealthy,24.8,155.0,1.0,4.9,11404,1343,61.0,2.3,5.4,Low,0.8000000000000007
31,Female,Low,Average,23.3,327.0,2.2,5.3,2616,1143,73.0,2.1,5.2,Low,0.7999999999999998
38,Male,Medium,Average,23.9,107.0,1.1,7.3,5946,1313,66.0,1.4,3.5,Medium,1.9000000000000004
47,Female,Medium,Healthy,23.9,272.0,2.8,14.0,6167,1193,69.0,2.0,3.8,Medium,1.9000000000000004
38,Female,Medium,Healthy,27.2,18.0,2.6,5.9,11755,2222,60.0,1.2,3.4,Low,1.7000000000000002
66,Male,Medium,Unhealthy,20.6,0.0,1.6,9.4,9737,1412,52.0,2.4,4.4,Low,0.20000000000000018
26,Male,Medium,Healthy,25.1,262.0,4.2,6.6,6368,1477,69.0,2.0,4.9,Low,0.7000000000000002
34,Female,Low,Unhealthy,26.0,191.0,2.2,5.6,2962,1545,75.0,2.7,6.9,Medium,0.8000000000000007
22,Male,High,Average,26.6,149.0,0.7,3.7,14849,1807,57.0,2.9,6.0,Low,0.5
48,Male,Medium,Average,25.9,326.0,3.0,6.2,5732,1672,74.0,0.9,2.8,Medium,1.9000000000000004
57,Female,Medium,Average,22.7,105.0,2.1,4.8,6013,1653,62.0,1.1,4.7,Low,0.7999999999999998
55,Female,Medium,Average,21.2,88.0,3.1,7.2,7861,1402,59.0,1.5,3.7,Low,1.0
60,Female,Low,Average,34.8,57.0,1.7,4.9,5223,2227,77.0,1.7,4.9,Medium,0.40000000000000036
36,Female,Low,Unhealthy,23.8,269.0,2.2,6.0,6614,1578,65.0,1.5,3.3,Medium,1.5
53,Female,High,Healthy,24.3,153.0,2.8,3.2,9304,1120,64.0,1.2,5.6,Low,0.5999999999999996
67,Female,Medium,Average,27.7,371.0,3.2,12.8,9199,1510,72.0,2.6,3.4,Medium,0.09999999999999964
50,Female,Medium,Average,31.4,0.0,2.3,7.8,9355,2273,67.0,1.4,3.4,Low,0.1999999999999993
50,Female,Medium,Unhealthy,20.0,186.0,0.9,6.8,6812,1174,65.0,1.5,3.9,Medium,2.2
46,Female,Medium,Average,31.4,6.0,2.3,8.1,4293,1671,75.0,1.8,4.6,Low,0.09999999999999964
60,Male,Low,Unhealthy,20.8,0.0,0.9,10.9,5168,1502,57.0,1.9,2.4,Medium,1.5999999999999996
66,Male,Low,Unhealthy,24.9,312.0,1.8,10.7,2853,1194,77.0,2.1,4.2,Medium,1.9000000000000004
53,Female,Medium,Healthy,21.1,236.0,1.4,4.1,4662,1220,65.0,2.1,5.0,Low,0.20000000000000018
27,Male,Medium,Unhealthy,23.8,184.0,1.9,10.2,8626,1443,67.0,1.2,3.3,Medium,1.5
48,Female,High,Average,21.2,327.0,3.5,4.3,16540,1554,51.0,1.5,4.7,Low,0.40000000000000036
23,Female,Medium,Healthy,22.2,112.0,1.0,6.4,11634,1651,61.0,2.4,4.7,Low,0.2999999999999998
18,Female,Medium,Unhealthy,33.0,149.0,2.3,6.3,8080,2132,84.0,2.0,3.8,Low,1.2999999999999998
44,Male,Medium,Average,28.7,167.0,2.9,9.0,7218,1850,68.0,1.7,3.3,Medium,1.0999999999999996
38,Male,Medium,Average,28.3,400.0,4.2,9.9,7411,1606,80.0,1.8,2.9,Medium,2.5
33,Female,High,Healthy,23.2,0.0,1.9,4.4,12698,1844,55.0,2.6,5.3,Low,0.9000000000000004
63,Male,Medium,Average,26.0,0.0,4.1,6.1,6557,1362,70.0,1.6,4.3,Low,0.5
40,Other,Low,Average,25.7,302.0,1.8,4.4,2441,1262,74.0,1.0,3.6,Low,2.0
69,Male,High,Unhealthy,22.7,184.0,2.9,5.3,19210,1950,50.0,1.6,4.6,Low,0.20000000000000018
37,Male,Medium,Average,25.5,0.0,1.7,8.8,10771,1900,59.0,1.7,3.7,Medium,0.7999999999999998
55,Female,Medium,Average,22.2,214.0,1.4,3.4,4274,1265,66.0,2.0,4.8,Low,1.4000000000000004
42,Female,Medium,Average,24.3,151.0,1.8,5.6,8635,1460,58.0,1.4,5.2,Low,0.1999999999999993
45,Male,Medium,Average,23.7,283.0,4.1,9.2,7870,1797,69.0,2.2,5.2,Medium,1.2999999999999998
22,Female,High,Average,19.9,319.0,1.6,8.7,14434,1511,50.0,1.5,4.2,Medium,0.9000000000000004
38,Female,Low,Unhealthy,17.5,577.0,2.3,5.0,1823,897,76.0,1.2,3.1,Medium,1.5999999999999996
35,Female,High,Average,21.2,22.0,2.3,4.8,8457,1083,57.0,2.1,6.1,Low,1.3000000000000007
64,Female,Low,Unhealthy,32.2,0.0,3.2,10.9,3917,1790,81.0,2.7,4.2,Medium,0.09999999999999964
23,Male,High,Average,23.8,288.0,3.4,7.9,12890,1995,56.0,1.8,4.1,Medium,1.0999999999999996
46,Female,Medium,Healthy,28.1,348.0,2.6,5.0,6901,1390,75.0,1.7,4.6,Low,0.40000000000000036
36,Female,Low,Average,17.5,8.0,0.5,6.9,3689,880,66.0,1.7,4.1,Low,0.7999999999999998
50,Male,Low,Healthy,21.0,8.0,1.8,9.7,4899,1238,60.0,2.2,4.7,Low,0.5
18,Male,Medium,Average,19.6,251.0,1.5,4.8,9762,1478,63.0,1.0,3.5,Medium,1.5
62,Female,Low,Average,24.2,457.0,3.4,4.7,2528,1371,77.0,2.2,5.4,High,1.5
20,Male,Medium,Unhealthy,34.7,68.0,1.8,7.6,6225,1991,79.0,1.8,3.3,Low,2.2
59,Male,Low,Healthy,26.8,213.0,3.8,3.6,4225,1376,72.0,2.4,5.7,Low,0.7999999999999998
38,Other,Low,Unhealthy,31.8,0.0,2.8,5.3,5834,2096,75.0,1.9,4.6,Low,1.2999999999999998
52,Male,Medium,Unhealthy,24.0,170.0,3.4,5.9,7572,1081,62.0,1.6,4.4,Low,2.0
58,Male,Medium,Healthy,30.5,182.0,4.3,2.0,8289,2084,71.0,1.6,5.0,Low,0.5
57,Female,Medium,Unhealthy,33.3,420.0,1.7,7.2,5272,2280,83.0,1.2,3.6,Medium,2.4000000000000004
20,Female,Medium,Average,24.6,93.0,1.2,8.5,3608,1522,68.0,1.1,3.6,Medium,1.5999999999999996
42,Male,Medium,Healthy,22.8,302.0,2.6,11.9,12626,1527,63.0,1.2,3.1,Medium,0.2999999999999998
62,Female,Medium,Unhealthy,19.7,84.0,3.3,8.5,8554,1384,55.0,1.0,2.7,Medium,1.9000000000000004
62,Female,Low,Average,25.3,511.0,2.5,5.9,1000,1113,89.0,1.0,3.4,High,2.4000000000000004
37,Male,Low,Average,33.1,468.0,3.5,11.7,6168,2009,85.0,2.1,3.4,Medium,1.0
69,Male,Medium,Healthy,19.8,494.0,3.4,8.1,6111,1350,62.0,1.1,3.7,Medium,1.5999999999999996
61,Male,Medium,Average,25.2,259.0,2.0,9.6,6109,1577,77.0,2.2,3.9,Low,0.5999999999999996
62,Female,Medium,Healthy,17.7,168.0,2.7,5.6,6566,908,63.0,1.8,4.9,Low,0.5999999999999996
51,Female,Medium,Healthy,23.3,242.0,1.8,6.5,8274,1966,69.0,2.4,4.3,Low,1.0
38,Female,Medium,Unhealthy,26.2,269.0,1.3,6.8,9277,1795,71.0,2.0,4.1,Low,0.7999999999999998
65,Female,Medium,Unhealthy,27.1,258.0,3.6,9.3,7400,1627,71.0,1.3,2.7,Medium,2.9000000000000004
40,Female,Low,Average,27.4,93.0,0.8,5.9,2427,1483,71.0,1.8,4.0,Medium,1.7000000000000002
23,Male,Medium,Healthy,26.6,87.0,2.7,8.5,12595,1711,62.0,1.8,3.9,Low,0.7000000000000002
68,Female,Medium,Average,27.3,110.0,2.2,7.0,7016,1473,64.0,1.9,4.7,Medium,0.7000000000000002
66,Female,High,Healthy,20.8,376.0,2.0,7.0,9497,1250,63.0,2.3,4.1,Low,0.9000000000000004
40,Male,Medium,Healthy,17.6,677.0,3.4,9.8,9158,1114,69.0,1.8,2.9,Medium,2.5
26,Female,High,Unhealthy,22.8,263.0,2.3,7.0,17274,1764,50.0,2.3,5.8,Low,0.09999999999999964
34,Male,Medium,Average,24.5,81.0,3.7,6.2,6279,1333,64.0,2.5,4.7,Low,0.5999999999999996
19,Male,Medium,Healthy,30.0,128.0,2.7,10.6,4319,1675,84.0,1.8,4.2,Low,1.0999999999999996
36,Female,High,Healthy,24.6,176.0,1.7,8.0,12854,1658,61.0,1.3,3.3,Low,1.2999999999999998
36,Female,High,Unhealthy,24.2,425.0,2.9,3.5,19688,1971,54.0,1.5,4.2,Low,0.9000000000000004
24,Male,Medium,Average,26.5,309.0,2.8,6.3,6718,1529,77.0,2.0,3.7,Medium,1.9000000000000004
59,Female,Medium,Healthy,23.9,0.0,2.4,7.7,13065,1671,55.0,2.0,4.1,Low,0.7999999999999998
59,Male,High,Unhealthy,28.2,191.0,1.9,7.6,12317,1594,60.0,1.5,4.5,Low,0.7000000000000002
37,Male,Medium,Unhealthy,32.9,0.0,3.2,8.3,4350,1756,74.0,2.0,4.1,Low,0.2999999999999998
26,Male,Low,Healthy,33.8,288.0,1.7,6.6,3235,1794,86.0,2.2,4.7,Low,0.2999999999999998
34,Female,Medium,Average,25.4,93.0,1.8,6.5,4258,1385,70.0,2.5,4.2,Low,0.9000000000000004
44,Female,Low,Healthy,26.3,108.0,2.9,7.0,2921,1379,80.0,1.3,3.0,Medium,2.7
64,Female,Medium,Average,31.3,0.0,2.3,9.0,8764,2099,69.0,2.7,4.4,Low,0.09999999999999964
19,Female,High,Average,24.4,313.0,0.9,5.3,12605,1621,66.0,1.7,4.6,Low,0.09999999999999964
53,Male,Low,Average,27.7,381.0,1.7,6.8,5651,1813,78.0,1.6,3.2,Medium,2.0999999999999996
36,Male,High,Average,20.5,96.0,2.8,7.6,12391,1923,55.0,3.4,6.8,Low,2.9000000000000004
34,Female,High,Average,23.8,175.0,2.3,5.7,9524,1440,53.0,2.6,5.0,Low,0.40000000000000036
56,Female,High,Healthy,22.1,167.0,2.7,7.9,13554,1695,52.0,2.2,5.1,Low,1.0
35,Female,Medium,Unhealthy,24.5,77.0,2.9,2.0,7952,1553,67.0,2.1,5.6,Low,0.40000000000000036
24,Other,Medium,Healthy,18.7,34.0,2.6,7.1,5453,829,55.0,1.9,4.0,Low,1.2999999999999998
34,Male,High,Average,33.0,405.0,0.5,10.5,14803,2419,75.0,1.1,2.7,High,2.5999999999999996
56,Female,Medium,Healthy,30.1,0.0,2.5,10.7,10777,1861,60.0,2.5,5.1,Low,0.09999999999999964
53,Female,Medium,Average,25.8,275.0,2.1,8.7,5371,1737,70.0,2.2,3.9,Medium,1.5
57,Male,Medium,Healthy,27.0,242.0,2.5,10.2,4179,1514,74.0,1.9,2.0,Medium,1.9000000000000004
62,Female,Medium,Healthy,26.6,448.0,3.4,6.6,4911,1753,77.0,1.5,3.6,Low,0.7999999999999998
21,Male,Medium,Average,30.5,164.0,1.6,8.4,7942,1945,71.0,1.1,2.5,Medium,1.0999999999999996
55,Male,Medium,Average,22.9,144.0,2.6,7.4,4784,1489,69.0,1.1,3.9,Low,1.2999999999999998
42,Male,Medium,Average,27.9,78.0,2.9,8.7,8652,1866,63.0,2.0,3.5,Low,1.2999999999999998
22,Male,Medium,Healthy,29.3,253.0,2.3,11.6,8713,1785,73.0,2.0,3.1,Low,1.4000000000000004
47,Female,Medium,Healthy,29.9,93.0,1.5,9.5,8734,1771,74.0,2.2,3.8,Medium,0.2999999999999998
29,Male,Low,Average,17.5,30.0,1.5,6.1,7883,1280,51.0,2.2,5.0,Medium,0.40000000000000036
21,Male,Medium,Healthy,22.6,89.0,2.5,11.0,4268,1440,67.0,2.7,4.6,Low,0.09999999999999964
41,Male,Low,Healthy,20.9,57.0,2.0,7.6,1438,1101,71.0,1.4,2.8,Medium,2.0
46,Male,High,Healthy,25.6,49.0,1.0,8.6,17835,2149,50.0,1.7,3.8,Low,1.2000000000000002
26,Male,High,Healthy,17.5,212.0,1.9,6.4,15597,1351,50.0,1.2,2.9,Low,2.0
21,Male,Medium,Healthy,17.5,170.0,1.5,8.8,10295,1337,55.0,2.2,4.3,Low,1.5999999999999996
41,Female,Medium,Healthy,27.5,222.0,1.3,9.8,5280,1636,75.0,1.4,3.9,Medium,1.0
22,Female,Medium,Healthy,26.5,0.0,4.2,9.4,7665,1813,60.0,2.2,4.1,Low,0.7000000000000002
59,Female,Medium,Unhealthy,29.0,314.0,2.0,5.5,7166,1855,75.0,1.5,4.6,Low,0.0
36,Female,Medium,Healthy,22.5,311.0,3.3,3.6,7575,1111,66.0,2.1,4.8,Low,1.4000000000000004
29,Male,Medium,Healthy,25.7,347.0,3.4,7.8,12580,1634,63.0,1.7,3.9,Medium,1.5999999999999996
35,Female,Medium,Healthy,25.9,325.0,2.1,9.4,5918,1735,75.0,1.6,4.2,Medium,0.09999999999999964
34,Male,Medium,Average,20.8,363.0,2.1,7.0,9481,1324,65.0,1.6,3.7,Medium,1.0
47,Male,Medium,Average,30.1,260.0,2.2,10.4,4865,1717,70.0,1.3,2.1,Medium,0.9000000000000004
28,Male,Low,Average,29.1,244.0,3.2,3.5,5106,1833,73.0,1.1,4.0,Medium,1.9000000000000004
52,Male,Low,Healthy,25.5,499.0,2.6,8.8,1877,1456,81.0,1.1,2.5,Medium,2.9000000000000004
40,Male,Medium,Unhealthy,31.5,106.0,1.9,9.9,9752,1838,67.0,2.1,3.6,Medium,1.7999999999999998
34,Male,Medium,Average,20.8,102.0,2.6,7.3,7558,1514,58.0,1.8,3.6,Low,1.2000000000000002
18,Male,Low,Unhealthy,20.7,171.0,2.2,11.6,2536,1319,68.0,1.4,2.3,High,1.5999999999999996
32,Female,Medium,Average,21.4,194.0,4.5,8.3,7785,1501,62.0,2.3,4.6,Medium,1.0999999999999996
49,Female,Medium,Average,25.5,151.0,2.3,8.0,6828,1596,63.0,1.6,4.4,Low,1.0
26,Female,High,Unhealthy,31.2,280.0,3.1,5.9,11865,2775,70.0,2.3,4.6,Low,0.09999999999999964
32,Male,High,Average,31.4,184.0,2.8,3.7,12515,1788,68.0,1.7,5.4,Low,0.0
45,Other,Medium,Average,17.5,108.0,2.4,6.3,5214,1026,60.0,1.7,5.2,Low,0.09999999999999964
41,Female,Medium,Average,26.0,140.0,2.9,11.0,4474,1480,70.0,1.7,3.6,Medium,1.0999999999999996
52,Male,Low,Unhealthy,17.5,382.0,2.7,7.5,1000,1169,69.0,1.7,3.0,High,1.4000000000000004
39,Female,Low,Unhealthy,28.2,247.0,4.5,6.0,4755,1548,68.0,1.5,3.5,Medium,1.5999999999999996
44,Female,Medium,Average,29.5,0.0,2.4,4.7,8864,2059,68.0,2.5,5.1,Low,0.09999999999999964
36,Female,Medium,Healthy,24.8,426.0,0.5,8.3,6412,1384,74.0,1.5,2.8,Medium,2.7
62,Male,Medium,Average,25.3,265.0,4.3,4.2,7740,1669,67.0,2.8,6.1,Low,0.09999999999999964
29,Male,Low,Unhealthy,25.3,295.0,2.1,7.9,6077,1685,67.0,1.7,4.9,Medium,0.5999999999999996
37,Female,Medium,Average,21.9,339.0,2.6,5.8,6747,1245,67.0,1.7,4.6,Low,1.5
18,Female,Low,Unhealthy,26.7,347.0,2.1,6.3,3599,1637,76.0,2.1,5.0,Medium,1.5999999999999996
38,Female,Medium,Average,24.1,62.0,2.0,8.6,11877,1971,61.0,1.6,3.8,Low,0.2999999999999998
66,Female,Low,Unhealthy,28.7,39.0,1.6,4.6,4581,1603,76.0,2.2,5.4,Low,0.5999999999999996
62,Female,Medium,Healthy,24.5,559.0,0.9,7.0,9810,1425,68.0,1.9,4.6,Low,1.0999999999999996
18,Male,Low,Average,21.6,95.0,1.9,3.2,5065,1225,67.0,2.2,5.5,Low,0.3000000000000007
27,Female,Medium,Average,18.9,256.0,2.9,6.7,9010,1292,55.0,1.3,4.3,Medium,1.7999999999999998
64,Male,Low,Average,17.5,444.0,1.2,8.2,2911,1188,74.0,1.0,2.1,High,2.9000000000000004
49,Female,Low,Average,30.3,133.0,2.9,9.0,2540,1442,80.0,2.3,3.3,Medium,1.2999999999999998
56,Female,Low,Unhealthy,23.2,145.0,4.4,9.8,5011,1494,74.0,1.2,2.7,Medium,0.5999999999999996
39,Male,Medium,Unhealthy,26.4,338.0,2.7,8.6,9046,1799,67.0,1.7,3.5,Medium,1.5999999999999996
65,Male,High,Healthy,22.7,274.0,2.8,2.5,14875,1976,59.0,1.3,4.1,Low,1.2000000000000002
63,Male,Low,Healthy,22.5,187.0,3.3,9.5,2841,1297,70.0,1.3,2.4,Medium,2.8
49,Male,Low,Average,24.5,121.0,3.5,5.7,2233,1207,69.0,2.4,4.6,Medium,0.7999999999999998
44,Male,Medium,Average,25.1,150.0,2.7,3.4,6533,1509,70.0,2.0,3.9,Low,1.5
45,Male,Medium,Healthy,32.6,379.0,3.0,11.7,7498,1944,77.0,1.9,3.0,Medium,2.3
56,Female,Medium,Average,27.5,264.0,3.0,8.2,11135,1533,64.0,2.1,3.8,Low,0.5
66,Female,Medium,Average,30.8,54.0,2.8,7.6,10951,2004,72.0,1.4,4.5,Low,0.2999999999999998
46,Female,Medium,Average,24.3,506.0,2.0,7.0,9705,1654,69.0,1.9,4.1,Medium,2.0999999999999996
35,Male,Medium,Average,26.2,247.0,3.3,6.0,10441,1720,66.0,1.4,4.4,Low,0.20000000000000018
61,Female,Low,Healthy,23.8,250.0,2.1,5.5,2059,1283,75.0,1.5,5.2,Low,0.5999999999999996
25,Female,Low,Healthy,19.8,338.0,4.6,12.6,5076,1014,65.0,1.9,3.2,Medium,2.0
48,Male,High,Unhealthy,29.8,127.0,2.0,3.4,13893,1566,64.0,2.0,5.6,Low,0.9000000000000004
24,Male,Low,Unhealthy,25.1,0.0,1.5,4.8,3575,1130,67.0,2.8,6.1,Low,0.09999999999999964
53,Female,High,Healthy,25.0,107.0,2.1,8.3,13189,1850,57.0,1.6,4.3,Low,0.7999999999999998
35,Male,Medium,Average,19.0,79.0,2.0,6.0,7241,1025,61.0,2.6,4.6,Low,0.40000000000000036
55,Male,Medium,Average,21.1,0.0,1.4,5.8,6769,1317,56.0,1.3,4.1,Low,1.4000000000000004
26,Female,Medium,Unhealthy,26.3,120.0,2.0,8.6,5318,1468,70.0,1.9,3.4,Medium,1.7000000000000002
26,Male,Medium,Unhealthy,22.9,192.0,2.8,11.8,4855,1191,71.0,1.6,2.8,High,1.9000000000000004
63,Male,Medium,Healthy,24.1,36.0,2.3,4.9,8803,1757,58.0,2.3,6.1,Low,0.5999999999999996
25,Female,Low,Average,24.6,14.0,3.5,3.1,1000,1042,73.0,1.6,5.9,Low,0.09999999999999964
68,Female,Medium,Average,22.3,206.0,1.8,7.2,11890,1119,56.0,1.9,4.4,Medium,1.9000000000000004
52,Female,Low,Unhealthy,21.1,188.0,3.1,9.1,3067,933,67.0,2.4,4.3,Low,0.0
35,Male,Low,Average,18.6,160.0,2.0,6.5,1300,1287,66.0,1.2,4.0,Medium,1.0999999999999996
22,Male,Medium,Unhealthy,24.4,10.0,3.4,8.6,9044,1527,56.0,1.8,3.6,Low,1.2999999999999998
31,Female,Medium,Healthy,27.5,140.0,3.1,5.6,7729,1901,62.0,1.9,5.7,Low,0.40000000000000036
45,Male,Low,Average,18.4,100.0,3.3,13.0,2578,1020,62.0,2.3,3.7,Medium,0.9000000000000004
47,Male,Medium,Average,24.9,212.0,2.4,8.5,6851,1759,70.0,1.5,3.8,Low,1.0
21,Female,Medium,Healthy,26.1,116.0,3.6,5.8,7821,1453,63.0,2.2,5.7,Low,0.5
56,Male,Medium,Average,21.0,194.0,1.2,5.1,10168,1513,57.0,1.9,4.5,Low,0.7999999999999998
37,Male,High,Unhealthy,30.7,3.0,2.9,7.7,6065,1936,68.0,2.1,3.6,Low,0.2999999999999998
42,Male,Medium,Unhealthy,23.5,0.0,2.6,8.7,8636,1267,60.0,1.3,4.0,Medium,0.7999999999999998
29,Male,Medium,Average,24.4,314.0,2.4,7.0,6370,1424,72.0,1.7,4.2,Low,1.9000000000000004
19,Male,Medium,Average,17.9,141.0,1.7,8.9,9496,1370,54.0,1.1,3.9,Medium,0.7999999999999998
60,Male,High,Healthy,29.0,204.0,1.6,7.8,16014,1931,61.0,2.2,4.9,Low,1.2000000000000002
31,Female,High,Unhealthy,21.2,132.0,2.5,8.6,19644,2073,50.0,2.5,5.4,Low,0.5
39,Female,Medium,Healthy,24.1,364.0,2.3,10.7,8469,1734,71.0,1.0,3.0,Low,2.0999999999999996
48,Male,Medium,Average,27.4,169.0,3.2,2.0,9407,1733,70.0,1.9,4.8,Low,0.9000000000000004
40,Female,Low,Average,30.8,125.0,3.3,7.5,5597,1853,76.0,1.9,2.3,Medium,2.5
65,Male,High,Average,20.7,344.0,2.5,2.0,15851,1815,58.0,1.2,4.6,Medium,0.7000000000000002
37,Male,Medium,Healthy,23.2,83.0,2.5,6.9,6214,1578,64.0,1.2,5.5,Low,0.09999999999999964
55,Male,High,Healthy,30.5,223.0,3.4,10.2,11814,2097,72.0,1.8,4.2,Medium,0.1999999999999993
21,Female,Low,Average,26.9,42.0,2.3,6.7,4400,1404,73.0,1.4,3.6,Low,2.3
32,Female,Medium,Average,27.7,299.0,2.3,4.7,9735,1444,67.0,1.6,3.7,Low,2.0
41,Female,Medium,Average,20.8,322.0,1.4,9.1,8676,1418,58.0,1.6,4.2,Medium,1.2000000000000002
42,Male,High,Healthy,23.5,6.0,3.2,7.3,10891,1860,57.0,2.1,4.5,Low,0.5999999999999996
18,Male,High,Healthy,24.3,0.0,2.4,7.5,13264,2011,50.0,2.9,6.3,Low,1.5999999999999996
24,Female,Low,Average,21.6,243.0,3.4,12.4,1919,1220,73.0,1.1,3.2,Medium,1.2999999999999998
48,Male,Medium,Unhealthy,18.3,491.0,1.5,3.2,9175,1190,60.0,1.8,5.0,Medium,0.2999999999999998
29,Female,Low,Healthy,23.0,332.0,2.1,5.4,6969,1613,71.0,1.4,4.9,Low,0.2999999999999998
59,Female,Medium,Healthy,30.4,168.0,3.3,7.9,9053,1662,67.0,1.9,4.5,Medium,1.2000000000000002
22,Female,Medium,Healthy,25.2,71.0,2.8,10.0,4089,1300,76.0,1.8,2.4,Low,1.7999999999999998
67,Female,High,Healthy,25.7,307.0,3.2,6.0,13956,2042,55.0,2.2,5.1,Low,1.2000000000000002
55,Female,Medium,Unhealthy,30.1,105.0,3.2,6.6,3910,1743,72.0,1.2,5.5,Low,0.7000000000000002
29,Male,Medium,Healthy,25.8,162.0,1.7,8.7,8957,2113,67.0,2.1,3.6,Low,1.5
56,Female,Medium,Average,28.8,207.0,3.5,6.9,9895,1916,66.0,2.1,4.4,Low,1.9000000000000004
35,Male,High,Average,20.7,471.0,2.6,8.6,11348,1295,69.0,2.3,4.2,Medium,1.0999999999999996
19,Male,High,Unhealthy,29.2,209.0,2.8,4.0,11318,1829,67.0,1.2,3.9,Low,0.09999999999999964
27,Male,Low,Average,29.3,52.0,2.4,7.4,3523,1304,69.0,2.1,4.8,Medium,0.7000000000000002
32,Male,Medium,Unhealthy,26.2,26.0,2.6,7.1,11485,1590,59.0,2.0,4.2,Medium,1.9000000000000004
47,Female,Low,Average,21.8,63.0,2.6,9.1,3574,1090,64.0,1.1,2.9,Medium,2.2
61,Female,Medium,Unhealthy,24.8,389.0,3.1,13.3,6468,1332,77.0,1.5,3.2,High,2.2
34,Male,Medium,Average,27.4,276.0,2.4,9.4,7201,1685,73.0,1.8,3.3,Medium,0.5999999999999996
21,Male,Low,Healthy,25.9,148.0,3.7,5.2,4868,933,70.0,1.5,4.5,Low,0.0
24,Female,High,Unhealthy,27.4,0.0,1.9,8.6,7930,1438,67.0,1.7,4.0,Low,0.40000000000000036
58,Female,Medium,Average,29.0,72.0,3.2,6.9,7536,1866,72.0,1.3,3.5,Low,1.7999999999999998
48,Female,High,Healthy,22.4,251.0,3.0,6.2,12956,2058,59.0,2.6,5.8,Low,0.09999999999999964
68,Male,Low,Unhealthy,20.4,252.0,3.5,5.7,3837,1259,62.0,2.5,5.6,High,0.5
56,Female,High,Average,24.8,251.0,2.6,5.5,11913,1548,66.0,1.2,5.4,Medium,0.09999999999999964
51,Female,Medium,Average,23.7,0.0,2.8,4.1,5338,1568,59.0,2.4,5.2,Low,1.0
23,Male,Low,Average,28.1,226.0,2.8,3.8,5398,1839,78.0,1.2,4.2,Low,0.20000000000000018
67,Male,Medium,Average,20.7,53.0,1.5,8.6,4323,1057,62.0,2.8,4.2,Low,0.3000000000000007
55,Male,High,Average,29.1,200.0,2.8,6.1,18694,2030,54.0,1.2,4.9,Low,0.20000000000000018
68,Other,Medium,Unhealthy,25.0,360.0,3.8,4.8,9362,1408,68.0,1.3,3.6,Medium,1.0
51,Male,High,Unhealthy,25.2,250.0,1.9,8.4,14189,2178,62.0,2.4,4.6,Medium,0.40000000000000036
32,Male,Medium,Average,22.8,407.0,2.5,3.7,9072,1759,67.0,0.9,3.3,Medium,3.0
31,Male,Medium,Healthy,23.4,144.0,3.4,10.9,10609,1797,62.0,1.2,3.8,Medium,1.2999999999999998
23,Female,Medium,Unhealthy,30.8,0.0,2.5,7.5,9691,2136,66.0,1.7,4.0,Low,0.5999999999999996
67,Male,Low,Unhealthy,24.7,358.0,4.0,6.2,5676,1233,72.0,1.8,4.5,Low,1.2999999999999998
54,Female,Medium,Average,19.7,237.0,1.9,6.5,6570,1392,66.0,2.5,6.0,Low,0.0
67,Male,Medium,Unhealthy,26.0,152.0,2.7,6.1,7238,1843,71.0,2.4,5.2,Low,0.20000000000000018
49,Female,Medium,Average,28.3,103.0,2.4,8.2,8032,1688,67.0,1.2,4.8,Low,0.09999999999999964
20,Female,Medium,Average,24.9,276.0,3.1,3.1,8006,1167,73.0,2.2,5.2,Low,0.0
20,Female,Low,Average,30.9,322.0,3.1,2.5,4862,1477,85.0,1.1,4.2,Medium,1.0999999999999996
39,Female,High,Average,28.1,84.0,3.5,7.3,11750,1559,57.0,1.9,4.6,Low,0.7000000000000002
39,Female,Medium,Average,20.8,284.0,2.4,2.6,7987,1282,61.0,1.2,4.5,Low,1.4000000000000004
27,Male,High,Average,22.8,237.0,3.5,2.2,15881,1495,51.0,2.7,6.3,Low,0.40000000000000036
68,Female,Low,Healthy,25.9,75.0,2.8,9.3,1126,1214,74.0,1.2,3.4,Medium,2.5
20,Female,Medium,Healthy,18.3,200.0,3.6,7.4,10113,1724,52.0,2.1,4.7,Low,1.4000000000000004
46,Male,Medium,Average,18.0,386.0,2.5,4.2,6169,1270,65.0,1.5,5.1,Low,1.5
65,Male,Low,Unhealthy,29.1,102.0,2.0,10.5,6219,1930,77.0,1.8,3.5,Medium,1.2999999999999998
34,Female,Medium,Unhealthy,28.6,426.0,2.7,9.5,8453,1511,78.0,1.8,3.3,Medium,2.5
24,Male,High,Average,27.0,219.0,3.3,3.6,11343,1615,71.0,1.7,5.6,Low,0.5999999999999996
30,Male,Low,Average,22.3,0.0,1.3,6.7,5241,1345,60.0,1.4,5.1,Low,0.09999999999999964
19,Male,Low,Average,25.7,0.0,2.1,6.0,6909,1427,65.0,2.0,5.0,Low,0.0
27,Other,Medium,Average,20.9,400.0,0.5,9.7,5867,1403,68.0,1.9,4.7,Medium,0.1999999999999993
56,Female,Medium,Healthy,23.6,384.0,1.7,6.0,3530,1509,73.0,2.3,5.7,Low,1.2000000000000002
41,Male,Low,Average,27.8,224.0,2.0,9.5,3782,1648,75.0,1.5,2.8,High,1.5
34,Male,Medium,Healthy,25.2,89.0,2.4,2.7,8326,1822,63.0,2.4,6.2,Low,1.1999999999999993
69,Male,Low,Average,30.8,137.0,2.2,5.5,6721,1276,76.0,1.1,4.3,Medium,1.0999999999999996
23,Female,Medium,Healthy,28.1,231.0,2.3,6.0,11721,2277,66.0,1.0,3.2,Low,1.5
36,Female,Medium,Healthy,27.6,363.0,1.4,5.6,6673,1810,73.0,1.9,5.3,Low,0.7000000000000002
22,Male,Medium,Unhealthy,18.6,285.0,3.9,7.1,9615,1243,61.0,2.3,4.0,Medium,1.2000000000000002
49,Female,Medium,Healthy,23.9,345.0,2.0,7.4,5698,1127,67.0,2.6,5.3,Medium,0.1999999999999993
27,Female,Medium,Average,20.7,296.0,1.0,7.6,8145,1325,65.0,1.8,3.8,Low,1.0999999999999996
26,Male,Low,Healthy,24.3,340.0,3.4,9.2,3805,1207,76.0,1.5,3.6,Low,1.9000000000000004
44,Male,High,Healthy,22.2,0.0,1.9,8.8,11371,1807,51.0,2.5,4.8,Low,0.3000000000000007
30,Other,Medium,Average,23.5,66.0,1.5,3.2,7759,1621,63.0,1.0,3.8,Medium,1.4000000000000004
36,Male,Low,Average,29.2,34.0,3.0,7.4,5264,1541,69.0,1.6,4.5,Low,1.2000000000000002
38,Female,Low,Healthy,26.9,20.0,2.1,5.5,5644,1290,70.0,1.4,5.3,Low,0.09999999999999964
41,Male,Low,Unhealthy,29.0,200.0,2.6,9.0,3782,1551,73.0,1.5,3.1,Medium,2.0999999999999996
55,Female,Low,Average,18.6,0.0,2.0,10.2,3869,1285,62.0,2.0,4.6,Medium,1.4000000000000004
21,Female,Medium,Average,25.2,58.0,2.1,9.1,4321,1542,63.0,1.9,4.4,Medium,0.2999999999999998
41,Female,Medium,Healthy,28.9,185.0,1.7,11.8,8547,1506,71.0,1.6,4.2,Medium,0.5999999999999996
52,Female,High,Average,31.0,0.0,1.5,8.9,13203,1973,58.0,2.0,4.3,Low,0.1999999999999993
20,Female,Low,Average,18.8,127.0,5.0,9.5,3864,1290,64.0,1.1,2.1,Medium,3.2
21,Female,Medium,Healthy,23.6,295.0,1.8,5.0,7037,1435,71.0,1.3,4.0,Low,0.7999999999999998
54,Male,Medium,Average,29.1,16.0,1.3,6.9,6102,1688,67.0,2.5,5.4,Medium,0.1999999999999993
57,Male,Low,Healthy,24.2,319.0,3.4,8.7,2689,1695,68.0,1.5,4.0,Low,0.09999999999999964
65,Female,High,Average,21.4,79.0,2.7,7.7,11969,1335,50.0,2.1,4.1,Low,1.4000000000000004
52,Female,High,Average,18.8,240.0,2.5,4.7,10019,1565,55.0,1.8,3.7,Low,1.5
61,Male,Medium,Average,18.2,268.0,2.2,2.5,9120,1201,52.0,1.1,4.3,Low,1.9000000000000004
42,Female,High,Average,25.2,154.0,2.3,7.9,13586,1840,54.0,1.6,3.4,Medium,0.7999999999999998
30,Female,Low,Healthy,20.0,118.0,2.3,8.7,3655,1268,70.0,1.1,3.6,Medium,0.40000000000000036
21,Female,Low,Healthy,26.0,283.0,3.4,8.8,5713,1496,68.0,2.1,4.4,Medium,1.0999999999999996
63,Female,Medium,Average,28.4,327.0,2.5,7.6,8108,1879,74.0,2.6,3.7,Medium,0.5999999999999996
31,Male,Medium,Average,25.0,217.0,2.3,8.0,8555,1619,67.0,2.1,4.6,Low,0.5
30,Male,Medium,Healthy,18.6,128.0,1.7,9.5,9607,1204,52.0,1.2,3.5,Medium,1.0
44,Male,Low,Healthy,26.5,164.0,4.2,9.9,3964,1234,80.0,2.3,4.6,Low,1.0999999999999996
23,Male,High,Unhealthy,24.8,10.0,2.5,2.0,18179,2093,50.0,2.7,6.8,Low,1.5999999999999996
34,Female,Medium,Average,24.4,230.0,2.5,8.8,6670,1547,69.0,2.3,4.2,Low,0.7999999999999998
53,Female,Medium,Healthy,22.8,293.0,4.0,8.2,11452,1465,55.0,2.0,4.9,Low,0.7999999999999998
57,Male,Low,Average,25.3,434.0,2.8,7.7,3704,1129,80.0,1.6,3.9,High,1.5
66,Male,High,Average,27.0,396.0,2.9,8.2,12042,1714,61.0,1.0,3.2,Medium,2.2
52,Male,Medium,Average,34.6,53.0,2.5,6.2,4862,1533,80.0,1.2,4.0,Low,0.9000000000000004
34,Other,Medium,Healthy,25.4,231.0,1.9,2.0,9743,1854,63.0,2.6,5.8,Low,0.40000000000000036
58,Male,High,Unhealthy,31.0,180.0,3.5,5.5,12903,2044,64.0,1.5,5.1,Low,0.5999999999999996
19,Female,High,Average,26.4,382.0,1.4,2.4,14430,1949,60.0,2.6,6.5,Low,0.9000000000000004
30,Female,Low,Unhealthy,24.6,93.0,1.7,2.9,4391,1324,73.0,1.5,4.0,Medium,0.7000000000000002
69,Female,High,Healthy,25.6,331.0,1.9,9.7,12536,2135,66.0,2.7,4.9,Low,0.2999999999999998
19,Female,Medium,Average,20.1,51.0,2.7,5.6,10146,1551,57.0,1.7,3.9,Low,1.4000000000000004
69,Male,Low,Healthy,26.2,184.0,2.5,7.7,4682,1423,72.0,1.5,4.2,Low,0.9000000000000004
45,Female,Low,Average,17.5,67.0,1.0,7.0,2722,915,60.0,1.7,3.5,Low,0.09999999999999964
43,Female,Medium,Average,25.4,64.0,3.1,7.2,9562,1622,60.0,1.0,3.4,Medium,1.7000000000000002
39,Male,Medium,Healthy,29.8,161.0,2.1,5.5,7517,1867,73.0,1.4,3.7,Low,1.7000000000000002
64,Female,Low,Average,30.7,413.0,2.8,10.7,5046,1806,83.0,1.4,2.8,Medium,0.5
60,Male,High,Unhealthy,24.1,36.0,2.9,5.8,13251,1681,54.0,3.2,6.1,Low,1.1999999999999993
20,Female,High,Average,25.6,109.0,2.2,8.0,14636,2155,58.0,1.6,4.0,Low,0.40000000000000036
52,Male,Medium,Healthy,28.9,0.0,2.8,8.2,9610,1427,64.0,1.4,3.7,Low,0.5
29,Female,High,Unhealthy,19.7,373.0,2.8,3.9,9496,1247,63.0,2.4,5.4,Low,0.9000000000000004
41,Female,High,Average,26.6,130.0,3.4,9.3,19058,2230,50.0,1.2,2.3,Medium,0.9000000000000004
22,Male,Low,Healthy,21.7,149.0,2.6,10.4,4563,1549,72.0,1.5,2.4,Low,2.8
37,Female,Medium,Average,24.3,147.0,2.8,4.2,3911,1410,74.0,1.2,5.0,Low,0.7000000000000002
56,Female,High,Average,23.2,0.0,2.3,7.1,18044,2181,50.0,1.2,3.8,Low,0.09999999999999964
30,Female,High,Average,27.2,57.0,1.9,2.9,13430,1825,61.0,1.5,6.2,Low,1.3000000000000007
58,Female,Low,Unhealthy,28.6,292.0,1.9,8.6,6093,1505,70.0,1.6,3.9,High,1.0
29,Male,Medium,Average,25.7,281.0,2.3,6.2,7739,1309,66.0,1.8,4.2,Low,1.5999999999999996
30,Male,Medium,Average,32.4,251.0,3.3,6.5,12688,1881,71.0,1.0,4.3,Low,1.2999999999999998
27,Female,Medium,Unhealthy,18.9,0.0,2.2,4.1,9041,1117,59.0,1.3,5.1,Low,0.40000000000000036
50,Male,Medium,Average,31.8,152.0,2.2,4.7,10167,1763,72.0,1.3,3.9,Low,2.0999999999999996
57,Female,Medium,Unhealthy,23.8,374.0,2.3,6.8,9633,1780,75.0,2.1,4.7,Medium,1.5999999999999996
33,Male,Medium,Healthy,27.3,39.0,2.5,10.4,5228,1484,73.0,2.2,4.6,Low,1.2000000000000002
62,Male,Medium,Unhealthy,23.7,117.0,3.9,8.2,8598,1251,62.0,1.4,3.4,Medium,2.3
52,Female,Medium,Unhealthy,22.2,614.0,2.2,2.9,8414,1368,70.0,1.3,4.1,Low,0.7000000000000002
20,Female,High,Unhealthy,26.9,248.0,2.9,8.2,17557,2097,57.0,1.6,4.0,Medium,2.7
22,Female,Medium,Healthy,29.2,161.0,2.8,7.1,11001,1847,66.0,1.5,3.6,Low,1.2000000000000002
43,Male,Medium,Average,26.9,128.0,2.5,5.4,10579,1724,58.0,2.5,5.5,Low,0.7999999999999998
27,Female,Low,Average,29.8,0.0,1.0,3.1,4749,1609,76.0,1.9,4.8,Low,1.7999999999999998
59,Female,Medium,Unhealthy,28.7,0.0,1.7,5.4,7822,1487,65.0,2.1,5.1,Low,1.2999999999999998
69,Female,Low,Average,23.6,50.0,2.1,4.1,2422,1255,71.0,1.4,3.9,Low,1.7999999999999998
51,Male,Low,Average,22.5,176.0,2.3,5.0,2955,1143,71.0,1.2,4.3,Low,0.9000000000000004
20,Female,Medium,Unhealthy,23.9,211.0,2.6,7.8,7882,1534,65.0,1.6,4.2,Low,1.7999999999999998
25,Male,Medium,Average,29.3,0.0,3.6,7.1,8516,2316,65.0,2.1,5.3,Low,0.9000000000000004
48,Female,Medium,Unhealthy,21.0,169.0,3.0,8.7,6887,1175,63.0,2.1,3.5,Low,2.0999999999999996
28,Male,Low,Unhealthy,20.7,189.0,2.6,2.0,3976,1343,67.0,2.3,5.3,Low,1.0999999999999996
24,Male,Low,Healthy,26.3,119.0,2.2,6.7,4412,1413,71.0,2.3,5.3,Low,0.2999999999999998
62,Male,High,Unhealthy,21.9,91.0,1.6,2.9,11072,1789,55.0,2.2,5.2,Low,0.7999999999999998
19,Male,Medium,Average,20.6,269.0,0.8,5.3,6603,1330,66.0,1.1,3.2,Medium,3.0
23,Male,Low,Average,30.8,201.0,1.5,6.9,6022,2103,77.0,1.4,3.5,Medium,0.20000000000000018
58,Male,Medium,Unhealthy,26.4,28.0,3.4,7.8,7481,1608,66.0,2.5,4.9,Low,0.9000000000000004
49,Male,High,Healthy,19.5,343.0,1.9,7.9,15429,1865,52.0,1.0,3.0,Low,1.5
37,Male,Medium,Average,19.8,0.0,2.1,2.1,5563,1145,59.0,1.8,4.3,Low,1.0999999999999996
51,Female,Low,Average,23.6,0.0,3.3,5.4,5781,1274,63.0,2.0,4.6,Low,0.7999999999999998
67,Male,Medium,Healthy,27.9,163.0,0.5,3.2,10303,1894,70.0,1.8,5.1,Low,0.7999999999999998
33,Female,Medium,Healthy,27.4,162.0,2.0,7.0,8597,1737,65.0,1.9,4.2,Low,0.5
42,Male,High,Unhealthy,29.5,210.0,1.6,5.9,12158,1693,71.0,2.3,5.7,Low,1.3000000000000007
29,Female,High,Healthy,19.0,22.0,2.7,5.4,9691,1377,58.0,2.0,4.3,Low,0.5999999999999996
24,Female,Low,Unhealthy,25.9,333.0,2.9,14.0,7411,1439,69.0,1.7,3.3,High,1.0999999999999996
56,Male,Medium,Average,30.7,457.0,3.0,4.4,7189,1985,81.0,1.7,4.2,Low,1.7000000000000002
34,Female,Low,Average,30.3,196.0,3.7,7.0,1849,1456,84.0,1.1,3.3,Medium,1.5
62,Male,High,Unhealthy,26.4,247.0,2.9,8.2,12209,1735,65.0,1.3,2.9,Low,2.3
28,Female,Medium,Average,34.4,0.0,2.7,7.9,8798,1866,74.0,2.0,4.7,Low,2.2
23,Female,High,Average,27.4,134.0,4.4,8.4,10257,1981,62.0,1.5,3.0,Medium,2.2
44,Male,Medium,Average,25.2,71.0,4.3,6.2,5118,1919,74.0,1.7,5.2,Low,0.40000000000000036
63,Male,Low,Average,21.9,101.0,3.9,7.0,6164,1593,62.0,1.4,5.0,Medium,0.3000000000000007
23,Male,High,Average,21.5,116.0,2.4,5.4,13751,1536,50.0,1.0,3.9,Low,1.4000000000000004
55,Female,Medium,Average,25.7,0.0,1.9,5.1,5095,1178,62.0,2.4,4.5,Low,0.7000000000000002
19,Male,High,Average,24.2,126.0,2.0,3.7,11299,1536,61.0,1.6,4.6,Low,0.40000000000000036
39,Male,Low,Unhealthy,17.9,43.0,2.3,9.0,3032,984,62.0,1.4,3.9,Medium,1.0999999999999996
37,Male,Medium,Average,20.9,318.0,3.5,9.8,8046,1006,60.0,1.7,2.2,Medium,2.7
42,Male,Medium,Unhealthy,23.7,249.0,0.5,5.5,6176,1262,69.0,1.4,4.9,Medium,0.2999999999999998
32,Male,Low,Average,27.9,249.0,4.1,6.8,3452,1736,75.0,1.4,4.1,Low,2.0999999999999996
66,Female,Medium,Unhealthy,24.9,346.0,2.5,11.0,6725,1342,73.0,2.0,3.8,Low,2.2
46,Male,Medium,Average,24.7,76.0,3.4,9.8,5126,1265,66.0,2.2,4.5,Medium,0.09999999999999964
25,Female,Low,Average,21.1,240.0,1.5,9.2,2627,1263,68.0,2.3,3.7,Medium,1.2999999999999998
54,Male,Low,Average,25.1,360.0,3.1,7.7,2842,1260,78.0,1.4,4.4,High,0.7000000000000002
66,Male,Medium,Average,30.3,65.0,2.8,5.4,5561,1739,73.0,1.5,3.9,Low,0.7999999999999998
69,Female,Medium,Unhealthy,25.6,0.0,3.0,5.7,5113,1562,63.0,2.3,5.7,Low,0.1999999999999993
50,Male,Medium,Healthy,19.0,96.0,1.9,7.6,6809,1098,63.0,2.6,4.9,Low,0.5999999999999996
39,Male,Medium,Healthy,20.0,343.0,2.2,8.1,9729,1543,60.0,1.4,2.6,Medium,3.2
67,Female,Low,Unhealthy,27.4,57.0,1.5,4.6,3778,1659,75.0,1.8,4.9,Low,1.7999999999999998
64,Female,Low,Average,24.1,130.0,3.1,10.1,1000,1310,75.0,1.1,3.2,High,2.0999999999999996
56,Female,Low,Average,22.5,171.0,2.7,9.0,2960,1419,72.0,1.7,3.6,Medium,2.0999999999999996
35,Female,Medium,Average,27.0,42.0,0.5,10.8,10875,1730,60.0,1.9,4.0,Medium,0.2999999999999998
55,Male,Medium,Average,23.8,0.0,3.6,8.6,9613,1422,58.0,2.0,4.4,Low,0.5
54,Male,High,Unhealthy,24.3,133.0,2.6,7.7,13080,1769,63.0,2.0,4.5,Low,0.7000000000000002
47,Male,Low,Average,21.6,159.0,0.5,7.1,3707,1214,69.0,1.2,3.3,Low,0.9000000000000004
48,Female,Medium,Unhealthy,24.1,209.0,1.7,7.0,9303,1465,62.0,1.5,3.4,Low,2.4000000000000004
27,Female,Low,Unhealthy,27.4,24.0,2.5,4.4,6424,1635,74.0,2.1,5.0,Medium,0.1999999999999993
59,Male,Medium,Average,31.9,307.0,1.8,4.1,6794,2004,82.0,3.2,7.1,Low,1.3000000000000007
65,Male,Medium,Average,30.1,136.0,3.2,5.0,11947,2010,66.0,2.7,5.3,Low,0.09999999999999964
35,Male,High,Average,21.8,212.0,3.3,10.0,9427,1612,64.0,1.1,3.4,Medium,1.0999999999999996
50,Female,Medium,Unhealthy,19.7,271.0,3.3,9.2,11408,1430,56.0,1.1,3.1,Medium,2.2
33,Female,Medium,Average,24.5,254.0,2.1,5.5,8947,1763,67.0,1.0,3.6,Low,2.5
55,Male,Medium,Unhealthy,26.7,27.0,4.1,5.3,5899,1618,65.0,2.6,5.5,Low,0.5
52,Male,Low,Unhealthy,24.3,467.0,2.7,10.5,4505,1480,78.0,1.5,3.9,High,1.7000000000000002
51,Female,Medium,Unhealthy,27.2,181.0,3.5,4.3,6335,1362,72.0,1.8,4.4,Low,1.9000000000000004
45,Female,Medium,Unhealthy,22.2,0.0,2.9,2.5,4159,1171,63.0,1.3,3.6,Low,1.7000000000000002
47,Male,Low,Healthy,28.9,0.0,2.2,5.5,3986,1830,71.0,1.6,6.1,Low,0.0
30,Female,Low,Average,28.9,355.0,3.5,6.1,1649,1889,81.0,1.0,4.2,Medium,1.9000000000000004
33,Male,Low,Unhealthy,17.5,178.0,2.2,7.9,2497,850,68.0,2.4,5.0,Medium,0.20000000000000018
22,Female,Medium,Average,28.0,187.0,2.1,11.7,7591,1793,73.0,2.4,4.2,Medium,0.7999999999999998
45,Female,Medium,Healthy,17.5,275.0,1.9,7.8,8257,1630,62.0,2.3,5.0,Low,1.2000000000000002
56,Male,Medium,Average,32.0,115.0,3.2,6.4,5114,1605,80.0,2.1,6.0,Low,1.1999999999999993
62,Male,Medium,Average,27.0,185.0,2.7,8.7,6835,1230,66.0,1.5,3.8,Low,0.9000000000000004
37,Female,Medium,Healthy,21.2,205.0,2.7,7.2,7058,1375,66.0,2.1,4.8,Low,1.2000000000000002
41,Male,High,Average,28.1,0.0,2.2,7.1,8787,1486,64.0,1.7,4.4,Low,0.9000000000000004
44,Female,High,Average,22.8,276.0,3.7,6.8,14674,1840,54.0,2.2,4.6,Low,1.0
47,Male,High,Average,26.2,301.0,1.3,7.5,15790,2097,60.0,1.9,4.1,Low,2.0
62,Male,Low,Healthy,25.8,255.0,3.1,6.0,4467,1424,77.0,2.2,4.5,Medium,1.7000000000000002
44,Other,Low,Unhealthy,32.0,244.0,3.3,2.9,2017,1590,86.0,1.9,5.5,Low,0.5999999999999996
43,Female,Medium,Average,32.3,426.0,2.2,11.6,9195,1840,78.0,1.3,2.5,Medium,1.9000000000000004
24,Male,Medium,Average,22.6,180.0,1.3,8.3,7797,1454,66.0,1.9,4.2,Low,0.7000000000000002
59,Female,Low,Average,29.2,185.0,2.8,5.2,5473,1415,76.0,1.4,4.2,Low,2.3
64,Male,Low,Healthy,26.4,89.0,3.5,7.9,4717,1416,72.0,2.9,5.7,Low,0.5
55,Male,High,Unhealthy,19.3,0.0,3.9,4.2,14936,1416,50.0,1.9,6.1,Low,0.6999999999999993
22,Male,Medium,Average,22.2,255.0,3.0,8.0,7435,1462,61.0,1.9,3.8,Low,1.5999999999999996
40,Male,Medium,Average,34.3,105.0,2.0,8.9,9912,2181,72.0,1.8,4.3,Low,0.1999999999999993
45,Female,Low,Healthy,26.4,0.0,3.1,9.6,2284,1693,70.0,0.9,2.8,Medium,2.4000000000000004
51,Female,Medium,Healthy,29.0,175.0,2.9,8.4,5472,1472,79.0,1.4,5.0,Medium,0.8000000000000007
49,Female,Low,Healthy,22.8,152.0,1.8,9.6,1086,1370,71.0,1.3,2.7,Low,2.5
43,Male,High,Average,25.1,207.0,3.0,5.6,10426,1766,58.0,2.0,4.7,Low,1.0999999999999996
48,Other,Medium,Average,19.0,336.0,4.4,5.2,4745,875,65.0,2.4,4.3,Low,0.40000000000000036
36,Female,High,Healthy,21.0,252.0,2.6,7.6,16209,2068,55.0,2.3,4.4,Low,1.0999999999999996
26,Female,Medium,Unhealthy,27.8,373.0,3.9,10.7,10453,1489,71.0,1.4,2.7,High,3.7
46,Female,Medium,Unhealthy,23.5,104.0,3.6,8.9,10692,1353,58.0,0.9,2.1,Medium,2.5
68,Male,Low,Healthy,25.1,251.0,2.5,9.3,4100,1456,74.0,0.8,2.4,High,2.9000000000000004
56,Female,Medium,Average,25.9,0.0,3.5,9.8,5654,1713,68.0,2.4,4.1,Low,0.20000000000000018
21,Female,Low,Average,26.3,62.0,1.9,6.8,2628,1244,76.0,2.0,4.1,Medium,0.5999999999999996
20,Female,Low,Average,29.6,0.0,2.3,4.8,5897,1852,74.0,1.4,4.0,Low,1.4000000000000004
46,Male,Medium,Unhealthy,20.6,226.0,2.1,2.4,4268,998,66.0,2.3,5.7,Low,1.0
69,Female,Low,Average,27.3,21.0,2.4,4.3,5235,1734,67.0,1.2,5.0,Low,0.5
28,Female,Medium,Unhealthy,28.0,121.0,0.9,7.3,4784,1753,74.0,1.3,2.7,Medium,1.4000000000000004
50,Male,Medium,Unhealthy,28.9,186.0,3.9,2.0,7809,1581,76.0,1.4,3.6,Low,1.0999999999999996
55,Female,Medium,Average,19.3,126.0,2.3,7.4,6754,1410,64.0,1.1,3.9,Low,1.5999999999999996
28,Male,Low,Average,26.0,0.0,3.1,8.2,3335,1237,76.0,2.3,6.1,Low,0.5999999999999996
44,Male,Low,Unhealthy,31.9,434.0,2.7,3.1,6012,1339,87.0,1.2,3.9,Medium,1.5999999999999996
50,Male,Medium,Average,24.6,204.0,2.3,9.2,6921,1477,64.0,2.3,4.4,Medium,0.0
38,Female,Medium,Healthy,26.9,435.0,1.5,5.9,10085,1825,70.0,1.8,4.4,Low,1.7999999999999998
56,Male,Low,Average,28.1,32.0,1.8,2.9,2920,1673,74.0,2.3,5.8,Low,0.1999999999999993
48,Female,Medium,Average,20.9,130.0,2.3,2.8,8524,1600,60.0,2.5,6.3,Low,0.40000000000000036
55,Male,Medium,Unhealthy,32.3,200.0,2.1,6.9,7745,1716,76.0,2.4,4.6,Low,1.0999999999999996
63,Male,Low,Average,27.0,417.0,1.7,7.2,1940,1425,86.0,1.9,4.2,Medium,1.9000000000000004
19,Male,Medium,Healthy,27.1,434.0,2.0,7.0,5299,1478,73.0,1.7,4.1,Low,1.0
44,Male,Medium,Average,18.4,122.0,2.9,9.6,7474,1216,60.0,1.3,3.4,Medium,1.5999999999999996
53,Female,High,Unhealthy,28.2,77.0,3.2,7.2,12818,2382,62.0,1.4,3.6,Medium,0.5999999999999996
28,Female,Low,Unhealthy,27.0,186.0,1.6,5.5,5014,1512,75.0,2.5,5.9,Low,0.20000000000000018
64,Male,Medium,Average,31.5,367.0,1.8,6.2,4289,1550,81.0,1.9,4.5,Low,1.9000000000000004
35,Male,High,Healthy,23.8,207.0,2.7,9.7,11513,1599,62.0,1.4,3.9,Medium,0.1999999999999993
18,Female,Medium,Healthy,21.0,234.0,2.4,4.2,8861,1573,60.0,2.5,5.1,Low,0.5999999999999996
52,Male,Medium,Average,22.3,365.0,2.2,7.4,7501,1511,68.0,1.7,3.9,Medium,1.5
52,Female,Low,Unhealthy,23.0,341.0,3.2,7.5,1817,1430,76.0,1.2,3.6,High,1.0999999999999996
48,Female,High,Unhealthy,20.5,347.0,2.6,9.6,15080,1997,51.0,2.0,2.8,Medium,2.0999999999999996
45,Male,High,Unhealthy,30.2,293.0,1.2,7.3,16546,2533,57.0,1.9,4.8,Medium,0.0
56,Male,Medium,Average,30.3,402.0,1.9,4.6,6004,1594,82.0,1.7,3.8,Low,0.9000000000000004
42,Male,Low,Average,23.4,537.0,2.4,8.8,3105,944,78.0,1.4,4.1,High,1.5
60,Male,Medium,Healthy,17.7,359.0,1.4,7.3,7287,1394,63.0,1.0,3.3,Low,1.7999999999999998
55,Male,Low,Unhealthy,27.8,175.0,1.1,9.7,3200,1208,73.0,1.6,3.1,Medium,2.4000000000000004
37,Female,Medium,Healthy,31.6,366.0,0.9,3.7,10028,1672,77.0,1.4,3.5,Low,1.5999999999999996
20,Female,Medium,Average,22.5,147.0,4.1,6.6,7673,1393,64.0,2.2,4.7,Low,0.20000000000000018
68,Male,High,Average,24.5,271.0,1.4,7.0,16319,2063,51.0,2.2,3.9,Low,0.5999999999999996
19,Female,Low,Healthy,26.7,288.0,2.2,8.9,3271,1278,76.0,0.8,2.8,Medium,2.7
35,Male,Medium,Healthy,31.9,329.0,2.5,9.2,8718,1837,79.0,1.4,2.5,Medium,2.9000000000000004
61,Female,Medium,Average,25.8,131.0,2.6,7.1,5825,1356,73.0,2.6,5.0,Low,0.09999999999999964
27,Male,Medium,Average,25.8,332.0,3.0,6.1,10002,1719,70.0,1.0,3.2,Low,1.4000000000000004
26,Other,Low,Average,19.3,309.0,2.1,4.1,5873,1203,63.0,2.0,4.7,Low,1.2000000000000002
19,Male,Medium,Average,19.2,197.0,2.7,5.8,7895,1151,56.0,2.3,3.8,Low,0.7999999999999998
51,Male,High,Healthy,21.8,0.0,2.7,8.4,14287,1968,51.0,2.3,3.6,Low,0.09999999999999964
55,Male,Medium,Healthy,29.1,89.0,2.5,7.9,12572,2161,59.0,2.1,3.9,Low,1.4000000000000004
48,Male,Medium,Average,23.7,327.0,3.0,5.3,9490,1407,70.0,2.5,5.4,Medium,0.20000000000000018
27,Male,Low,Average,22.9,154.0,2.0,5.0,4291,1137,68.0,1.9,4.1,Low,1.9000000000000004
29,Female,Medium,Unhealthy,24.4,18.0,1.4,5.2,6489,1675,63.0,1.5,5.5,Low,0.2999999999999998
53,Male,Low,Healthy,31.8,304.0,2.3,7.4,5178,1278,79.0,1.4,3.2,Medium,2.3
66,Female,High,Average,21.9,162.0,3.3,10.3,13378,1558,51.0,1.2,3.3,High,0.5999999999999996
64,Female,High,Average,25.1,23.0,1.3,4.7,10753,1440,62.0,2.9,5.7,Low,0.8000000000000007
23,Male,Medium,Unhealthy,32.0,231.0,2.1,7.8,8810,1980,77.0,1.1,2.6,Medium,3.0
65,Male,Medium,Average,23.0,48.0,2.1,7.7,8208,1534,61.0,1.2,3.0,Medium,1.5
66,Female,High,Healthy,20.3,104.0,3.0,7.5,16138,1834,50.0,1.4,4.5,Low,0.7000000000000002
20,Male,Medium,Healthy,23.0,178.0,1.5,4.6,10475,1798,57.0,1.5,5.0,Low,0.7999999999999998
27,Female,Medium,Average,25.5,145.0,2.5,5.1,8897,1700,61.0,1.8,3.9,Low,0.09999999999999964
22,Female,Medium,Healthy,27.8,354.0,2.6,7.9,5654,1717,78.0,2.4,4.1,Medium,0.7999999999999998
63,Male,Medium,Average,29.0,0.0,3.2,6.0,4976,1661,71.0,1.2,3.9,Low,2.5
43,Male,Low,Average,20.8,173.0,1.8,7.2,5096,1376,65.0,1.3,3.4,Medium,1.5999999999999996
38,Female,Low,Average,21.2,145.0,1.5,4.5,4180,1105,63.0,1.6,4.5,Low,1.0999999999999996
62,Female,Medium,Average,23.7,198.0,2.9,5.8,11502,1566,60.0,1.4,4.1,Low,0.7000000000000002
43,Female,Medium,Average,27.7,118.0,1.4,3.7,8049,1393,65.0,2.0,4.8,Low,0.09999999999999964
55,Male,High,Average,20.0,353.0,2.1,7.7,8817,1682,66.0,2.6,4.8,Medium,0.2999999999999998
61,Female,Medium,Average,22.6,161.0,2.3,6.1,5468,1222,66.0,2.3,4.1,Medium,0.20000000000000018
43,Female,Low,Healthy,22.6,219.0,3.0,7.7,2874,1460,76.0,2.1,3.8,Low,1.5
25,Female,Medium,Average,28.8,333.0,1.3,6.1,11482,2151,69.0,2.5,5.3,Medium,0.7999999999999998
22,Male,Low,Unhealthy,27.1,207.0,2.3,7.6,5753,1276,70.0,1.2,3.0,Medium,2.5999999999999996
32,Male,Low,Average,28.6,9.0,2.5,11.5,3195,1585,77.0,1.3,3.1,High,0.7999999999999998
33,Male,Low,Unhealthy,30.4,136.0,1.8,5.7,3709,1799,75.0,2.4,4.9,Low,0.40000000000000036
18,Female,Medium,Healthy,23.8,181.0,2.2,8.2,5275,1290,68.0,1.6,3.5,Low,2.5
33,Female,Low,Unhealthy,20.3,0.0,3.2,5.4,1904,817,65.0,2.1,5.4,Low,0.5999999999999996
54,Other,Low,Average,20.3,93.0,2.1,6.7,5678,1538,55.0,2.5,5.5,Low,0.09999999999999964
20,Female,Medium,Unhealthy,17.6,189.0,2.2,8.2,9881,1404,59.0,1.4,4.0,Low,0.5999999999999996
69,Male,Low,Average,23.2,501.0,3.2,7.7,3585,1311,79.0,1.1,3.9,High,0.7000000000000002
64,Male,Low,Average,23.5,255.0,2.3,8.7,6764,1236,63.0,1.7,3.7,Medium,1.2000000000000002
48,Male,High,Average,28.2,223.0,3.6,9.4,15303,1819,61.0,1.5,3.5,Medium,0.3000000000000007
30,Male,Medium,Average,25.1,453.0,1.2,8.7,8423,1625,68.0,1.0,3.0,Medium,1.2999999999999998
33,Female,Low,Average,23.0,288.0,2.3,9.3,4326,1229,72.0,1.5,3.0,Medium,1.5999999999999996
60,Female,Low,Average,24.5,309.0,3.1,7.5,2407,1365,74.0,1.9,3.8,Medium,1.2000000000000002
38,Male,Medium,Average,20.8,138.0,1.9,5.2,9888,1510,58.0,2.0,5.3,Low,0.09999999999999964
19,Female,Medium,Unhealthy,29.1,10.0,2.3,9.0,9903,1760,66.0,1.1,3.6,Medium,1.0999999999999996
44,Female,Low,Average,21.9,239.0,3.5,6.0,4360,1608,70.0,1.3,3.5,Medium,1.2999999999999998
55,Male,Low,Average,20.4,473.0,1.9,8.7,2322,961,74.0,1.5,3.9,High,1.7999999999999998
43,Male,High,Unhealthy,28.3,426.0,2.9,3.9,17267,1915,59.0,1.8,5.1,Low,2.0999999999999996
63,Male,Medium,Average,18.1,97.0,2.6,5.3,6452,1259,62.0,2.0,5.6,Low,1.7999999999999998
42,Female,Low,Healthy,28.4,0.0,2.5,8.0,4870,1414,73.0,2.4,4.7,Low,0.40000000000000036
28,Male,Low,Average,22.0,76.0,1.7,5.6,3387,1166,70.0,2.4,6.3,Low,0.5999999999999996
25,Male,Medium,Average,23.5,232.0,3.1,7.0,6020,1107,68.0,2.0,4.4,Medium,1.7999999999999998
25,Other,High,Healthy,25.7,129.0,1.5,6.6,18152,1898,54.0,2.1,5.5,Low,0.5
50,Female,Low,Average,27.3,350.0,2.8,9.6,5700,1753,80.0,1.2,3.0,High,1.5
24,Male,High,Average,26.8,0.0,2.1,8.2,17199,1769,50.0,0.9,2.8,Low,2.0999999999999996
55,Female,Low,Average,24.8,180.0,2.2,7.7,4498,1201,68.0,1.9,4.5,Low,0.9000000000000004
38,Male,Medium,Average,23.3,84.0,2.3,7.1,8069,1321,65.0,1.5,4.1,Medium,0.09999999999999964
25,Male,Low,Average,26.6,348.0,2.9,5.1,6606,1822,79.0,1.7,3.3,Medium,1.9000000000000004
68,Female,Medium,Average,24.5,281.0,3.7,4.8,10870,1859,60.0,1.3,3.2,Low,1.2000000000000002
38,Male,Medium,Healthy,32.2,75.0,2.6,7.7,7831,1503,69.0,1.3,4.1,Low,0.40000000000000036
37,Female,Medium,Average,27.3,328.0,1.9,3.5,13422,1544,61.0,1.5,4.9,Low,1.7000000000000002
25,Male,Medium,Healthy,21.3,0.0,1.3,6.9,7749,1392,57.0,2.2,4.8,Low,0.7999999999999998
63,Male,Medium,Average,23.1,0.0,3.4,7.3,8770,1184,60.0,1.6,4.0,Low,0.09999999999999964
48,Female,Medium,Unhealthy,25.2,67.0,2.6,3.5,10780,1932,62.0,1.9,4.1,Low,2.0999999999999996
67,Male,Low,Average,30.2,0.0,2.3,6.9,4557,1252,73.0,2.5,4.8,Medium,0.5
46,Female,Medium,Average,30.6,183.0,2.5,7.0,7471,1678,79.0,1.3,2.8,Low,1.5
65,Female,Low,Healthy,23.4,187.0,3.1,12.2,4572,1394,69.0,1.4,3.4,Medium,0.9000000000000004
26,Female,Medium,Healthy,21.3,139.0,2.2,7.0,7989,1679,59.0,1.9,4.9,Low,0.5
43,Female,High,Healthy,34.2,5.0,1.6,7.6,12132,2230,68.0,2.2,4.2,Low,0.9000000000000004
27,Female,High,Unhealthy,27.2,80.0,2.2,9.1,10548,1970,63.0,2.0,3.5,Medium,0.20000000000000018
46,Female,Medium,Unhealthy,18.6,16.0,3.4,3.4,10409,1407,50.0,2.0,5.6,Low,0.40000000000000036
53,Female,Medium,Healthy,22.5,289.0,2.7,7.7,9359,1650,61.0,0.9,3.2,Low,2.5
37,Male,High,Unhealthy,21.7,0.0,3.4,4.6,13621,1847,51.0,2.4,4.5,Low,0.7000000000000002
62,Female,Low,Healthy,23.4,149.0,2.8,6.9,4336,908,75.0,2.9,5.9,Low,0.5
54,Male,High,Healthy,26.5,343.0,4.1,7.2,13097,1544,63.0,2.0,4.6,Low,1.0
39,Male,High,Average,27.7,360.0,2.6,6.6,11415,1976,69.0,2.7,5.3,Low,0.8000000000000007
24,Female,Medium,Average,29.4,97.0,2.4,4.8,9370,2237,66.0,1.4,5.4,Low,0.09999999999999964
40,Male,Medium,Average,27.1,531.0,2.2,5.1,8475,1759,80.0,1.7,3.7,Medium,1.4000000000000004
58,Male,Medium,Healthy,17.5,42.0,4.1,6.2,11443,1281,50.0,1.5,5.0,Low,0.2999999999999998
57,Male,Medium,Healthy,20.8,165.0,3.5,8.0,3528,1378,66.0,1.7,3.6,Low,2.5999999999999996
46,Female,Medium,Unhealthy,24.4,24.0,1.3,7.2,10357,1898,54.0,2.5,5.1,Low,0.1999999999999993
33,Male,Low,Average,25.6,264.0,4.2,7.5,3418,1551,70.0,1.6,4.4,Medium,1.0
55,Female,Medium,Healthy,28.4,620.0,2.9,6.4,7034,1694,80.0,1.3,3.4,Medium,3.5
45,Male,Low,Average,25.2,476.0,2.6,4.9,4876,1464,75.0,1.7,4.5,Low,1.4000000000000004
65,Female,Medium,Healthy,25.2,326.0,2.9,6.2,6223,1561,73.0,1.6,4.5,Low,1.5
55,Male,High,Average,26.0,108.0,1.7,4.9,12651,2071,60.0,2.5,4.8,Medium,0.6999999999999993
48,Female,Low,Healthy,24.0,174.0,2.7,2.0,4891,1479,70.0,1.8,4.8,Low,1.0999999999999996
31,Male,Medium,Average,25.3,367.0,2.3,7.0,6929,1628,73.0,1.3,3.8,Low,1.0999999999999996
50,Female,Medium,Average,29.5,312.0,2.2,6.3,6588,1929,78.0,1.7,3.5,Medium,1.7999999999999998
26,Female,Low,Unhealthy,24.7,212.0,3.3,10.1,2938,1342,75.0,1.1,2.7,Medium,3.2
44,Female,High,Healthy,24.9,221.0,2.3,8.7,15052,1898,55.0,1.4,3.3,Low,2.0
41,Female,Medium,Average,24.9,358.0,2.6,8.2,5590,1861,71.0,2.0,3.6,Medium,1.7000000000000002
30,Male,Medium,Unhealthy,30.2,395.0,2.8,4.5,9511,1763,74.0,2.0,4.6,Medium,1.5
68,Female,Low,Unhealthy,20.3,286.0,2.5,6.1,4652,1264,71.0,1.1,4.1,Medium,2.0999999999999996
66,Female,Low,Average,22.4,120.0,2.2,5.0,4397,1370,66.0,1.7,4.0,Low,1.0
60,Female,Medium,Average,28.0,391.0,4.0,5.4,6132,1261,77.0,1.8,3.4,Low,2.7
45,Other,Medium,Average,29.1,156.0,0.5,6.4,8632,1993,76.0,1.2,3.9,Low,1.0999999999999996
45,Male,Low,Average,19.4,396.0,3.2,4.4,4333,926,70.0,1.7,3.9,Medium,3.0
25,Female,Low,Average,20.6,144.0,2.4,7.1,6657,1386,64.0,1.3,4.4,Medium,0.7999999999999998
40,Female,Medium,Average,26.1,238.0,3.0,6.6,8495,1670,73.0,1.1,4.1,Medium,0.7999999999999998
46,Female,Medium,Average,34.4,235.0,2.5,8.7,10483,1572,74.0,1.4,4.1,Medium,0.40000000000000036
22,Male,Medium,Average,30.0,449.0,3.5,6.6,8858,1380,78.0,1.4,3.9,Medium,2.0
59,Female,Low,Average,24.0,311.0,2.8,2.4,3236,1105,72.0,1.6,4.8,Medium,0.2999999999999998
24,Female,High,Healthy,17.5,131.0,1.4,6.2,10444,1528,51.0,1.5,4.1,Low,1.7999999999999998
59,Male,High,Unhealthy,25.3,159.0,1.3,4.2,14924,1487,55.0,2.0,5.1,Low,0.0
53,Female,Medium,Unhealthy,26.4,158.0,2.3,5.5,9520,1923,66.0,2.3,4.9,Low,1.5
58,Male,Medium,Average,23.5,202.0,3.0,4.6,7821,1134,71.0,1.7,3.5,Low,1.2999999999999998
44,Other,Medium,Average,21.6,58.0,3.5,12.2,6733,912,59.0,2.4,4.1,Medium,0.09999999999999964
19,Male,Medium,Healthy,21.2,405.0,0.7,8.8,7117,1337,70.0,1.8,4.5,Low,1.2999999999999998
42,Male,High,Healthy,32.5,398.0,2.8,6.2,10544,1694,76.0,1.5,4.7,Medium,0.9000000000000004
26,Female,Low,Average,31.1,0.0,2.5,6.4,3902,1470,77.0,1.6,4.4,Low,0.0
44,Male,Medium,Healthy,27.6,0.0,2.6,5.8,8155,1767,68.0,2.3,5.0,Low,1.5
18,Female,Medium,Average,25.4,111.0,1.6,5.3,6529,1456,67.0,1.3,4.1,Low,2.0
40,Female,Medium,Average,22.4,0.0,3.5,5.3,7817,1556,58.0,2.1,4.7,Low,1.5999999999999996
27,Female,Medium,Unhealthy,24.9,10.0,1.8,7.9,4609,1362,71.0,1.4,3.1,Low,2.0999999999999996
59,Male,High,Healthy,31.6,252.0,2.7,6.9,15271,2388,64.0,1.6,4.5,Low,1.0
69,Other,Medium,Average,28.5,194.0,2.7,10.3,5900,1431,74.0,1.1,3.5,Medium,1.5999999999999996
42,Female,Medium,Unhealthy,25.8,0.0,2.9,6.4,7236,1696,62.0,2.2,5.2,Low,0.20000000000000018
20,Male,Medium,Unhealthy,28.7,375.0,1.9,6.3,6646,1447,76.0,1.8,4.0,Low,0.9000000000000004
23,Male,Medium,Average,27.2,136.0,1.8,7.1,10803,1853,59.0,1.6,3.9,Low,2.3
23,Male,Medium,Average,26.6,122.0,3.2,8.5,7393,1753,68.0,2.3,5.0,Medium,0.7000000000000002
19,Female,Medium,Healthy,28.9,352.0,2.9,7.3,6313,1484,72.0,1.9,4.0,Low,2.0
35,Male,Medium,Healthy,27.1,261.0,2.8,10.4,12180,1917,59.0,1.2,3.8,Low,1.0999999999999996
40,Male,Low,Average,28.4,193.0,3.4,13.4,6691,1800,68.0,0.7,2.2,High,3.8
19,Female,Low,Average,25.6,125.0,2.8,9.0,5254,1590,71.0,1.7,4.2,Medium,1.4000000000000004
29,Female,High,Average,24.0,285.0,2.2,7.9,15686,1678,53.0,1.3,3.6,Low,0.7000000000000002
39,Female,Low,Healthy,22.8,135.0,2.9,2.0,2701,1175,70.0,2.5,5.5,Low,0.7999999999999998
54,Female,Low,Average,22.3,165.0,2.9,10.5,5630,1682,64.0,1.9,3.4,High,1.4000000000000004
37,Male,Medium,Average,18.6,23.0,2.9,10.1,8729,1102,55.0,2.5,4.6,Medium,0.2999999999999998
56,Female,Low,Average,21.4,371.0,1.8,10.8,3044,1219,68.0,0.9,3.5,Medium,2.0999999999999996
41,Male,Medium,Average,21.2,432.0,1.7,9.0,8281,1349,66.0,1.7,3.6,Medium,1.0999999999999996
65,Female,Low,Average,23.0,231.0,3.2,4.6,3303,1349,71.0,1.8,4.2,Medium,0.40000000000000036
37,Female,Low,Healthy,31.2,127.0,2.4,4.6,1716,1909,84.0,1.3,4.1,Low,1.2999999999999998
18,Male,High,Average,24.4,340.0,0.9,4.3,18096,1825,55.0,0.9,2.8,Medium,2.7
18,Other,Medium,Healthy,26.0,288.0,1.4,7.2,4372,1547,68.0,1.4,3.8,Low,1.2999999999999998
34,Female,Low,Average,26.1,133.0,1.4,5.2,7234,1736,71.0,2.3,5.2,Medium,0.1999999999999993
69,Female,Medium,Average,22.7,136.0,2.5,5.6,8904,1321,62.0,1.8,4.1,Medium,0.5999999999999996
62,Female,Medium,Healthy,24.1,7.0,2.5,6.2,9068,1587,56.0,1.6,4.7,Low,1.0999999999999996
47,Female,Medium,Average,24.6,190.0,2.2,7.7,6020,1475,70.0,1.5,3.6,Low,0.5999999999999996
58,Female,Low,Average,29.5,362.0,1.7,5.8,3684,1294,84.0,1.2,2.8,Medium,2.4000000000000004
64,Female,Medium,Average,30.4,215.0,3.1,4.7,7797,1674,73.0,1.4,4.4,Low,0.5999999999999996
63,Male,Low,Average,29.9,139.0,1.9,9.3,5555,1627,80.0,1.6,2.7,High,1.2999999999999998
28,Male,Medium,Average,25.7,379.0,3.6,4.7,5580,1600,73.0,1.8,4.2,Low,2.0999999999999996
41,Male,Medium,Average,24.3,241.0,3.1,6.0,8397,1340,63.0,2.0,4.4,Low,1.0999999999999996
39,Female,Medium,Average,29.7,197.0,1.8,6.1,4579,1693,77.0,1.9,4.2,Low,0.7999999999999998
61,Male,Low,Average,27.0,180.0,2.3,2.0,4358,1549,76.0,2.3,4.8,Low,1.4000000000000004
43,Male,High,Healthy,29.0,352.0,2.7,10.5,19723,2163,54.0,2.4,4.9,Medium,0.5999999999999996
30,Female,Medium,Average,24.2,0.0,1.4,9.4,6770,1512,67.0,1.9,5.3,Low,0.20000000000000018
18,Female,Medium,Unhealthy,23.7,340.0,1.9,6.1,7661,1870,68.0,1.3,3.7,Medium,1.2000000000000002
41,Male,Medium,Average,28.6,277.0,3.1,9.6,7520,1814,75.0,1.6,3.1,Medium,2.2
27,Female,Low,Average,24.6,438.0,1.2,2.7,6522,1785,75.0,1.3,3.7,High,2.8
52,Male,Medium,Average,26.6,189.0,2.3,9.1,6848,1569,69.0,1.5,3.9,Medium,1.0999999999999996
41,Female,Medium,Healthy,27.6,370.0,1.5,5.2,8450,1199,74.0,1.8,4.7,Low,2.5
45,Male,Medium,Average,21.9,270.0,3.2,9.4,7413,1541,70.0,1.1,3.1,Medium,1.4000000000000004
53,Female,Low,Average,26.5,32.0,2.8,7.1,3772,1868,74.0,1.4,4.1,Low,1.2999999999999998
33,Female,Low,Healthy,30.4,353.0,1.3,4.0,4016,1708,77.0,2.2,5.0,Low,0.5999999999999996
57,Female,Medium,Healthy,21.2,321.0,1.7,7.6,10196,1353,61.0,1.1,2.4,Low,2.3
33,Male,Low,Average,26.8,102.0,2.5,7.0,6180,1604,67.0,1.5,4.1,Medium,2.0999999999999996
34,Female,Medium,Unhealthy,21.7,243.0,0.7,7.6,5224,1527,71.0,1.6,4.4,Low,1.0
33,Male,Medium,Average,23.6,308.0,3.5,8.5,8679,1329,61.0,1.9,4.5,Medium,0.5
32,Male,Medium,Average,33.8,35.0,2.0,6.8,10368,2247,79.0,1.4,4.4,Low,1.2000000000000002
28,Male,Low,Average,27.8,321.0,2.1,8.4,4762,1346,77.0,1.4,3.3,Medium,2.8
18,Male,Low,Unhealthy,27.6,238.0,3.1,8.8,5872,1740,69.0,1.2,3.7,Medium,2.4000000000000004
43,Female,Medium,Healthy,21.0,455.0,1.9,7.5,5423,1042,70.0,1.9,4.3,Low,2.0
68,Male,Medium,Average,25.8,61.0,2.4,4.5,10283,1862,62.0,1.0,3.4,Low,2.4000000000000004
21,Female,Low,Average,26.5,178.0,2.6,5.1,3365,1866,71.0,2.7,4.9,Medium,0.5
52,Male,High,Unhealthy,29.9,276.0,2.9,10.4,12459,1721,64.0,2.6,5.0,Medium,0.40000000000000036
30,Male,High,Healthy,23.3,361.0,2.5,6.6,11904,1730,63.0,1.8,4.3,Low,1.0999999999999996
27,Female,High,Average,24.8,182.0,2.6,11.2,8591,1554,64.0,2.4,4.1,Low,0.5999999999999996
28,Female,Low,Average,21.7,97.0,1.7,11.4,3122,1341,71.0,1.2,3.1,High,2.0
35,Female,High,Unhealthy,17.9,153.0,1.2,8.1,17555,1537,50.0,2.5,4.7,Medium,0.5999999999999996
51,Male,High,Healthy,28.1,0.0,1.6,8.6,15026,1823,56.0,2.9,5.0,Low,0.6999999999999993
56,Female,Low,Healthy,24.9,350.0,1.2,5.9,1544,1321,79.0,1.6,4.5,Low,1.7000000000000002
58,Female,Medium,Unhealthy,25.2,239.0,2.7,11.2,8779,1844,64.0,2.1,2.8,Medium,1.2999999999999998
59,Female,Medium,Average,21.1,173.0,3.3,5.4,9453,1595,56.0,1.6,5.0,Low,1.0999999999999996
67,Female,Low,Unhealthy,24.3,0.0,1.7,10.0,4155,1324,67.0,1.9,3.0,Medium,1.0
24,Female,High,Unhealthy,25.0,134.0,2.9,8.6,11621,1656,53.0,2.0,3.2,Medium,1.7000000000000002
56,Male,High,Average,25.1,284.0,2.1,9.8,15254,1801,58.0,1.7,3.0,Medium,1.9000000000000004
20,Male,High,Average,25.8,198.0,2.2,9.3,15755,1910,55.0,2.3,3.5,Low,1.4000000000000004
29,Female,Medium,Average,20.1,0.0,3.4,5.8,8561,1743,59.0,1.2,4.9,Low,0.09999999999999964
24,Female,Medium,Average,27.5,390.0,0.6,6.3,11490,1772,71.0,2.3,4.6,Medium,0.7000000000000002
66,Female,Medium,Average,20.0,361.0,3.4,10.8,7589,1330,66.0,1.6,3.9,High,0.5
43,Male,Medium,Healthy,21.2,314.0,3.2,5.7,5393,1431,70.0,1.1,3.1,Low,1.5
50,Male,Low,Average,20.8,247.0,2.0,5.8,6511,1401,62.0,1.3,3.6,Low,1.5
54,Male,Medium,Average,24.3,20.0,2.4,10.8,4220,1676,69.0,2.1,4.3,Low,1.0999999999999996
65,Female,Low,Healthy,23.6,330.0,3.8,6.8,3401,1207,72.0,1.3,3.6,Medium,2.2
32,Male,Low,Healthy,25.0,530.0,1.5,6.9,2618,1222,83.0,2.0,3.8,Medium,1.0
19,Female,Low,Average,21.4,217.0,2.4,11.6,3847,1150,77.0,1.6,2.7,High,2.4000000000000004
58,Male,High,Average,29.0,220.0,3.0,5.4,13591,1807,56.0,1.4,4.1,Low,1.4000000000000004
24,Female,Low,Healthy,28.3,34.0,2.7,5.2,2565,1528,77.0,1.6,5.0,Low,1.7000000000000002
49,Female,Medium,Unhealthy,24.3,0.0,2.5,7.4,10134,1651,59.0,1.7,4.5,Low,1.2999999999999998
21,Male,High,Healthy,23.1,146.0,4.0,7.1,13595,1632,53.0,1.7,5.3,Low,0.7999999999999998
37,Male,Medium,Average,22.7,422.0,1.6,5.1,10437,1661,67.0,1.2,3.9,Medium,2.0
67,Female,Low,Average,23.8,401.0,1.6,9.0,2246,1394,74.0,1.3,2.8,Medium,2.5999999999999996
53,Female,Medium,Average,19.4,190.0,0.5,7.0,5840,1057,69.0,1.3,4.9,Low,0.09999999999999964
49,Female,Low,Average,21.2,264.0,1.6,7.2,2340,1268,75.0,1.9,5.0,Medium,1.5
45,Female,Low,Unhealthy,28.4,17.0,2.0,7.0,4778,1380,70.0,1.9,4.0,Medium,0.5
30,Male,High,Average,26.2,216.0,2.8,4.4,19242,1894,50.0,2.5,4.6,Low,0.0
18,Female,Low,Average,31.5,121.0,3.3,5.0,3544,2002,78.0,1.3,3.1,Low,1.2000000000000002
52,Male,Medium,Average,23.8,208.0,1.7,3.0,3372,1279,76.0,1.4,5.0,Low,1.7999999999999998
65,Female,Medium,Average,23.6,158.0,2.4,9.8,8949,1497,68.0,2.1,4.1,Medium,1.7999999999999998
53,Female,Medium,Unhealthy,23.7,349.0,2.4,9.5,5931,1457,73.0,1.8,3.0,High,2.5
42,Male,Low,Healthy,22.4,494.0,2.9,5.9,4848,1262,73.0,1.6,4.6,Medium,1.0999999999999996
33,Male,Medium,Average,26.1,174.0,3.4,9.9,9621,1509,64.0,1.5,2.8,Medium,3.5999999999999996
18,Female,Low,Unhealthy,23.0,13.0,1.6,9.4,5674,1666,68.0,1.4,3.5,Medium,0.5
22,Female,Medium,Healthy,30.0,186.0,3.8,6.8,10357,1900,67.0,2.0,4.4,Low,0.20000000000000018
39,Male,Medium,Healthy,29.7,153.0,1.4,2.0,9290,1827,70.0,2.3,5.5,Low,0.20000000000000018
41,Female,Medium,Unhealthy,27.2,307.0,1.7,8.3,11952,1687,73.0,2.0,5.3,Medium,0.09999999999999964
60,Female,Medium,Average,28.0,367.0,2.3,9.5,6685,1570,76.0,2.0,5.0,Medium,0.09999999999999964
62,Male,High,Healthy,32.4,83.0,3.6,7.2,17482,2170,57.0,1.5,4.0,Low,0.40000000000000036
69,Male,Medium,Average,28.0,268.0,3.3,8.5,8490,2015,69.0,1.0,2.7,Medium,2.2
54,Female,High,Average,22.7,384.0,3.4,8.1,10580,1784,66.0,1.3,4.8,Low,0.09999999999999964
53,Male,Low,Healthy,26.6,363.0,2.2,7.1,1269,1458,88.0,1.6,4.7,Low,0.9000000000000004
53,Male,High,Average,27.5,238.0,2.5,9.4,16165,1547,63.0,1.8,4.8,Low,0.5999999999999996
21,Female,Medium,Healthy,21.0,111.0,1.9,3.3,5387,1561,62.0,2.9,5.7,Low,0.9000000000000004
53,Male,Medium,Unhealthy,23.9,96.0,2.2,7.2,9935,1516,63.0,0.9,2.9,Low,2.3
69,Female,High,Average,29.4,73.0,1.6,8.7,7446,1643,67.0,2.4,4.2,Low,0.20000000000000018
35,Female,Medium,Average,17.7,195.0,1.8,5.9,8298,1150,57.0,1.8,5.2,Medium,0.7999999999999998
67,Female,High,Unhealthy,20.0,76.0,1.9,7.6,13038,1529,50.0,2.6,5.2,Medium,0.3000000000000007
33,Female,Medium,Average,24.3,301.0,2.4,4.1,11353,1755,63.0,1.3,4.2,Low,1.0
58,Male,Medium,Average,26.4,234.0,2.8,7.2,8451,1875,65.0,2.8,5.0,Low,0.40000000000000036
35,Female,Medium,Healthy,19.6,227.0,3.8,5.2,9225,1454,59.0,1.5,3.2,Low,1.0999999999999996
39,Male,Low,Unhealthy,24.5,0.0,2.2,5.7,3353,1364,73.0,2.5,4.7,Low,0.7999999999999998
19,Female,Medium,Unhealthy,29.6,204.0,3.0,8.4,7642,1711,70.0,2.3,4.6,Medium,0.40000000000000036
38,Other,High,Healthy,25.3,131.0,2.4,2.6,17157,1775,51.0,2.5,5.2,Low,0.09999999999999964
53,Female,Medium,Average,28.8,524.0,3.3,4.3,8032,1837,80.0,1.0,4.3,Medium,1.4000000000000004
61,Female,Medium,Unhealthy,22.6,8.0,1.5,8.8,6162,1482,61.0,0.9,2.5,Medium,1.7999999999999998
56,Male,Medium,Average,21.8,169.0,2.1,6.6,10280,1348,55.0,1.2,3.7,Low,1.7000000000000002
64,Male,Medium,Average,28.4,257.0,3.0,5.2,11371,1664,65.0,1.7,4.2,Medium,2.0999999999999996
56,Female,Low,Average,26.5,54.0,3.0,8.1,6254,1731,68.0,1.8,3.8,Medium,1.4000000000000004
46,Male,Low,Average,20.3,489.0,3.0,4.2,5935,1168,72.0,1.8,3.6,Medium,2.0999999999999996
38,Male,Medium,Unhealthy,31.3,71.0,1.1,6.5,6037,1617,76.0,2.2,4.0,Low,1.0999999999999996
34,Female,High,Unhealthy,21.3,111.0,1.5,6.7,10440,1585,57.0,2.9,5.4,Low,0.3000000000000007
48,Female,Low,Healthy,23.1,409.0,3.2,6.3,3859,1512,74.0,1.7,4.1,Medium,1.2000000000000002
26,Male,Low,Unhealthy,26.2,264.0,4.7,6.9,1518,1351,76.0,1.9,3.4,Medium,2.4000000000000004
48,Male,Medium,Healthy,17.5,0.0,1.8,4.1,8033,1359,50.0,1.8,5.2,Low,1.4000000000000004
31,Male,Low,Average,19.1,529.0,2.8,7.1,3519,800,73.0,2.2,5.5,Medium,0.2999999999999998
66,Male,Medium,Unhealthy,25.3,210.0,2.4,2.0,5648,1814,71.0,2.3,5.3,Low,0.40000000000000036
54,Male,High,Average,22.1,287.0,3.0,11.0,13239,1274,51.0,1.5,3.3,Medium,0.7999999999999998
19,Male,Medium,Average,29.0,59.0,2.8,4.0,10579,1994,63.0,2.1,4.8,Low,0.9000000000000004
69,Female,Medium,Healthy,18.6,29.0,2.1,7.5,8454,1198,52.0,1.3,3.2,Low,1.2000000000000002
65,Male,Medium,Healthy,27.3,267.0,2.8,7.4,9254,1778,65.0,1.3,2.7,Low,2.9000000000000004
63,Other,Medium,Average,19.5,487.0,2.6,5.0,10137,1397,65.0,1.1,4.1,Medium,1.7999999999999998
31,Female,High,Healthy,23.6,118.0,2.6,10.2,15160,1611,55.0,2.0,4.8,Low,0.09999999999999964
50,Male,Medium,Unhealthy,20.7,53.0,3.4,12.1,7263,1432,55.0,2.1,3.9,Medium,1.7000000000000002
52,Male,Low,Average,32.6,245.0,4.5,5.1,4150,1750,82.0,1.9,4.6,Medium,0.5999999999999996
56,Female,Low,Average,19.6,445.0,1.0,8.8,2390,1192,75.0,1.4,3.4,Medium,2.0999999999999996
64,Male,Medium,Healthy,24.5,104.0,3.5,4.5,8114,1419,67.0,1.6,4.2,Low,2.0
68,Female,Medium,Average,18.1,162.0,3.0,10.3,8243,1185,60.0,2.5,3.9,Low,0.7999999999999998
37,Female,Medium,Average,31.4,325.0,1.9,10.2,10634,2106,72.0,2.4,4.8,Medium,0.7999999999999998
19,Male,Low,Healthy,26.6,341.0,2.2,9.5,3513,1325,78.0,1.3,4.1,High,2.3
68,Female,Low,Average,25.5,157.0,3.2,2.9,3513,1649,76.0,2.9,5.8,Low,0.3000000000000007
58,Male,Medium,Unhealthy,30.9,364.0,2.5,5.6,4968,1802,80.0,1.9,4.9,Medium,1.7000000000000002
36,Male,High,Healthy,25.6,279.0,2.5,5.7,15945,2314,54.0,1.5,4.4,Low,0.5
54,Female,Medium,Average,25.9,202.0,2.0,5.5,5061,1464,75.0,2.7,5.2,Medium,0.09999999999999964
35,Female,Low,Average,25.5,335.0,1.9,10.3,3253,1459,74.0,1.8,3.5,High,1.7000000000000002
33,Female,High,Unhealthy,27.3,314.0,1.7,2.5,11869,1794,61.0,2.3,6.6,Low,0.40000000000000036
21,Female,Medium,Healthy,23.0,42.0,2.1,8.0,9781,1542,59.0,2.7,4.3,Low,0.09999999999999964
46,Female,Low,Healthy,28.2,251.0,2.8,5.2,5061,1936,79.0,1.3,3.4,Low,1.0
24,Male,Medium,Healthy,26.1,406.0,1.8,8.3,9891,1986,71.0,1.0,3.1,Medium,3.0
31,Female,High,Healthy,24.5,207.0,3.1,8.1,12081,1864,62.0,1.8,4.0,Low,1.2999999999999998
29,Female,Medium,Average,19.4,237.0,1.8,6.3,6264,1007,60.0,1.5,5.0,Low,0.5
52,Male,Medium,Average,31.0,259.0,3.1,9.7,4632,1661,81.0,1.2,3.1,Medium,2.0
22,Female,Medium,Average,22.4,282.0,1.8,5.6,8255,1567,66.0,2.1,4.5,Low,1.5999999999999996
59,Female,Medium,Average,25.7,269.0,3.0,7.3,8902,1637,67.0,2.6,5.9,Low,0.3000000000000007
49,Female,Low,Healthy,19.8,195.0,3.2,6.2,5740,1251,67.0,1.5,3.7,Low,1.7999999999999998
27,Female,Medium,Healthy,30.0,351.0,2.4,6.4,9860,2258,75.0,1.4,4.1,Medium,2.8
60,Male,High,Average,26.0,264.0,3.0,3.5,14362,1843,63.0,3.1,6.3,Low,1.0999999999999996
34,Female,High,Healthy,30.3,643.0,1.5,6.1,14233,1769,71.0,1.1,4.4,Medium,0.9000000000000004
22,Male,High,Unhealthy,24.3,243.0,1.7,4.2,13972,1928,62.0,1.0,3.1,Low,1.7999999999999998
62,Female,Medium,Healthy,27.8,385.0,2.3,7.7,12249,2088,66.0,1.3,3.2,Low,1.9000000000000004
26,Female,Medium,Average,23.0,0.0,3.3,8.1,8158,1388,59.0,2.4,4.4,Low,1.0
66,Female,Low,Average,19.9,89.0,0.7,5.2,3728,869,64.0,1.5,3.5,Low,1.2000000000000002
50,Female,Low,Average,23.5,134.0,1.7,6.3,2825,1358,69.0,1.7,4.5,Medium,0.7999999999999998
53,Male,Medium,Healthy,26.9,0.0,2.4,7.7,7240,1739,67.0,2.5,5.9,Low,0.9000000000000004
53,Male,Low,Healthy,22.6,140.0,3.5,7.8,4041,1407,76.0,2.3,4.8,Medium,1.2999999999999998
35,Female,High,Average,28.5,0.0,2.7,11.1,10445,1762,65.0,1.4,3.7,Low,1.2000000000000002
26,Female,Medium,Average,21.6,33.0,0.5,8.6,11297,1617,57.0,1.9,3.6,Low,1.0999999999999996
46,Male,Low,Average,28.5,236.0,1.6,7.4,5089,1649,78.0,1.9,4.6,Low,1.7000000000000002
67,Female,Medium,Average,30.2,487.0,3.1,7.3,10183,1804,73.0,0.9,2.3,Medium,3.0999999999999996
31,Male,High,Healthy,29.1,0.0,2.7,6.1,13516,1776,56.0,1.5,5.1,Low,0.20000000000000018
32,Female,Low,Healthy,17.5,120.0,3.4,8.8,3679,1008,62.0,1.9,4.8,Low,1.7999999999999998
59,Male,Medium,Unhealthy,24.5,0.0,3.1,8.0,10599,1642,56.0,2.2,4.2,Low,1.2000000000000002
46,Male,Medium,Healthy,21.1,95.0,3.8,6.7,10793,1384,56.0,2.0,4.8,Low,0.3000000000000007
32,Female,Medium,Unhealthy,22.8,81.0,2.7,11.3,9099,1611,60.0,2.1,4.2,Medium,0.5
46,Female,Low,Healthy,30.7,247.0,1.8,7.7,6547,1782,76.0,1.6,4.0,Medium,0.5999999999999996
21,Female,Medium,Healthy,20.5,263.0,2.2,7.8,12792,1397,57.0,1.3,3.5,Low,1.5
35,Male,Medium,Healthy,26.9,177.0,1.8,4.9,11693,1880,63.0,1.3,4.0,Low,1.7000000000000002
67,Female,Low,Average,25.9,143.0,0.7,10.7,3296,1560,78.0,1.9,2.9,High,1.5999999999999996
66,Female,Low,Average,23.6,93.0,1.9,8.3,1000,1202,74.0,2.0,6.1,Low,0.40000000000000036
61,Female,Low,Healthy,27.6,207.0,3.0,10.4,5114,1914,68.0,1.4,4.0,Medium,1.0
56,Female,Medium,Healthy,31.5,53.0,2.5,6.5,8853,2176,67.0,2.0,4.8,Low,0.20000000000000018
33,Male,Low,Healthy,23.8,432.0,3.6,7.0,4163,1460,74.0,0.9,2.5,Medium,2.0
20,Male,High,Average,28.7,330.0,1.1,7.9,9360,1566,74.0,2.3,4.5,Low,1.2000000000000002
68,Female,Medium,Average,24.5,140.0,2.1,11.6,11063,1845,56.0,1.5,1.9,Low,2.7
67,Female,High,Healthy,23.8,300.0,2.3,6.1,19201,1773,52.0,1.7,4.1,Low,0.9000000000000004
59,Female,Low,Healthy,17.5,457.0,1.8,8.2,4225,1126,64.0,1.3,2.3,Low,3.0999999999999996
55,Male,Medium,Average,21.9,324.0,3.7,9.5,8568,1258,64.0,2.4,4.8,Low,1.0
62,Male,Low,Unhealthy,20.4,19.0,1.0,7.8,2221,1072,66.0,1.2,4.2,Medium,1.2000000000000002
35,Male,Medium,Average,24.0,171.0,3.4,5.8,10542,1788,57.0,2.1,4.6,Low,0.9000000000000004
37,Male,Medium,Average,23.9,266.0,3.1,6.1,9528,1757,67.0,1.8,5.4,Low,0.09999999999999964
65,Female,Medium,Healthy,25.0,380.0,2.2,13.7,5520,1147,72.0,1.3,3.4,Medium,1.7000000000000002
42,Male,Low,Average,21.5,82.0,1.8,5.4,1585,1408,67.0,1.8,5.0,Low,0.40000000000000036
55,Other,Medium,Average,31.2,127.0,3.4,2.0,7519,1808,75.0,1.8,5.7,Low,0.09999999999999964
30,Male,High,Unhealthy,30.2,162.0,2.1,7.1,14237,2296,63.0,1.3,3.9,Low,1.2999999999999998
21,Female,Low,Average,31.5,159.0,1.8,7.1,5522,2058,75.0,1.4,3.2,Medium,2.0
31,Female,High,Unhealthy,27.7,424.0,3.3,6.2,13278,1803,65.0,2.4,4.8,Medium,0.09999999999999964
50,Male,Low,Average,24.9,184.0,2.7,5.4,5593,1792,61.0,2.0,4.3,Low,0.7000000000000002
45,Female,Medium,Average,31.5,222.0,2.2,6.3,10258,1627,71.0,1.8,4.0,Medium,2.0
69,Female,High,Average,22.3,336.0,2.8,3.7,15420,1524,54.0,2.5,5.2,Low,0.7000000000000002
54,Female,Low,Average,21.5,438.0,2.9,11.4,5303,1203,70.0,1.2,2.8,High,2.2
25,Female,Medium,Healthy,22.6,194.0,2.5,7.6,7167,1210,62.0,1.7,5.1,Medium,0.20000000000000018
51,Female,Medium,Average,22.0,474.0,0.8,9.6,6862,1579,71.0,1.8,4.3,Low,1.5999999999999996
61,Female,Medium,Average,24.4,183.0,2.4,13.8,6334,1383,69.0,1.4,2.4,Medium,2.0
22,Male,Medium,Average,18.6,115.0,2.0,6.0,10421,1362,50.0,1.4,3.9,Low,1.4000000000000004
22,Male,High,Average,26.9,528.0,1.9,7.8,16587,2143,60.0,2.1,4.7,Low,0.40000000000000036
48,Female,Low,Healthy,18.9,368.0,2.0,9.0,1000,1203,65.0,2.0,4.1,Medium,2.0999999999999996
62,Male,Medium,Unhealthy,21.3,201.0,2.1,8.7,8357,1709,63.0,1.6,4.2,Low,0.5999999999999996
26,Female,Medium,Healthy,29.9,297.0,2.3,9.3,4428,1497,84.0,2.2,4.3,Medium,0.40000000000000036
59,Female,High,Unhealthy,29.7,43.0,2.6,9.3,10748,2224,59.0,1.8,4.8,Medium,0.09999999999999964
49,Female,Low,Average,26.5,366.0,1.9,6.0,5248,1567,79.0,2.0,3.7,Medium,1.7999999999999998
50,Male,High,Unhealthy,26.1,0.0,2.9,10.0,8827,1691,66.0,1.7,3.8,Medium,1.5999999999999996
20,Male,Medium,Average,22.9,360.0,3.1,6.7,5271,1300,69.0,2.0,5.5,Low,0.6999999999999993
47,Male,Medium,Average,21.9,91.0,3.1,7.7,5951,1394,72.0,2.4,5.2,Low,0.20000000000000018
67,Female,Medium,Average,23.6,0.0,3.2,8.5,4830,1681,63.0,1.9,4.8,Low,0.40000000000000036
29,Female,High,Average,18.9,0.0,2.0,5.2,9739,1466,51.0,2.8,6.4,Low,1.6999999999999993
46,Female,Medium,Average,26.0,128.0,2.3,8.1,7887,1835,66.0,2.3,6.1,Low,0.0
20,Female,Medium,Average,25.2,306.0,2.7,8.6,4630,1271,75.0,2.4,4.6,Medium,0.7999999999999998
43,Male,Medium,Healthy,21.3,0.0,2.2,2.3,7501,1278,56.0,1.3,4.7,Low,0.09999999999999964
47,Male,Medium,Average,31.3,14.0,1.6,10.5,8018,1902,69.0,1.7,3.6,Low,1.2000000000000002
26,Female,Low,Average,27.4,125.0,2.1,5.0,5127,1675,68.0,2.2,5.2,Medium,0.5
43,Female,High,Average,27.8,321.0,3.8,7.7,16787,2130,59.0,2.1,3.7,Medium,1.7999999999999998
19,Male,Low,Unhealthy,23.1,339.0,1.9,10.8,1935,1591,80.0,1.2,3.2,High,0.9000000000000004
20,Male,High,Unhealthy,25.0,220.0,1.9,8.6,10028,1517,63.0,1.1,3.3,Medium,2.3
63,Male,Medium,Average,27.5,347.0,2.1,9.6,5240,1677,79.0,1.8,2.4,Medium,2.5999999999999996
21,Male,Medium,Unhealthy,25.6,303.0,2.9,9.8,9581,1765,66.0,1.6,2.7,High,1.5999999999999996
42,Female,Medium,Healthy,31.4,137.0,2.8,5.8,8691,1837,76.0,2.4,4.7,Low,0.40000000000000036
68,Female,Medium,Average,24.2,336.0,3.1,4.4,7293,1488,70.0,1.8,4.5,Low,1.0
30,Female,Medium,Average,23.0,7.0,4.5,8.0,5615,1241,61.0,2.3,3.6,Low,1.0
56,Female,High,Average,27.5,272.0,3.2,8.8,14465,2012,62.0,1.1,3.1,Medium,1.5
61,Female,Low,Average,19.9,25.0,3.2,9.8,6053,973,59.0,1.3,4.6,Medium,0.09999999999999964
52,Female,High,Average,28.7,221.0,4.8,9.0,17911,2489,56.0,1.8,4.3,Medium,0.5
40,Male,Medium,Average,19.8,382.0,2.9,5.8,5053,1143,70.0,2.2,4.0,Low,1.2999999999999998
26,Female,High,Average,27.6,231.0,2.2,9.2,17213,1925,52.0,2.3,5.0,Medium,0.40000000000000036
19,Male,Low,Average,22.4,198.0,2.3,2.0,1770,843,72.0,1.8,5.3,Medium,1.7000000000000002
58,Male,Low,Healthy,26.9,233.0,3.3,10.2,3396,1409,80.0,2.5,4.5,Low,0.2999999999999998
61,Male,Medium,Average,28.6,299.0,1.5,4.8,6959,1660,78.0,1.0,3.2,Low,2.2
48,Female,Medium,Healthy,25.6,520.0,0.9,4.7,8532,1682,71.0,1.6,4.0,Low,2.0
61,Male,High,Unhealthy,20.2,297.0,1.8,13.2,10992,1407,53.0,1.3,2.4,Medium,0.7999999999999998
64,Male,Low,Average,21.4,124.0,3.2,7.1,4154,1815,71.0,2.3,4.2,Low,0.40000000000000036
19,Male,Low,Unhealthy,22.1,168.0,3.0,6.4,2378,946,68.0,2.3,4.5,Low,0.5
49,Female,Low,Average,17.5,64.0,2.4,4.1,4257,1168,59.0,1.2,4.1,Low,0.7000000000000002
35,Female,Low,Healthy,29.5,14.0,3.4,8.1,2024,1637,75.0,2.7,4.8,Low,0.0
30,Female,Medium,Healthy,25.4,0.0,3.0,9.0,7204,1288,64.0,1.7,3.7,Low,0.40000000000000036
63,Male,Medium,Average,20.5,130.0,2.8,6.1,8007,1280,58.0,1.4,5.1,Low,0.1999999999999993
22,Male,Medium,Unhealthy,30.8,0.0,2.5,2.0,7499,2309,73.0,1.5,5.2,Low,0.2999999999999998
59,Female,Low,Healthy,22.2,214.0,3.2,11.1,5267,1216,70.0,2.3,3.7,Low,1.0999999999999996
61,Male,Low,Healthy,26.0,123.0,3.1,6.3,1000,1744,73.0,2.1,5.1,Medium,0.3000000000000007
27,Female,Low,Average,21.7,37.0,2.3,6.2,4261,1233,60.0,2.5,5.3,Low,0.8000000000000007
60,Female,Medium,Average,17.5,0.0,3.2,6.9,6339,1135,53.0,1.7,3.4,Low,1.0999999999999996
42,Female,Medium,Unhealthy,19.5,147.0,2.0,5.0,9181,1267,55.0,1.1,3.5,Medium,1.7000000000000002
51,Female,Medium,Average,23.2,0.0,2.7,10.2,8061,1283,62.0,1.7,2.7,Low,1.7999999999999998
54,Male,High,Healthy,28.6,305.0,2.8,8.8,17263,1877,60.0,2.1,3.5,Low,2.0
47,Male,High,Unhealthy,26.4,238.0,2.2,8.2,13301,1730,66.0,2.5,5.6,Medium,1.6999999999999993
24,Female,Medium,Average,25.6,165.0,2.6,12.8,10468,1849,61.0,1.6,3.3,Medium,0.09999999999999964
20,Male,High,Average,30.1,201.0,1.6,10.2,10120,1835,69.0,1.3,3.7,Medium,1.5999999999999996
30,Male,Medium,Healthy,25.9,257.0,2.6,2.0,6373,1925,66.0,2.5,6.4,Low,0.7000000000000002
43,Male,Medium,Healthy,29.5,122.0,1.8,12.6,8229,1895,68.0,1.1,2.7,Medium,2.9000000000000004
41,Male,High,Unhealthy,30.0,123.0,3.3,4.4,16699,1906,64.0,1.2,4.6,Low,0.09999999999999964
23,Female,High,Average,29.6,206.0,2.4,11.1,15832,2173,60.0,1.6,3.1,Medium,0.5999999999999996
60,Female,Low,Healthy,24.0,0.0,3.4,3.5,4996,1502,72.0,1.9,4.2,Low,0.9000000000000004
66,Female,High,Average,21.0,467.0,1.9,12.2,11760,1481,63.0,1.9,3.1,Medium,1.7999999999999998
59,Female,High,Average,29.0,224.0,2.5,5.8,16647,2124,61.0,1.9,4.9,Low,0.09999999999999964
29,Male,Low,Healthy,19.5,169.0,4.3,5.1,4155,1045,66.0,1.8,5.1,Low,0.7000000000000002
66,Male,High,Average,32.8,512.0,2.4,5.7,16383,2481,65.0,1.1,3.5,Medium,1.5999999999999996
53,Male,High,Average,25.1,34.0,3.0,7.1,9567,1812,65.0,2.1,4.8,Low,0.20000000000000018
19,Female,Low,Healthy,20.8,430.0,3.0,6.6,4678,1314,73.0,2.1,4.8,Low,0.20000000000000018
28,Female,Medium,Unhealthy,20.1,321.0,0.9,6.9,6778,1416,65.0,1.4,3.8,Low,0.09999999999999964
56,Male,Medium,Average,19.9,367.0,2.9,7.8,5469,1324,63.0,1.2,3.4,Medium,2.3
51,Male,Medium,Healthy,25.6,173.0,1.5,7.6,9293,1569,60.0,1.7,4.2,Low,0.09999999999999964
43,Female,High,Unhealthy,25.0,208.0,3.0,7.0,12712,1829,59.0,2.4,4.3,Low,0.7999999999999998
35,Female,Medium,Healthy,20.1,148.0,2.6,5.9,9060,1518,61.0,2.0,4.7,Low,0.5
38,Female,Medium,Unhealthy,23.6,349.0,1.6,8.1,6043,1380,71.0,2.1,4.0,Medium,0.7999999999999998
57,Male,High,Average,27.4,116.0,2.4,7.8,13642,1651,64.0,1.8,4.9,Medium,0.2999999999999998
69,Female,Low,Average,24.8,123.0,4.5,7.0,3296,1134,74.0,1.7,4.5,Medium,0.09999999999999964
63,Female,High,Average,23.5,197.0,3.8,5.3,16969,1870,53.0,1.5,4.8,Low,0.2999999999999998
61,Female,Low,Average,19.8,150.0,2.8,7.2,3871,1082,68.0,2.5,5.5,Medium,0.7999999999999998
39,Female,Medium,Average,23.8,416.0,2.9,6.3,14331,1983,61.0,1.7,3.9,Low,0.7000000000000002
47,Female,Medium,Average,23.3,321.0,3.0,2.0,10330,1541,65.0,1.5,4.8,Low,1.0
67,Female,Medium,Average,26.3,320.0,2.1,9.5,7053,1826,73.0,1.4,2.8,High,1.5
60,Male,Medium,Unhealthy,25.7,235.0,1.9,7.6,8148,1605,70.0,1.6,4.2,Low,0.9000000000000004
47,Male,Low,Average,28.2,76.0,3.2,6.9,4099,1644,84.0,1.4,3.2,Medium,0.5
25,Female,Low,Average,23.1,304.0,2.0,8.3,2417,1167,74.0,1.2,3.3,Medium,1.9000000000000004
51,Male,High,Average,17.6,0.0,3.7,5.1,17850,1569,50.0,2.5,6.0,Low,0.8000000000000007
26,Female,Low,Unhealthy,21.3,78.0,1.8,10.0,3629,998,70.0,1.9,3.6,Medium,1.7000000000000002
68,Other,High,Average,20.6,66.0,3.6,4.1,14655,1802,50.0,1.5,4.4,Low,0.0
37,Male,Medium,Healthy,24.8,130.0,2.3,5.4,6168,1701,67.0,2.4,5.3,Low,0.09999999999999964
36,Female,High,Average,22.8,318.0,3.4,7.0,12570,1686,61.0,1.9,3.8,Medium,1.5999999999999996
22,Female,High,Healthy,23.4,173.0,3.0,8.1,13513,1622,60.0,1.7,3.5,Low,1.0
28,Male,Low,Average,30.7,184.0,2.7,2.3,2897,1511,86.0,1.3,3.8,Low,1.2000000000000002
32,Male,Medium,Average,25.0,0.0,3.1,4.7,4870,1093,70.0,2.1,5.6,Low,0.40000000000000036
25,Female,Low,Healthy,21.1,10.0,2.8,5.5,4260,1332,63.0,1.6,3.6,Low,2.0
36,Female,High,Average,21.2,243.0,3.4,8.9,7131,1370,68.0,2.1,4.1,Medium,0.40000000000000036
40,Female,Medium,Healthy,24.0,294.0,4.8,2.0,3493,1415,72.0,1.6,4.1,Low,0.09999999999999964
44,Male,Medium,Average,26.0,160.0,2.9,7.5,8089,1743,63.0,0.9,2.9,Medium,2.0999999999999996
57,Male,Medium,Average,26.9,339.0,1.8,6.1,7636,1927,69.0,2.0,5.8,Low,1.2000000000000002
43,Other,High,Average,21.6,259.0,2.4,9.0,15993,1815,50.0,1.2,3.1,Medium,2.0999999999999996
44,Female,Medium,Average,23.3,72.0,2.8,11.2,4045,1227,69.0,1.7,4.8,Low,0.09999999999999964
36,Male,High,Healthy,27.9,60.0,2.8,4.1,12155,1540,63.0,1.6,4.8,Low,0.1999999999999993
67,Male,Medium,Average,20.4,85.0,2.0,4.9,7104,1268,66.0,1.5,5.0,Low,1.2000000000000002
59,Female,Low,Healthy,23.1,187.0,2.2,7.1,4468,1625,68.0,1.9,4.1,Low,1.5999999999999996
46,Male,Medium,Average,27.4,265.0,0.7,10.5,8456,1671,73.0,2.0,4.0,Medium,1.5
56,Female,Medium,Average,28.5,254.0,2.4,8.1,7189,1535,74.0,1.2,3.3,Low,1.4000000000000004
58,Female,Medium,Average,24.2,156.0,2.9,7.3,8088,1610,67.0,2.3,4.9,Low,0.5999999999999996
50,Male,High,Average,23.4,294.0,2.5,10.1,13175,1874,64.0,1.1,4.7,Medium,1.5
36,Male,Medium,Average,19.7,453.0,2.1,6.0,6174,1334,70.0,1.9,4.6,Medium,1.9000000000000004
54,Female,High,Healthy,27.1,182.0,2.8,9.9,14161,2192,57.0,1.6,3.6,Low,0.7000000000000002
36,Male,Medium,Average,30.3,214.0,1.7,11.3,3711,1476,76.0,0.9,1.4,Medium,2.2
50,Male,Low,Unhealthy,35.3,108.0,1.7,6.6,4367,2217,78.0,2.3,4.2,Low,1.0999999999999996
64,Female,Low,Healthy,26.5,141.0,2.9,3.1,6118,1159,65.0,2.3,5.6,Low,0.09999999999999964
40,Female,Low,Average,21.3,388.0,2.9,11.1,7093,1056,68.0,1.1,3.0,High,1.7000000000000002
24,Male,Low,Average,17.5,169.0,2.3,8.2,4904,1167,62.0,1.2,3.8,Medium,0.7000000000000002
43,Male,Low,Average,25.7,273.0,3.4,3.6,6187,1230,70.0,2.4,6.0,Low,0.09999999999999964
49,Male,Medium,Unhealthy,34.4,338.0,1.6,10.2,8771,1943,74.0,2.2,2.8,Medium,1.5999999999999996
29,Male,Medium,Average,30.1,133.0,2.3,9.0,9103,1784,74.0,2.2,4.0,Medium,1.2999999999999998
25,Female,Low,Healthy,29.5,4.0,3.1,9.5,4214,1792,72.0,1.5,3.4,Medium,2.0
22,Male,Medium,Unhealthy,26.0,303.0,3.2,9.8,4864,1750,76.0,1.3,1.8,Medium,2.0
59,Female,Medium,Healthy,26.4,334.0,1.9,5.6,4069,1663,74.0,1.4,4.0,Low,0.40000000000000036
45,Male,Medium,Healthy,17.5,312.0,4.2,9.6,7517,889,56.0,1.2,3.4,Low,2.4000000000000004
22,Male,High,Healthy,28.1,143.0,2.4,5.4,12191,1928,61.0,1.9,4.1,Low,2.0
66,Other,Medium,Healthy,22.7,428.0,2.6,4.0,6858,1335,72.0,2.3,5.5,Low,0.20000000000000018
43,Male,Medium,Average,22.2,242.0,3.3,4.9,5471,1296,63.0,2.3,4.3,Medium,1.2000000000000002
39,Male,High,Average,23.6,0.0,2.5,6.0,10906,1523,56.0,1.3,4.1,Low,1.0
32,Male,Medium,Average,22.1,155.0,3.4,10.7,5808,1192,64.0,1.7,4.1,Low,1.5
30,Female,Medium,Healthy,25.1,233.0,2.1,9.8,8076,1488,63.0,1.8,3.2,Low,1.9000000000000004
50,Female,High,Average,25.4,499.0,2.5,10.5,16544,2135,58.0,1.8,3.7,Medium,1.4000000000000004
60,Female,High,Unhealthy,19.1,260.0,2.8,4.1,12051,1424,50.0,2.5,6.0,Low,0.09999999999999964
40,Female,High,Healthy,24.1,54.0,2.2,9.4,13362,1941,58.0,2.1,4.5,Low,0.7999999999999998
50,Male,High,Average,20.6,0.0,2.7,8.4,18920,2005,50.0,1.6,5.1,Low,0.40000000000000036
35,Male,Low,Healthy,25.6,348.0,2.5,5.2,5315,1241,72.0,1.9,4.8,Low,0.5
67,Female,High,Healthy,18.6,479.0,2.5,6.6,15155,1588,53.0,2.1,4.8,Low,0.09999999999999964
47,Female,High,Average,21.7,169.0,1.7,6.5,14300,1408,55.0,1.8,4.3,Low,0.2999999999999998
43,Male,Low,Average,27.3,458.0,2.0,6.9,7012,2012,80.0,1.5,3.2,Medium,2.3
33,Female,Medium,Average,19.3,0.0,0.8,5.5,10257,1493,50.0,1.4,4.3,Low,2.0999999999999996
30,Female,Low,Unhealthy,32.1,148.0,1.5,10.7,4183,1678,83.0,2.0,3.0,High,1.5999999999999996
56,Female,High,Average,29.8,47.0,2.5,3.9,16169,2073,57.0,1.4,3.5,Medium,0.9000000000000004
50,Male,Medium,Average,23.0,318.0,3.3,4.0,7501,1617,67.0,1.1,3.7,Low,1.5
43,Female,Low,Average,21.9,4.0,2.2,4.6,1593,1085,65.0,1.7,5.0,Low,1.3000000000000007
65,Female,Low,Average,25.8,260.0,2.5,5.4,2466,1117,76.0,2.0,4.9,Medium,1.2000000000000002
55,Male,Medium,Average,23.2,143.0,3.2,5.4,6553,1407,65.0,1.6,4.4,Low,0.09999999999999964
19,Male,Medium,Average,24.5,256.0,2.6,6.7,6644,1640,72.0,1.1,3.4,Medium,1.0
66,Female,Low,Average,25.4,0.0,2.1,3.8,5959,1390,67.0,2.8,6.4,Low,0.09999999999999964
23,Female,Low,Average,22.5,0.0,2.8,5.8,6748,1420,64.0,1.9,5.5,Low,0.9000000000000004
67,Female,Medium,Healthy,19.0,327.0,3.9,8.7,3685,1027,67.0,2.3,4.4,Low,0.2999999999999998
55,Male,Medium,Average,20.4,298.0,4.4,9.5,10155,1237,58.0,1.6,3.3,Medium,1.0
59,Male,Medium,Unhealthy,26.9,362.0,3.7,4.5,9473,1577,72.0,2.1,4.3,Low,1.5999999999999996
35,Male,High,Average,20.2,276.0,1.5,9.0,12509,1418,58.0,1.2,4.5,Low,0.7999999999999998
44,Female,Low,Healthy,25.5,116.0,3.0,6.9,3542,1389,77.0,2.5,5.3,Low,0.09999999999999964
58,Female,Low,Healthy,20.8,78.0,3.4,6.8,5484,1288,63.0,1.4,3.2,Medium,1.0
25,Male,Low,Healthy,24.5,119.0,0.5,8.5,4578,1436,69.0,1.2,3.0,Low,2.5999999999999996
45,Male,Low,Healthy,22.2,182.0,1.3,9.5,5829,1322,65.0,1.7,3.2,Medium,3.0999999999999996
27,Female,Low,Average,21.6,299.0,2.1,5.3,5222,1291,63.0,1.5,5.2,Medium,0.7000000000000002
34,Female,Medium,Average,17.5,368.0,1.9,6.7,10881,1138,53.0,2.1,4.5,Low,1.7999999999999998
46,Female,Medium,Average,25.6,278.0,1.2,6.7,9267,1688,62.0,1.6,3.2,Low,2.7
23,Female,Low,Unhealthy,20.0,294.0,2.8,4.6,2294,778,69.0,2.2,5.0,Medium,0.5999999999999996
31,Female,Medium,Average,24.3,473.0,3.5,7.7,4799,1204,75.0,2.4,4.2,Medium,1.0999999999999996
39,Male,High,Average,23.0,304.0,2.3,5.7,15938,1579,59.0,2.4,5.0,Low,0.5999999999999996
23,Male,Low,Healthy,24.2,167.0,1.2,7.0,4900,1291,70.0,2.2,5.8,Low,1.2000000000000002
43,Male,Medium,Healthy,24.4,287.0,2.7,8.6,6765,1548,70.0,1.2,4.1,Low,0.7999999999999998
56,Male,Low,Average,25.8,456.0,1.6,7.7,4370,1499,76.0,1.4,2.4,Medium,1.7999999999999998
29,Male,Low,Healthy,22.1,69.0,1.7,4.8,3318,1292,67.0,1.5,4.4,Low,0.9000000000000004
52,Male,Medium,Healthy,30.0,135.0,3.3,7.5,7013,1942,66.0,1.0,3.8,Low,2.0
31,Male,Low,Healthy,17.6,417.0,3.5,7.3,1850,990,73.0,0.9,3.2,Medium,2.5999999999999996
39,Male,High,Healthy,24.1,156.0,2.3,5.6,14134,1568,54.0,2.2,5.1,Low,0.40000000000000036
40,Female,Medium,Average,26.9,393.0,1.6,7.4,8756,1508,71.0,2.1,4.6,Low,0.20000000000000018
65,Male,Medium,Average,21.1,11.0,2.9,3.5,4493,1167,65.0,2.4,5.4,Low,0.2999999999999998
24,Female,Low,Healthy,21.8,138.0,2.2,4.3,4902,1365,68.0,1.7,4.2,Medium,1.5999999999999996
57,Male,Medium,Unhealthy,21.0,380.0,1.4,3.8,6969,1294,72.0,2.1,4.9,Low,0.9000000000000004
67,Female,Medium,Healthy,27.4,181.0,1.8,4.0,5866,1733,72.0,2.1,4.7,Low,0.9000000000000004
42,Male,Medium,Average,22.0,0.0,2.8,5.8,7120,1386,57.0,2.4,5.2,Low,0.2999999999999998
30,Female,High,Unhealthy,26.0,123.0,1.3,9.7,9205,1365,65.0,1.6,4.7,Medium,0.40000000000000036
38,Male,Medium,Healthy,26.1,319.0,2.3,8.5,7418,1522,74.0,1.8,2.8,Medium,2.0999999999999996
58,Female,Medium,Healthy,34.5,391.0,3.4,9.8,8246,2181,83.0,1.6,3.5,Low,1.5999999999999996
26,Female,Low,Average,21.8,272.0,1.3,2.0,4689,1063,71.0,1.2,4.7,Low,1.2999999999999998
32,Male,Low,Average,19.2,144.0,2.3,5.5,3148,993,65.0,2.4,4.3,Low,1.2000000000000002
69,Male,High,Average,23.9,335.0,3.0,9.8,16338,1889,56.0,1.0,2.5,Medium,2.2
19,Female,Medium,Healthy,24.5,413.0,1.5,6.0,8532,1461,70.0,2.0,5.2,Low,0.40000000000000036
42,Male,Low,Unhealthy,17.5,315.0,3.4,6.9,5223,1016,56.0,1.9,4.2,Medium,1.4000000000000004
30,Female,Low,Healthy,22.1,182.0,3.1,6.5,6488,1414,63.0,1.9,3.8,Medium,2.3
68,Male,Low,Average,22.9,342.0,3.0,9.1,3426,1344,70.0,1.0,3.1,Medium,2.3
51,Female,Medium,Average,28.9,204.0,2.6,3.1,6474,1842,69.0,2.3,5.6,Medium,0.3000000000000007
52,Male,Low,Average,18.8,320.0,2.8,2.0,7207,1050,63.0,2.1,5.7,Low,0.7000000000000002
55,Male,Low,Unhealthy,27.7,255.0,2.6,8.6,4895,1331,77.0,1.2,2.9,Medium,1.5999999999999996
20,Female,Medium,Unhealthy,28.7,412.0,3.2,6.5,8574,1602,71.0,1.7,3.6,Low,2.0999999999999996
59,Female,High,Average,28.8,305.0,3.5,8.6,17587,2108,56.0,1.2,4.3,Medium,1.0
23,Female,Medium,Average,18.7,125.0,1.8,6.3,8024,1301,59.0,1.2,3.8,Medium,1.4000000000000004
65,Male,High,Healthy,26.3,410.0,1.9,8.3,15399,2027,64.0,1.8,3.8,Low,0.09999999999999964
66,Female,Low,Average,22.3,269.0,2.2,6.7,3315,1425,73.0,1.3,4.8,Low,1.0999999999999996
36,Male,Medium,Healthy,19.4,179.0,2.0,5.2,5271,1432,66.0,0.9,3.7,Low,1.7000000000000002
20,Male,Low,Average,23.3,0.0,3.4,6.0,5346,962,64.0,1.9,4.7,Low,1.2000000000000002
35,Female,High,Healthy,21.4,234.0,1.3,6.6,11120,1318,61.0,2.1,4.9,Low,0.6999999999999993
56,Male,High,Average,28.7,475.0,2.9,8.5,16245,2417,63.0,1.3,3.2,High,1.5
26,Male,Medium,Average,27.1,0.0,3.6,6.6,10167,1831,63.0,1.6,4.8,Low,0.5
69,Male,High,Unhealthy,20.4,0.0,2.0,4.3,7266,1289,55.0,2.2,5.0,Low,0.1999999999999993
29,Female,Medium,Average,22.1,315.0,3.7,11.2,10089,1062,66.0,1.1,2.8,High,1.4000000000000004
22,Female,Low,Unhealthy,23.5,235.0,3.4,7.8,4381,1091,76.0,1.3,3.0,Medium,1.7000000000000002
20,Female,Medium,Average,24.7,300.0,2.2,10.4,6060,1654,72.0,1.1,2.4,Low,1.0
28,Male,Medium,Unhealthy,29.0,121.0,3.2,4.3,4520,1537,80.0,1.9,3.7,Medium,1.5999999999999996
47,Female,Low,Average,27.8,0.0,1.8,6.4,3893,1654,73.0,2.3,4.0,Low,1.2999999999999998
21,Female,Medium,Average,25.2,75.0,1.6,7.5,7642,1485,64.0,1.5,3.9,Medium,0.7000000000000002
22,Male,Medium,Average,24.0,434.0,2.1,8.6,10184,2043,65.0,1.5,3.1,Medium,2.0
18,Male,Low,Average,17.9,132.0,3.6,2.3,4097,1050,68.0,1.8,5.3,Low,0.5
44,Male,Medium,Average,30.2,133.0,2.1,2.4,5824,1444,74.0,2.0,6.1,Low,0.09999999999999964
45,Male,Medium,Healthy,23.2,0.0,2.5,5.3,4892,1471,65.0,1.7,4.4,Low,0.5999999999999996
46,Female,Low,Average,31.2,0.0,1.7,8.4,4219,1743,78.0,1.3,3.5,Low,0.7999999999999998
35,Male,Medium,Healthy,25.8,366.0,3.2,5.3,8008,1485,72.0,1.6,5.6,Low,0.1999999999999993
29,Male,High,Average,33.1,161.0,3.2,6.7,17961,2413,60.0,1.8,3.8,Low,2.0999999999999996
30,Female,High,Average,27.4,348.0,1.9,7.1,12524,2080,68.0,1.8,4.0,Medium,1.2999999999999998
58,Female,Medium,Healthy,19.3,86.0,0.6,4.9,8837,1270,51.0,1.2,4.7,Low,0.7999999999999998
19,Female,Medium,Healthy,22.5,0.0,2.2,10.7,7734,1243,60.0,1.5,3.4,Low,0.40000000000000036
54,Male,Low,Average,24.3,160.0,2.9,5.0,1000,1296,75.0,1.8,4.6,Low,0.20000000000000018
62,Male,Low,Healthy,21.5,114.0,2.5,2.0,5074,1149,65.0,1.6,4.2,Low,2.4000000000000004
33,Male,Low,Average,23.5,75.0,2.6,4.5,3360,1374,72.0,2.5,6.3,Low,0.3000000000000007
65,Male,High,Healthy,19.5,78.0,2.8,4.9,15977,1867,50.0,2.1,4.1,Low,0.09999999999999964
52,Female,High,Unhealthy,25.9,126.0,1.5,7.6,11033,1367,69.0,2.2,4.0,Low,1.0
39,Male,Medium,Average,21.0,60.0,3.1,8.5,7651,1814,62.0,1.8,3.4,Low,0.5
53,Male,Low,Average,32.8,470.0,1.8,11.7,3952,1824,90.0,1.8,2.9,High,1.7999999999999998
28,Male,Medium,Healthy,25.3,268.0,1.5,7.1,8368,1350,67.0,1.2,3.7,Low,1.4000000000000004
63,Female,Medium,Unhealthy,21.7,223.0,2.9,9.1,9024,1245,66.0,1.7,4.3,Low,0.09999999999999964
46,Female,Medium,Average,18.5,190.0,1.6,5.9,8061,1152,54.0,1.4,4.8,Low,0.9000000000000004
52,Female,Medium,Average,25.2,299.0,1.8,7.7,11492,1780,67.0,2.0,4.4,Low,1.4000000000000004
65,Male,Medium,Unhealthy,24.0,279.0,3.8,6.1,9681,1103,64.0,1.8,2.9,Low,2.5
32,Male,Medium,Unhealthy,28.1,44.0,3.8,6.6,9991,1944,62.0,1.7,4.3,Low,0.40000000000000036
48,Male,Medium,Unhealthy,24.4,0.0,3.5,7.4,9649,1468,57.0,1.4,4.2,Low,1.4000000000000004
59,Male,Medium,Average,20.2,0.0,3.1,9.5,8152,1632,56.0,1.5,4.1,Low,0.7999999999999998
58,Female,Low,Unhealthy,31.7,468.0,3.4,6.9,5097,1866,87.0,1.0,4.7,Medium,1.2999999999999998
60,Other,Medium,Unhealthy,26.7,133.0,4.1,6.9,10497,1933,60.0,1.5,4.5,Low,0.9000000000000004
33,Female,Low,Average,24.0,288.0,3.4,7.8,4189,1320,77.0,0.9,2.3,High,2.2
27,Female,Low,Unhealthy,25.7,230.0,2.7,9.2,5576,1557,69.0,1.4,3.5,Medium,2.5999999999999996
66,Female,Low,Average,26.9,336.0,3.2,3.5,2046,1703,79.0,1.8,4.1,Medium,1.9000000000000004
49,Male,Low,Average,19.3,190.0,2.1,7.6,5648,1020,61.0,1.5,4.6,Low,1.2000000000000002
68,Other,High,Average,25.6,0.0,2.6,3.7,11687,1835,58.0,2.1,6.6,Low,1.3000000000000007
19,Male,Medium,Average,23.2,44.0,2.7,10.3,5391,1482,63.0,1.4,2.6,Medium,1.4000000000000004
41,Female,High,Average,27.0,147.0,2.4,7.8,13162,2148,58.0,1.7,4.8,Medium,0.3000000000000007
40,Male,Low,Unhealthy,22.0,0.0,2.2,10.1,4311,1144,61.0,1.2,2.6,Medium,2.5999999999999996
19,Male,Low,Healthy,22.6,71.0,3.5,2.8,4502,1140,67.0,2.1,5.2,Low,0.09999999999999964
55,Female,Medium,Unhealthy,31.7,20.0,1.7,6.6,10580,2246,63.0,2.3,6.2,Low,0.5999999999999996
48,Male,Medium,Average,29.9,150.0,2.6,9.2,6885,1725,72.0,1.8,3.5,Low,2.0
57,Male,Medium,Unhealthy,29.6,217.0,0.9,7.9,11292,1832,64.0,2.4,4.7,Low,1.0999999999999996
43,Male,High,Healthy,24.7,328.0,3.5,5.9,14676,1544,56.0,2.0,4.8,Low,0.20000000000000018
46,Female,Medium,Unhealthy,22.2,163.0,3.5,6.3,6344,1358,62.0,1.9,4.1,Low,1.9000000000000004
20,Female,Medium,Average,21.0,0.0,2.1,4.4,12981,993,52.0,1.1,3.1,Low,1.5
31,Male,Medium,Unhealthy,21.2,0.0,2.5,10.7,11449,1571,51.0,1.6,3.5,Medium,0.5999999999999996
42,Male,Medium,Healthy,22.3,224.0,2.3,8.6,8380,1141,67.0,2.1,4.2,Low,0.9000000000000004
65,Female,Medium,Healthy,20.5,100.0,2.3,6.6,5275,1489,61.0,1.1,3.5,Low,1.7000000000000002
18,Male,Medium,Unhealthy,19.6,176.0,2.1,8.4,9241,1208,57.0,1.3,3.8,Low,0.7000000000000002
20,Male,Low,Healthy,20.8,249.0,2.9,6.7,3115,998,68.0,1.8,3.8,Medium,1.2999999999999998
43,Male,Medium,Unhealthy,26.3,416.0,2.2,6.2,9748,1713,69.0,1.4,3.4,Medium,2.2
35,Female,High,Unhealthy,25.2,0.0,2.8,5.1,14688,1926,53.0,1.7,3.8,Low,0.7000000000000002
26,Male,Low,Healthy,27.2,48.0,3.8,5.2,1605,1431,76.0,1.3,5.2,Low,0.9000000000000004
55,Male,Medium,Average,24.7,187.0,2.8,8.0,5640,1136,71.0,1.4,4.3,Low,1.0999999999999996
40,Female,Medium,Healthy,19.8,28.0,2.6,9.6,6475,1272,59.0,1.1,3.3,Low,0.9000000000000004
38,Male,Medium,Average,27.0,0.0,2.0,6.2,11281,1785,61.0,1.8,4.5,Low,1.2999999999999998
18,Female,High,Average,21.0,396.0,2.5,5.0,12050,1508,63.0,1.6,4.9,Low,1.4000000000000004
38,Male,Medium,Average,27.6,42.0,1.2,9.4,3452,1633,72.0,2.3,5.0,Low,0.5999999999999996
44,Male,High,Unhealthy,20.3,3.0,3.7,7.2,13395,1396,53.0,1.7,4.6,Low,0.2999999999999998
59,Male,Medium,Healthy,22.3,27.0,1.7,2.0,7477,1187,61.0,1.2,4.5,Low,0.2999999999999998
23,Male,Low,Average,23.6,362.0,1.0,5.2,6384,1558,62.0,1.6,4.8,Medium,1.5999999999999996
61,Female,Medium,Average,27.7,95.0,2.4,8.2,11029,1436,64.0,1.4,3.3,Medium,2.0
53,Female,High,Healthy,25.7,0.0,2.8,5.0,10073,1744,64.0,1.5,4.1,Low,0.0
45,Male,High,Average,25.1,73.0,3.6,7.1,15180,1619,55.0,3.2,5.9,Low,1.3000000000000007
62,Male,Low,Average,32.5,192.0,2.7,3.9,5187,2112,79.0,1.2,4.2,Low,0.9000000000000004
34,Male,Medium,Unhealthy,17.7,333.0,3.2,6.0,7757,904,59.0,1.5,3.7,Low,1.2999999999999998
57,Female,Medium,Average,20.8,321.0,3.2,4.3,8352,1087,68.0,1.9,4.9,Low,0.5999999999999996
69,Female,Medium,Average,20.7,83.0,3.2,3.9,10211,1909,56.0,1.6,3.7,Low,0.5999999999999996
20,Male,Low,Average,17.9,120.0,1.6,5.1,4439,1325,58.0,1.4,3.3,Medium,1.5
29,Female,Low,Unhealthy,22.1,515.0,2.9,9.2,5005,1143,74.0,1.9,3.5,Medium,2.3
56,Female,Medium,Unhealthy,27.8,349.0,1.4,8.0,10813,1575,66.0,1.4,3.1,Low,1.9000000000000004
29,Female,Medium,Average,22.6,162.0,4.1,12.1,7106,1228,57.0,1.7,3.4,Medium,0.9000000000000004
19,Male,High,Average,23.7,0.0,3.1,5.5,16388,1912,50.0,1.8,5.4,Low,0.5999999999999996
63,Male,High,Average,18.1,131.0,2.0,9.5,12666,1468,50.0,1.7,3.5,Low,1.7000000000000002
39,Male,Medium,Average,21.8,1.0,2.8,11.6,10147,1416,54.0,1.7,3.1,Medium,0.2999999999999998
40,Female,High,Average,23.2,70.0,1.7,9.8,12135,1988,55.0,2.7,5.2,Low,0.0
47,Female,Medium,Average,27.6,55.0,1.3,9.8,8869,1577,66.0,1.2,3.4,Medium,0.9000000000000004
22,Female,High,Healthy,18.3,165.0,3.2,7.3,13316,1069,50.0,1.4,4.6,Low,1.0999999999999996
26,Male,Low,Average,23.2,210.0,1.7,7.6,4880,1889,66.0,1.6,3.2,Medium,3.2
38,Male,Low,Healthy,29.3,90.0,2.4,4.7,2732,1757,73.0,1.8,5.9,Low,1.0999999999999996
28,Male,Medium,Healthy,23.2,8.0,2.7,2.0,7444,1416,60.0,3.1,7.2,Low,1.5999999999999996
22,Female,High,Average,17.5,173.0,2.4,7.5,13842,1470,50.0,2.2,4.4,Low,0.5
52,Male,High,Average,30.1,125.0,1.7,4.6,10776,1960,60.0,2.5,4.6,Low,0.09999999999999964
44,Male,Medium,Unhealthy,27.9,0.0,2.5,5.9,6784,1341,69.0,1.9,5.1,Low,1.2999999999999998
66,Female,Medium,Average,28.5,291.0,2.6,4.9,4720,1610,77.0,1.2,3.7,Medium,2.9000000000000004
19,Male,Medium,Average,18.0,90.0,3.2,7.8,8754,1336,53.0,2.4,4.6,Low,1.2000000000000002
41,Male,High,Unhealthy,31.0,159.0,4.5,6.5,16382,2281,65.0,0.9,2.8,Low,2.2
48,Male,Medium,Healthy,21.9,167.0,0.9,10.1,5217,826,70.0,1.9,3.4,Low,0.7999999999999998
50,Female,Medium,Healthy,23.0,197.0,1.9,5.2,5657,1413,69.0,1.6,4.4,Low,0.7000000000000002
56,Female,Low,Average,22.2,221.0,2.7,7.5,2561,1305,69.0,1.6,4.2,Medium,1.9000000000000004
47,Female,Medium,Average,28.8,4.0,3.3,6.5,5453,1647,75.0,2.7,5.6,Low,0.09999999999999964
63,Female,Medium,Average,24.3,246.0,2.8,6.3,8798,1324,62.0,2.7,4.3,Low,0.20000000000000018
54,Female,High,Unhealthy,26.9,148.0,3.4,6.8,11924,2084,61.0,1.6,4.8,Low,0.5
68,Female,Medium,Average,25.3,362.0,1.3,10.8,8500,1598,70.0,2.0,2.8,High,2.0
45,Female,Medium,Average,24.6,322.0,2.2,9.1,6504,1447,64.0,2.2,3.9,Medium,1.5999999999999996
48,Female,High,Healthy,21.2,398.0,3.7,5.9,12978,1547,59.0,2.1,5.2,Low,0.5999999999999996
28,Male,Low,Average,32.2,59.0,1.8,5.5,5557,1539,73.0,1.3,5.8,Medium,0.5999999999999996
40,Male,Low,Unhealthy,19.1,392.0,0.5,5.0,2266,1436,70.0,2.5,4.2,Low,0.7999999999999998
19,Male,Medium,Average,26.6,214.0,1.8,7.3,6876,1830,67.0,2.8,4.8,Low,0.40000000000000036
57,Female,Medium,Healthy,26.5,303.0,2.8,3.2,8835,1540,72.0,1.8,3.4,Low,1.7000000000000002
58,Female,Medium,Average,29.6,301.0,2.4,6.5,7362,1389,74.0,0.7,2.6,High,3.5999999999999996
44,Female,High,Average,30.6,268.0,1.5,8.0,14565,2217,65.0,1.6,5.0,Medium,0.7999999999999998
52,Male,Medium,Average,24.5,36.0,1.9,5.2,8003,1694,67.0,1.4,5.2,Low,0.09999999999999964
19,Male,Low,Average,27.1,343.0,1.4,7.1,1739,1437,84.0,1.1,2.4,High,2.0999999999999996
56,Male,Medium,Average,32.1,252.0,1.5,7.7,10798,1969,72.0,2.0,4.4,Low,0.9000000000000004
54,Female,Low,Average,24.7,0.0,1.8,2.6,3850,1055,66.0,2.0,6.3,Low,0.8000000000000007
22,Female,Low,Unhealthy,23.5,18.0,0.6,5.9,4507,1018,68.0,1.6,3.4,Low,1.5
69,Male,High,Unhealthy,19.8,0.0,3.6,11.6,17949,1763,50.0,1.4,4.1,Medium,0.40000000000000036
62,Male,Medium,Healthy,26.5,327.0,2.4,7.5,10044,1872,62.0,1.4,3.5,Low,2.2
38,Female,Low,Average,29.3,0.0,1.6,4.7,5843,1637,69.0,2.4,5.6,Low,0.9000000000000004
37,Male,Medium,Healthy,18.5,496.0,2.0,6.9,11574,883,57.0,0.9,4.6,Low,2.5999999999999996
55,Female,Medium,Unhealthy,29.1,132.0,2.5,10.3,7056,1551,75.0,1.2,3.0,High,2.9000000000000004
37,Male,Medium,Healthy,17.9,298.0,2.6,5.5,8725,1148,57.0,2.1,4.3,Low,1.5
67,Other,High,Average,18.8,368.0,2.3,7.8,16589,1280,50.0,1.4,3.3,Medium,0.7999999999999998
42,Female,Medium,Healthy,24.3,316.0,1.9,8.9,14344,2045,56.0,2.3,3.9,Low,0.9000000000000004
19,Male,Medium,Average,26.0,222.0,2.5,8.7,10187,1552,64.0,1.5,3.2,Low,2.4000000000000004
49,Female,High,Healthy,26.7,194.0,0.8,7.0,12421,1738,58.0,1.0,3.8,Low,1.2999999999999998
43,Male,Medium,Average,24.7,280.0,1.5,5.4,8538,1933,71.0,2.5,5.6,Low,0.5
23,Female,Low,Healthy,32.0,166.0,2.0,6.4,1980,1883,86.0,2.0,3.2,Low,2.0
58,Female,Low,Average,25.3,304.0,1.4,4.3,6204,1864,68.0,2.0,5.2,Medium,1.7999999999999998
20,Female,High,Unhealthy,29.1,161.0,2.3,4.6,4619,1894,79.0,2.3,5.5,Low,0.9000000000000004
50,Male,High,Healthy,28.1,178.0,1.4,9.5,13482,2082,66.0,2.0,3.5,Medium,1.2000000000000002
18,Male,Low,Average,19.8,482.0,3.9,7.8,7293,1121,69.0,0.9,3.7,Medium,2.7
22,Female,Low,Healthy,33.5,202.0,3.7,5.2,4734,2023,82.0,2.5,4.5,Low,0.5
30,Female,Medium,Healthy,23.0,264.0,0.9,10.0,5616,1265,71.0,1.5,3.1,Low,1.2000000000000002
36,Male,Low,Healthy,22.3,274.0,4.1,6.4,5996,885,69.0,1.4,3.8,Low,1.2999999999999998
29,Female,Low,Average,25.7,243.0,3.0,7.3,2628,1477,73.0,1.2,4.1,Medium,1.9000000000000004
65,Male,High,Unhealthy,23.1,12.0,3.1,9.9,11281,1652,58.0,1.9,5.3,Low,0.6999999999999993
42,Male,Medium,Unhealthy,21.8,224.0,1.4,5.2,10658,1256,60.0,1.3,5.2,Low,0.20000000000000018
68,Male,Low,Unhealthy,23.1,236.0,2.2,5.4,2578,1537,70.0,2.0,4.3,Low,1.5
52,Male,High,Average,30.7,370.0,2.3,9.6,9609,1745,69.0,1.5,3.5,Medium,1.2000000000000002
29,Male,Medium,Unhealthy,24.5,310.0,2.4,9.0,6071,1913,72.0,1.0,3.0,Low,2.2
47,Female,Medium,Average,19.7,380.0,3.5,7.9,8378,1582,63.0,2.3,4.4,Medium,1.4000000000000004
22,Male,High,Average,19.0,49.0,3.1,2.0,12492,1651,50.0,1.6,5.6,Low,0.3000000000000007
51,Male,Medium,Average,33.8,50.0,2.4,10.2,11633,2033,72.0,2.2,4.4,Low,0.9000000000000004
39,Female,Low,Healthy,24.1,249.0,3.3,5.5,4051,1401,74.0,2.0,5.3,Medium,0.09999999999999964
56,Male,Low,Unhealthy,26.7,369.0,3.4,5.6,2139,1474,82.0,1.6,4.5,Low,0.7000000000000002
30,Female,Medium,Healthy,21.9,169.0,2.0,6.5,4264,1207,68.0,1.8,3.7,Low,1.5999999999999996
64,Male,Low,Average,26.3,88.0,2.0,4.0,5350,1532,66.0,2.1,5.1,Low,1.5
20,Female,Medium,Average,30.8,0.0,4.2,10.0,8600,2230,65.0,1.1,3.2,Low,0.9000000000000004
37,Female,Low,Healthy,22.4,254.0,2.3,7.4,4912,1176,73.0,1.2,4.0,Medium,0.7000000000000002
48,Male,Medium,Average,26.8,183.0,2.0,8.7,7146,1717,70.0,2.9,4.8,Medium,0.5
22,Female,Low,Average,19.4,134.0,2.4,5.1,4231,1026,61.0,1.2,3.3,Medium,1.9000000000000004
41,Female,Medium,Unhealthy,33.1,335.0,3.4,9.5,10381,1755,75.0,1.1,2.7,Medium,0.9000000000000004
57,Female,Medium,Average,26.1,186.0,3.1,10.6,8011,1837,69.0,1.3,2.6,Medium,1.9000000000000004
50,Male,Medium,Average,23.3,200.0,2.4,3.8,5705,1474,66.0,1.6,5.3,Low,0.5999999999999996
25,Male,Medium,Healthy,23.8,334.0,3.0,4.2,9445,1764,66.0,1.6,4.2,Low,1.4000000000000004
41,Female,High,Average,23.0,528.0,2.7,5.0,12953,1476,66.0,2.6,5.8,Medium,0.09999999999999964
67,Female,Medium,Healthy,23.2,133.0,2.4,9.3,9932,1432,65.0,2.9,5.0,Low,0.8000000000000007
33,Male,Medium,Healthy,24.6,51.0,2.6,6.8,9723,1773,63.0,1.6,4.1,Low,1.4000000000000004
67,Male,Medium,Average,24.4,271.0,2.2,7.9,9014,1819,67.0,1.6,3.5,Low,1.7999999999999998
69,Male,Low,Average,27.0,36.0,2.6,11.8,5947,1567,70.0,1.2,2.5,Medium,2.0999999999999996
29,Male,Low,Average,22.9,144.0,2.5,2.6,5443,1463,64.0,1.3,4.7,Low,1.0999999999999996
62,Male,Medium,Average,25.0,433.0,2.1,2.0,4252,1343,75.0,2.1,6.4,Low,0.9000000000000004
59,Male,Low,Healthy,18.6,378.0,2.3,8.3,3884,1141,70.0,1.9,3.3,Medium,2.2
56,Female,Low,Average,25.6,0.0,4.0,9.7,4902,1446,69.0,2.3,4.4,High,0.9000000000000004
42,Male,Low,Average,17.6,437.0,2.4,6.2,2911,1038,74.0,2.0,4.4,Medium,1.0999999999999996
63,Male,High,Average,29.5,17.0,2.7,8.6,15336,2365,60.0,1.6,5.0,Low,0.09999999999999964
49,Male,Low,Healthy,27.7,224.0,4.2,3.2,4605,1450,70.0,2.0,5.8,Low,0.6999999999999993
65,Female,Medium,Unhealthy,27.6,141.0,1.3,13.1,6730,1824,74.0,1.1,2.3,Medium,2.7
64,Female,Medium,Average,25.4,52.0,1.9,6.0,5961,1810,63.0,2.3,4.7,Low,1.5
61,Male,Medium,Healthy,21.0,451.0,2.2,8.0,12958,1276,59.0,1.9,3.9,Low,0.5999999999999996
26,Female,Medium,Healthy,17.5,178.0,2.3,5.5,3758,957,64.0,2.4,5.3,Low,0.5
67,Male,Medium,Healthy,21.8,39.0,1.5,9.8,13200,1626,53.0,1.2,2.1,Medium,2.7
40,Female,Low,Average,29.4,0.0,3.3,8.5,2450,1595,74.0,2.0,3.8,Medium,0.40000000000000036
67,Female,Medium,Average,25.1,133.0,2.1,6.7,6874,1543,67.0,1.2,5.1,Low,0.5999999999999996
30,Female,High,Unhealthy,22.2,278.0,3.4,6.7,16040,1604,53.0,2.0,4.1,Low,2.0
67,Female,Low,Average,27.3,346.0,4.1,9.5,4664,1546,77.0,2.3,4.7,Medium,1.2999999999999998
66,Male,Low,Average,19.5,280.0,1.7,7.4,4262,1009,65.0,1.7,3.4,Medium,2.2
22,Female,Low,Healthy,21.8,215.0,2.5,4.7,3919,1424,70.0,1.4,5.1,Low,0.2999999999999998
39,Male,Low,Healthy,24.4,341.0,1.7,5.9,2681,1287,77.0,1.6,3.9,Medium,0.2999999999999998
58,Male,Low,Average,26.0,336.0,1.9,9.5,4840,1279,73.0,2.0,3.8,Medium,0.9000000000000004
27,Male,Medium,Average,29.3,307.0,3.8,8.8,9169,1950,70.0,1.5,3.3,Medium,2.7
41,Male,Medium,Healthy,27.5,404.0,1.7,6.3,10138,2225,70.0,1.4,4.3,Medium,1.2999999999999998
35,Male,Medium,Healthy,27.3,324.0,2.9,8.2,7919,1786,72.0,1.9,4.6,Low,1.5
35,Male,Medium,Average,30.1,118.0,2.1,8.9,5231,1764,76.0,1.9,4.1,Medium,1.5
24,Male,Medium,Average,23.7,325.0,4.1,7.0,7077,1336,67.0,1.3,3.9,Low,0.0
21,Male,Low,Healthy,23.8,0.0,2.2,5.8,1971,1460,68.0,0.9,2.6,Low,2.7
43,Male,High,Unhealthy,17.5,342.0,2.6,5.2,11867,1325,50.0,1.9,5.9,Low,0.5
33,Male,Low,Average,24.7,340.0,3.8,6.7,3017,1713,75.0,1.7,5.8,Medium,0.0
52,Female,Medium,Average,36.7,451.0,1.3,5.8,11566,2190,87.0,1.9,4.4,Low,0.7000000000000002
43,Male,Medium,Average,23.4,320.0,4.3,5.8,7753,1633,73.0,1.5,4.3,Low,0.9000000000000004
35,Male,Medium,Unhealthy,25.4,138.0,3.7,3.9,11144,1598,62.0,1.9,5.6,Low,0.3000000000000007
46,Female,Medium,Healthy,27.2,36.0,2.8,7.4,8835,1946,62.0,1.0,3.1,Low,1.2000000000000002
40,Male,Low,Unhealthy,20.6,280.0,3.0,7.7,3066,976,70.0,1.6,4.3,Medium,0.9000000000000004
31,Male,Low,Average,26.4,157.0,2.3,3.3,3815,1519,74.0,2.1,5.5,Low,0.7999999999999998
66,Male,Medium,Unhealthy,23.8,123.0,2.8,2.9,7337,1637,64.0,2.4,5.3,Low,0.09999999999999964
50,Female,Medium,Average,29.7,60.0,1.8,10.0,5378,1495,69.0,2.0,4.6,Medium,0.7000000000000002
42,Female,High,Average,21.4,163.0,3.7,8.5,15795,1793,50.0,2.4,3.9,Low,1.0
38,Female,Medium,Healthy,26.1,275.0,2.7,9.8,7130,1633,68.0,1.3,3.0,Medium,1.5
34,Female,Low,Unhealthy,30.8,218.0,2.6,11.1,3544,1454,80.0,1.1,3.4,High,1.7000000000000002
40,Male,Low,Average,22.2,78.0,1.8,8.1,3373,1476,66.0,1.1,3.8,High,1.5
60,Male,High,Unhealthy,23.8,470.0,3.4,6.8,16695,2179,58.0,1.6,5.1,Low,0.2999999999999998
34,Male,Medium,Unhealthy,34.4,179.0,2.5,7.5,6220,1980,82.0,2.1,4.2,Medium,0.09999999999999964
31,Male,Medium,Healthy,26.9,0.0,2.1,5.4,6088,1561,69.0,2.8,5.5,Low,1.3000000000000007
46,Female,Low,Average,23.0,339.0,1.6,5.0,4513,1257,78.0,1.0,3.8,Low,1.7999999999999998
37,Female,Medium,Unhealthy,28.2,198.0,2.4,5.9,10172,2323,66.0,2.7,5.5,Low,0.09999999999999964
47,Female,Medium,Average,22.7,174.0,1.6,6.4,8662,1669,66.0,1.6,4.4,Low,0.7000000000000002
36,Female,Low,Average,18.7,171.0,2.8,2.8,7280,1083,56.0,2.3,5.7,Low,0.7999999999999998
30,Female,Medium,Average,20.6,450.0,2.2,3.8,3666,1091,74.0,1.8,4.7,Medium,1.2000000000000002
35,Female,Medium,Average,34.8,269.0,2.7,3.7,8974,2014,83.0,1.2,5.0,Low,1.0
40,Female,High,Average,23.0,239.0,3.5,8.6,13540,1742,54.0,2.3,3.9,Medium,0.9000000000000004
63,Male,Medium,Average,33.5,160.0,2.4,6.2,8943,2041,76.0,1.5,4.1,Low,1.5
50,Female,Low,Healthy,19.5,459.0,2.4,6.5,5284,1415,67.0,2.5,5.1,Low,0.5
56,Male,High,Average,29.1,326.0,2.5,8.0,9423,1290,75.0,1.4,3.6,Low,0.7999999999999998
57,Female,Low,Unhealthy,27.0,348.0,2.1,9.1,3569,1600,82.0,2.4,4.3,Medium,1.0
35,Female,High,Average,28.4,241.0,2.2,8.1,15758,2229,61.0,2.3,5.0,Low,0.5
26,Male,High,Unhealthy,28.9,349.0,1.9,11.1,14766,1676,61.0,1.9,2.9,High,2.0999999999999996
50,Female,Low,Average,23.0,258.0,2.8,7.1,3735,1125,73.0,2.2,4.6,Medium,0.8000000000000007
49,Female,Medium,Unhealthy,19.8,144.0,2.4,7.5,9476,1272,52.0,1.9,3.8,Medium,1.0
34,Male,Low,Average,24.8,255.0,3.0,5.5,5494,1561,71.0,1.6,4.5,Low,0.7000000000000002
36,Female,Medium,Unhealthy,25.9,514.0,3.3,2.3,3897,1368,78.0,2.2,5.1,Low,0.5999999999999996
44,Female,Medium,Average,23.1,230.0,1.7,7.2,11151,1594,60.0,2.0,3.2,Low,1.9000000000000004
23,Female,Low,Average,26.1,390.0,1.8,9.2,2165,1233,80.0,1.6,4.0,Medium,2.4000000000000004
52,Female,Low,Unhealthy,26.3,378.0,3.1,5.1,4893,1523,77.0,1.6,4.2,Low,1.5
51,Female,Medium,Healthy,26.6,448.0,2.6,9.4,10509,1574,66.0,1.4,2.2,Medium,2.5
42,Male,Medium,Average,22.2,0.0,1.7,4.7,9178,1649,60.0,2.4,6.3,Low,0.40000000000000036
21,Female,Medium,Average,28.1,459.0,2.9,4.6,8443,1795,76.0,1.1,3.7,Medium,2.2
27,Female,High,Average,21.9,102.0,2.7,8.6,12388,1545,50.0,2.0,4.4,Low,0.09999999999999964
27,Female,Low,Average,23.2,216.0,1.7,6.7,2514,1462,74.0,0.9,3.2,Medium,2.0999999999999996
41,Female,Medium,Healthy,25.3,462.0,2.4,6.6,5233,1382,77.0,2.0,3.8,Low,2.0999999999999996
38,Female,Medium,Average,30.5,229.0,2.4,3.6,6748,1778,74.0,2.4,4.8,Low,1.0
28,Male,High,Healthy,25.8,453.0,3.1,8.2,16736,2193,56.0,3.0,5.2,Medium,0.5999999999999996
44,Other,Medium,Average,27.1,141.0,3.4,9.6,5996,1508,69.0,2.2,4.3,Medium,1.0999999999999996
33,Male,High,Unhealthy,23.8,292.0,2.5,6.1,17627,1786,55.0,2.5,5.1,Low,0.5
43,Female,Medium,Unhealthy,24.7,208.0,1.2,8.0,5948,1621,72.0,1.1,4.7,Low,1.4000000000000004
47,Female,Medium,Average,24.8,423.0,3.1,6.0,7671,1347,74.0,1.1,4.1,Low,2.0999999999999996
66,Female,Medium,Average,26.2,160.0,4.3,8.5,8902,1906,67.0,2.1,3.3,Medium,0.7000000000000002
24,Female,Medium,Healthy,30.4,129.0,2.3,6.0,7266,1825,68.0,1.3,6.1,Low,0.1999999999999993
33,Female,Low,Unhealthy,23.5,136.0,2.8,2.0,4721,1233,68.0,1.5,5.1,Low,1.4000000000000004
52,Female,High,Average,18.2,102.0,3.1,5.0,14637,1563,50.0,3.0,5.6,Low,0.8000000000000007
33,Male,Medium,Average,36.0,96.0,2.6,7.9,7500,2392,81.0,2.5,5.0,Low,0.7999999999999998
57,Female,High,Average,23.7,368.0,3.6,9.2,10883,1388,61.0,1.5,3.2,Medium,1.7999999999999998
29,Female,Medium,Healthy,30.3,411.0,1.6,5.5,8880,1589,77.0,1.9,3.9,Medium,1.0999999999999996
52,Female,Low,Healthy,30.6,258.0,2.2,10.4,4041,1921,78.0,1.3,2.9,High,2.3
66,Female,Medium,Healthy,28.8,102.0,2.9,10.7,7360,1688,69.0,1.6,4.6,Medium,0.40000000000000036
38,Male,Medium,Average,24.2,112.0,3.1,8.7,8229,1522,60.0,2.3,4.8,Medium,1.2000000000000002
67,Male,High,Healthy,26.1,0.0,2.1,4.2,15713,1880,54.0,2.2,4.9,Low,0.5999999999999996
60,Male,Medium,Unhealthy,19.9,256.0,2.1,8.8,4640,1108,68.0,1.2,2.9,High,1.9000000000000004
53,Male,Low,Average,33.0,97.0,2.0,5.7,3180,1594,78.0,1.3,4.7,Low,1.4000000000000004
65,Other,Medium,Unhealthy,21.6,420.0,1.9,5.5,6051,1273,69.0,2.3,5.7,Medium,0.09999999999999964
34,Male,Medium,Unhealthy,24.0,0.0,2.9,8.1,6202,1279,59.0,1.4,3.3,Low,1.7999999999999998
49,Male,Medium,Average,25.4,111.0,2.5,8.1,6422,1727,62.0,1.7,3.6,Medium,1.0999999999999996
58,Male,Medium,Healthy,24.6,185.0,3.5,8.1,10196,1527,58.0,2.2,4.3,Low,1.0
41,Male,Low,Healthy,30.6,470.0,2.4,6.9,2350,1757,86.0,1.8,4.3,Medium,2.7
44,Male,Medium,Healthy,28.8,0.0,3.1,3.4,8371,1574,67.0,2.9,6.2,Low,1.3000000000000007
37,Male,Low,Average,26.3,154.0,2.8,12.2,4642,1288,71.0,1.2,3.6,High,1.9000000000000004
42,Male,Medium,Average,23.4,0.0,1.6,6.0,7282,1417,64.0,1.6,3.4,Low,1.7000000000000002
19,Other,Medium,Healthy,29.3,318.0,3.4,5.2,5425,1535,77.0,1.3,3.3,Low,1.7999999999999998
26,Male,High,Average,23.1,102.0,2.6,4.0,10734,1436,61.0,1.7,5.1,Low,0.0
55,Other,Medium,Average,25.4,174.0,2.4,7.1,12279,1816,62.0,1.3,3.4,Low,2.2
20,Female,Medium,Unhealthy,29.9,217.0,3.4,6.7,4542,1922,78.0,1.7,3.9,Low,0.9000000000000004
37,Other,Medium,Average,24.5,176.0,2.2,10.7,5491,1230,65.0,1.6,2.9,Medium,2.4000000000000004
23,Female,Low,Unhealthy,25.3,54.0,2.3,8.6,3964,1056,75.0,1.8,4.0,Medium,0.40000000000000036
56,Female,Low,Average,29.9,212.0,2.9,4.5,1258,1399,88.0,1.8,3.9,Medium,0.5999999999999996
50,Female,Medium,Healthy,33.8,80.0,1.1,12.2,5682,2132,78.0,1.4,2.7,Medium,1.7000000000000002
18,Male,High,Average,31.2,322.0,0.9,3.2,14344,2008,66.0,2.5,6.5,Low,2.1999999999999993
23,Female,Medium,Average,27.4,44.0,1.5,5.2,8819,1616,65.0,2.0,5.2,Medium,0.7000000000000002
62,Female,Medium,Average,23.0,561.0,0.7,7.9,9430,1644,71.0,1.2,4.8,Medium,0.5999999999999996
51,Female,High,Unhealthy,26.2,448.0,3.1,8.6,13879,1859,65.0,1.3,3.9,Medium,0.5999999999999996
64,Female,Low,Average,21.3,566.0,1.9,6.0,2966,791,77.0,0.9,2.5,Medium,2.4000000000000004
62,Female,High,Average,26.8,74.0,2.6,7.5,18171,2162,50.0,1.6,4.7,Low,0.40000000000000036
43,Male,Low,Healthy,17.5,320.0,2.9,10.7,4926,1062,68.0,0.7,1.7,Medium,3.9000000000000004
31,Male,Medium,Average,25.2,366.0,2.7,9.3,6272,1423,77.0,1.7,4.3,Medium,2.0
24,Female,Medium,Unhealthy,26.7,229.0,2.7,5.8,9228,1670,68.0,2.4,4.8,Low,0.40000000000000036
63,Male,Medium,Average,24.7,0.0,2.9,9.6,9118,1629,64.0,1.6,3.6,Low,1.5999999999999996
48,Female,Medium,Average,26.4,52.0,2.1,5.4,5525,996,67.0,2.4,5.9,Low,0.5
41,Female,High,Average,19.6,263.0,1.9,8.6,13300,1400,55.0,2.1,4.3,Medium,1.5
48,Male,Low,Average,21.9,100.0,0.6,8.3,4849,1127,65.0,1.4,4.4,Medium,0.9000000000000004
46,Female,Low,Average,29.1,0.0,3.0,5.7,5741,1823,71.0,1.8,4.6,Low,0.5
59,Female,Medium,Healthy,25.0,161.0,2.0,2.0,6706,1669,67.0,1.6,4.8,Low,1.0999999999999996
49,Male,Medium,Average,26.4,0.0,4.1,10.7,5085,1557,68.0,1.7,3.1,Medium,2.5
34,Male,Medium,Average,22.8,109.0,3.1,8.0,9017,1523,53.0,1.6,4.3,Low,0.40000000000000036
31,Female,High,Unhealthy,25.1,136.0,3.3,7.1,13255,1382,54.0,1.6,3.7,Medium,1.0
53,Female,Low,Healthy,28.4,282.0,2.9,9.4,4285,1520,76.0,1.0,3.3,Medium,1.7999999999999998
65,Male,Medium,Average,32.2,256.0,2.9,12.5,8297,1920,73.0,2.0,2.9,High,1.9000000000000004
41,Female,Low,Average,20.7,334.0,3.0,9.3,3379,1169,66.0,2.1,4.2,Medium,1.2000000000000002
44,Male,Medium,Average,26.8,0.0,2.0,7.7,6302,1787,67.0,1.4,3.8,Low,0.9000000000000004
42,Female,Medium,Average,30.9,206.0,1.6,7.9,8530,1681,82.0,1.0,2.8,Medium,2.5
49,Female,High,Unhealthy,25.0,68.0,2.8,4.5,15170,1403,53.0,2.3,6.1,Low,0.5999999999999996
69,Female,Medium,Unhealthy,20.1,0.0,3.5,8.5,7608,1466,56.0,1.4,3.4,Low,2.2
35,Female,Low,Healthy,24.2,286.0,2.4,3.7,5189,1235,67.0,1.6,5.4,Low,0.20000000000000018
63,Female,Medium,Average,20.9,0.0,2.6,8.1,7069,1466,56.0,2.1,4.3,Low,1.0999999999999996
35,Female,Medium,Healthy,22.3,302.0,1.4,5.8,12593,1269,61.0,1.1,3.9,Low,1.7000000000000002
54,Female,Medium,Healthy,23.8,6.0,2.1,9.2,8473,1447,65.0,2.1,3.8,Low,1.4000000000000004
43,Female,Medium,Unhealthy,21.3,156.0,1.5,8.0,10476,1291,55.0,2.4,4.5,Medium,0.7999999999999998
26,Male,Low,Average,21.9,115.0,1.6,6.1,5332,1386,66.0,2.2,5.3,Low,0.5
52,Other,Medium,Average,25.3,370.0,2.6,4.5,10847,1520,74.0,1.8,3.6,Low,1.5
25,Male,Medium,Average,25.9,289.0,2.5,10.7,8176,1700,75.0,1.2,2.7,Medium,2.4000000000000004
37,Male,High,Unhealthy,19.3,76.0,3.1,6.8,17381,1575,50.0,1.2,3.9,Low,1.2999999999999998
59,Male,Low,Unhealthy,26.6,176.0,3.1,11.3,6183,1445,68.0,0.9,2.2,Medium,3.4000000000000004
39,Male,Low,Healthy,23.5,399.0,1.8,3.9,4431,1532,71.0,1.7,5.1,Low,0.20000000000000018
36,Male,Medium,Unhealthy,27.9,423.0,1.0,6.4,6602,2049,70.0,1.6,4.2,Medium,1.2000000000000002
47,Male,Medium,Unhealthy,28.1,0.0,1.7,2.0,11659,1798,61.0,2.9,5.8,Low,0.8000000000000007
45,Male,Low,Average,22.8,397.0,1.9,8.9,4028,1146,79.0,1.7,3.7,High,0.9000000000000004
52,Female,Medium,Average,27.5,385.0,2.9,9.1,8157,1673,71.0,2.4,5.0,Medium,0.9000000000000004
28,Male,Medium,Healthy,30.3,186.0,2.5,5.4,6433,1413,75.0,2.3,5.2,Low,0.7999999999999998
48,Male,Medium,Average,21.8,117.0,3.1,6.0,8680,1234,60.0,1.7,3.6,Low,1.7000000000000002
66,Male,High,Unhealthy,26.4,11.0,4.5,6.4,15044,1620,51.0,1.6,5.3,Low,0.3000000000000007
65,Male,Low,Unhealthy,24.2,250.0,2.4,5.6,3984,1138,72.0,1.2,4.5,Medium,0.9000000000000004
53,Female,Medium,Average,28.6,265.0,1.8,5.8,7555,1274,74.0,1.5,4.1,Low,1.2000000000000002
47,Female,Medium,Average,22.5,268.0,2.8,2.3,7239,1489,67.0,1.6,7.0,Low,0.1999999999999993
40,Female,High,Average,18.2,577.0,3.4,6.4,16179,1483,51.0,2.1,4.5,Medium,1.7000000000000002
32,Male,High,Healthy,30.5,0.0,2.1,7.5,12435,1930,66.0,2.4,5.0,Low,0.09999999999999964
48,Female,Low,Healthy,30.0,258.0,1.6,2.2,5691,1972,79.0,1.4,5.0,Low,1.0
60,Male,Medium,Healthy,22.1,437.0,2.6,8.0,9782,1405,62.0,1.5,4.4,Low,3.0
54,Female,Medium,Average,23.5,135.0,2.6,6.9,7514,1757,64.0,1.6,4.4,Low,1.2999999999999998
46,Other,Medium,Unhealthy,21.2,244.0,2.8,3.3,4827,1261,69.0,2.3,4.1,Low,1.2000000000000002
67,Female,Medium,Average,28.9,51.0,1.6,9.2,7169,1444,71.0,1.8,3.4,Medium,0.5999999999999996
60,Female,High,Average,27.0,425.0,3.0,6.3,14826,2126,58.0,1.6,4.2,Medium,1.0
61,Female,Low,Average,19.7,115.0,2.2,7.0,2393,1126,70.0,1.6,3.4,Medium,0.0
19,Female,High,Average,25.4,0.0,2.4,6.3,14271,1643,51.0,2.4,5.7,Low,1.0
37,Female,High,Average,17.5,334.0,2.3,10.5,11003,1213,57.0,1.4,2.3,Medium,2.9000000000000004
69,Female,Medium,Average,26.0,201.0,4.2,9.4,7217,2059,72.0,1.9,4.0,Medium,1.7000000000000002
21,Female,Medium,Unhealthy,19.6,311.0,2.2,6.5,7723,1109,66.0,2.3,5.8,Low,0.7000000000000002
39,Male,Medium,Average,31.5,296.0,2.6,4.0,6355,2079,76.0,1.9,3.4,Low,1.5999999999999996
55,Other,Low,Average,27.1,82.0,2.1,10.0,3780,1633,76.0,1.6,2.1,High,2.2
40,Female,Low,Average,27.2,0.0,2.2,9.3,2892,1629,75.0,2.0,4.2,Medium,0.7999999999999998
43,Male,Low,Healthy,20.0,173.0,3.3,7.8,3818,1011,66.0,2.5,3.5,Low,0.5999999999999996
68,Male,High,Unhealthy,24.8,3.0,2.1,9.5,19204,1814,50.0,2.5,4.4,Low,0.3000000000000007
28,Female,Medium,Average,18.5,224.0,1.8,7.4,8669,1177,62.0,2.1,4.9,Low,0.0
45,Female,Medium,Average,17.5,175.0,3.9,7.2,10151,1334,52.0,2.4,5.2,Medium,0.7000000000000002
19,Male,High,Average,20.7,139.0,1.5,3.3,9164,1341,58.0,2.3,5.5,Low,0.9000000000000004
25,Female,Medium,Average,22.5,356.0,3.2,7.5,7605,1279,69.0,1.6,4.8,Low,0.40000000000000036
46,Male,High,Unhealthy,27.6,52.0,2.3,10.8,11000,1679,59.0,2.5,4.1,Medium,0.5999999999999996
28,Female,Low,Healthy,25.3,0.0,1.5,2.9,3220,1332,67.0,2.0,5.4,Low,0.40000000000000036
54,Male,Medium,Average,25.4,166.0,2.2,3.7,6466,1700,66.0,1.4,4.7,Low,1.0
35,Male,Medium,Healthy,20.9,89.0,2.3,6.2,10578,1252,53.0,1.3,4.1,Low,0.7000000000000002
67,Female,Low,Unhealthy,22.9,218.0,1.2,3.6,5075,1461,65.0,2.1,5.0,Low,0.7000000000000002
31,Male,Medium,Average,21.3,62.0,2.8,8.7,6489,1429,62.0,1.7,3.6,Low,1.9000000000000004
27,Male,Medium,Unhealthy,20.1,263.0,2.8,2.7,7070,1183,64.0,1.6,4.7,Low,2.2
52,Male,Medium,Unhealthy,22.6,54.0,2.2,8.7,8725,1538,58.0,2.1,3.9,Low,1.4000000000000004
26,Male,Medium,Average,25.3,52.0,2.9,9.5,9781,1893,61.0,2.8,5.1,Low,0.09999999999999964
52,Male,Medium,Healthy,22.7,292.0,2.7,8.6,10081,1473,54.0,1.1,3.2,Low,1.7000000000000002
28,Other,Medium,Average,23.7,193.0,3.5,7.1,9270,1401,64.0,2.2,3.4,Low,1.0999999999999996
61,Female,Low,Healthy,27.8,21.0,1.6,8.3,6721,1466,68.0,2.1,4.4,Low,1.0
29,Female,High,Unhealthy,23.0,57.0,2.3,4.1,15280,1592,54.0,2.1,5.2,Low,0.6999999999999993
20,Female,Medium,Healthy,19.7,144.0,3.3,7.6,7110,1427,61.0,1.3,3.4,Low,2.0
56,Male,Medium,Average,27.3,28.0,2.9,5.5,6370,1608,70.0,2.2,5.0,Low,0.0
45,Male,Medium,Healthy,26.3,162.0,1.2,8.8,5580,1789,66.0,1.7,3.1,Medium,1.2999999999999998
28,Female,High,Average,27.5,62.0,2.5,5.0,16023,1979,55.0,1.6,5.7,Low,0.1999999999999993
56,Female,High,Average,26.8,297.0,3.8,7.9,18772,2186,50.0,2.1,4.4,Low,1.0
42,Male,Medium,Healthy,25.1,46.0,2.2,8.0,8209,1703,63.0,1.3,3.8,Low,0.7000000000000002
38,Male,Low,Average,34.6,386.0,3.0,5.8,6742,1832,85.0,1.2,3.7,Medium,1.7999999999999998
27,Female,Medium,Average,19.9,167.0,2.6,7.1,8055,1071,59.0,2.1,5.4,Low,0.09999999999999964
60,Female,Medium,Unhealthy,22.7,101.0,3.0,8.3,9213,1310,57.0,1.7,4.0,Low,1.0
32,Female,Medium,Unhealthy,28.9,280.0,3.4,5.9,4835,1599,83.0,2.1,4.8,Low,0.40000000000000036
36,Male,Medium,Average,25.6,205.0,3.3,4.8,9624,1752,64.0,2.3,5.1,Low,0.5
65,Female,Medium,Average,28.0,313.0,3.2,7.6,6725,2041,77.0,2.3,5.0,Low,0.7000000000000002
39,Male,Medium,Average,25.7,0.0,2.0,10.7,9661,1850,65.0,2.0,3.9,Medium,0.40000000000000036
38,Female,Low,Average,30.5,277.0,2.4,6.6,5924,1369,82.0,2.3,4.7,Low,1.0
69,Female,Medium,Average,21.0,122.0,2.9,6.1,8609,1363,61.0,1.7,4.8,Low,0.09999999999999964
49,Male,Medium,Average,29.7,186.0,3.0,9.9,8237,2006,73.0,2.3,5.1,Low,0.1999999999999993
67,Male,High,Average,20.2,401.0,1.1,9.2,15918,1606,56.0,1.6,3.8,Low,1.0999999999999996
40,Male,Medium,Average,27.5,0.0,3.5,6.6,11746,1851,61.0,2.5,4.7,Low,0.40000000000000036
30,Male,Medium,Average,24.8,442.0,1.1,5.0,8022,1513,69.0,2.5,5.3,Low,0.7999999999999998
22,Female,High,Unhealthy,22.6,305.0,1.9,5.0,14494,1724,57.0,1.1,3.3,Low,1.0
21,Female,Medium,Healthy,17.5,222.0,2.7,4.9,4443,915,59.0,2.4,4.7,Low,0.20000000000000018
45,Male,Medium,Average,21.0,0.0,2.5,5.8,8844,1423,57.0,2.5,4.3,Low,0.9000000000000004
31,Male,Medium,Unhealthy,27.8,0.0,3.6,5.6,6437,1457,67.0,2.3,4.4,Low,0.9000000000000004
25,Male,High,Healthy,28.3,115.0,1.6,5.2,13406,2009,63.0,2.4,4.3,Low,0.5999999999999996
26,Female,Low,Unhealthy,24.2,295.0,2.2,9.8,4716,1452,76.0,1.5,3.1,High,3.4000000000000004
68,Female,Medium,Unhealthy,28.3,199.0,0.9,11.0,4767,1701,72.0,1.1,3.0,High,1.2000000000000002
52,Male,Medium,Average,28.8,286.0,2.6,4.3,8931,1777,73.0,1.3,3.5,Low,1.0
54,Male,Medium,Average,25.6,0.0,2.3,5.6,8502,1827,64.0,1.6,4.0,Low,0.5
38,Female,Medium,Unhealthy,22.1,206.0,1.5,4.6,9406,1844,65.0,1.4,4.7,Low,0.5
35,Female,Medium,Average,26.8,364.0,3.5,7.8,6723,1302,77.0,1.7,3.0,Medium,1.5
50,Male,Low,Healthy,26.9,417.0,3.4,6.2,5668,1318,80.0,1.4,4.2,Medium,0.9000000000000004
25,Female,High,Unhealthy,27.7,11.0,2.6,4.4,14914,1947,57.0,1.4,4.6,Low,0.5
68,Other,Medium,Healthy,28.5,147.0,3.4,11.1,6579,1597,68.0,1.1,2.5,Low,2.4000000000000004
66,Female,High,Average,19.6,148.0,2.4,8.2,9891,1470,54.0,2.2,4.4,Low,0.7999999999999998
34,Female,Low,Unhealthy,23.0,106.0,3.1,4.6,3187,1372,71.0,1.4,4.0,Medium,0.5
60,Male,Medium,Average,17.5,336.0,3.2,10.8,9741,1324,54.0,1.6,3.1,Medium,1.5
51,Male,Medium,Average,24.2,32.0,2.8,8.5,3708,1397,68.0,2.3,4.8,Low,0.9000000000000004
23,Male,High,Average,26.7,263.0,2.6,13.0,13000,2225,62.0,0.9,1.5,High,3.0999999999999996
31,Male,Medium,Average,30.6,247.0,1.5,6.3,11818,1989,69.0,1.9,4.0,Low,1.4000000000000004
20,Male,Medium,Average,20.2,399.0,2.9,7.4,10575,1556,63.0,1.8,4.3,Medium,1.0
29,Female,Medium,Healthy,28.1,255.0,2.3,12.6,7642,1537,69.0,2.0,3.3,Medium,1.5
53,Female,Medium,Average,25.5,0.0,1.3,10.7,8362,1692,61.0,1.1,3.0,Low,1.2999999999999998
29,Female,Low,Average,24.2,0.0,3.0,5.9,1956,1284,72.0,1.4,3.5,Medium,1.5
62,Male,Medium,Unhealthy,23.9,39.0,3.2,7.8,2746,1076,66.0,1.2,3.2,Low,1.2999999999999998
19,Female,Medium,Average,30.2,179.0,2.5,5.9,10006,1919,70.0,1.2,3.4,Low,1.9000000000000004
32,Male,Medium,Average,25.1,167.0,3.7,4.2,8362,1750,61.0,2.5,5.4,Low,0.0
40,Other,Medium,Unhealthy,19.9,0.0,1.8,9.7,6501,1281,61.0,1.5,4.9,Medium,0.0
46,Male,Medium,Average,23.5,0.0,3.9,8.3,9824,1609,59.0,2.1,3.4,Low,1.5
34,Female,High,Average,25.5,0.0,2.2,7.8,19380,2079,51.0,1.0,2.9,Low,1.7999999999999998
49,Male,Medium,Average,28.6,0.0,2.4,9.8,5021,1657,75.0,1.4,4.0,Medium,1.5
24,Female,Medium,Average,22.6,348.0,1.4,4.1,7894,1673,62.0,1.0,3.4,Low,2.3
47,Female,Medium,Healthy,22.8,159.0,1.4,6.4,6934,1560,64.0,1.6,4.4,Low,0.5
45,Female,Medium,Average,25.1,57.0,2.0,13.6,8088,1390,64.0,1.5,3.6,Medium,2.0999999999999996
31,Other,Medium,Average,28.5,0.0,3.2,8.4,7087,1683,69.0,2.0,4.9,Low,2.2
61,Male,Medium,Average,19.5,48.0,4.4,8.6,13583,1236,50.0,1.3,3.9,Low,2.0
47,Female,Medium,Healthy,27.0,291.0,4.6,7.3,7761,1958,71.0,1.1,2.9,Low,2.4000000000000004
34,Male,Low,Average,23.1,271.0,2.4,2.4,4450,1193,70.0,2.2,5.6,Low,0.20000000000000018
49,Female,Low,Average,23.7,162.0,2.2,5.0,4251,1202,67.0,1.4,3.3,Medium,1.5
63,Male,Low,Healthy,33.0,159.0,1.7,9.3,2120,2099,83.0,1.4,3.5,Low,1.4000000000000004
23,Female,Medium,Healthy,24.2,0.0,3.4,5.6,8407,1427,60.0,2.6,5.2,Low,0.5
68,Female,Low,Average,28.0,83.0,1.9,6.6,1791,1281,83.0,1.2,3.4,Medium,1.7999999999999998
41,Male,Medium,Average,27.9,283.0,2.3,7.7,11606,1990,70.0,0.9,2.8,Medium,2.5999999999999996
23,Male,Low,Average,20.3,98.0,2.9,4.6,5354,1227,64.0,2.4,5.8,Low,0.9000000000000004
44,Male,Medium,Average,17.6,443.0,2.9,3.8,6846,975,59.0,2.1,5.0,Low,0.2999999999999998
35,Female,Low,Average,28.3,380.0,2.0,7.0,3749,1632,85.0,1.7,3.9,High,1.9000000000000004
41,Male,Medium,Average,20.7,131.0,2.4,6.1,10052,1562,51.0,2.5,5.5,Low,0.5999999999999996
54,Female,High,Average,18.3,160.0,2.0,7.6,14818,1680,50.0,1.6,4.4,Low,0.9000000000000004
41,Female,Medium,Healthy,29.1,533.0,1.8,3.4,4696,1693,78.0,1.5,4.0,Medium,2.2
55,Female,Medium,Average,20.9,327.0,1.7,5.7,8336,1555,61.0,1.9,4.1,Low,1.7000000000000002
51,Female,Medium,Healthy,21.9,210.0,1.3,8.7,10170,1671,65.0,1.3,3.3,Low,3.0
57,Male,Low,Average,32.9,227.0,2.8,14.0,1000,1592,89.0,1.7,2.8,High,1.5999999999999996
64,Female,Low,Average,18.4,222.0,2.3,7.3,4206,1429,65.0,2.2,4.0,Medium,1.4000000000000004
32,Female,Low,Average,20.0,197.0,1.6,8.7,2746,1240,68.0,1.4,3.4,Medium,1.9000000000000004
